INSERT INTO Student (ID, first_name, last_name, birth_date)
VALUES (1, 'Rosalind', 'Stockman', '1981/09/13'),
       (2, 'Lizbeth', 'Filippyev', '2004/04/04'),
       (3, 'Shannen', 'Clack', '1983/05/26'),
       (4, 'Fara', null, '1987/10/27'),
       (5, 'Loree', 'Chennells', '2002/10/04'),
       (6, 'Guilbert', 'Geikie', null),
       (7, 'Whitby', 'Bracey', null),
       (8, 'Fairfax', 'Emor', '1989/09/07'),
       (9, 'Dannie', 'Rivitt', '1984/06/18'),
       (10, 'Kordula', 'Parken', '1966/07/27'),
       (11, 'Maris', 'McGragh', '1979/12/22'),
       (12, 'Erena', 'Hargie', '1987/05/13'),
       (13, 'Jilleen', 'O''Lenane', '1987/08/25'),
       (14, 'Drona', 'Saunter', '1988/05/26'),
       (15, 'Adam', 'Dick', '1989/09/07'),
       (16, 'Zsa zsa', 'Skylett', null),
       (17, 'Ericha', 'Dobell', '2000/06/11'),
       (18, 'Atlanta', 'Irvine', '1961/09/12'),
       (19, 'Chrysa', 'Whitely', '1965/03/21'),
       (20, 'Willow', null, '1981/09/23'),
       (21, 'Axel', null, null),
       (22, 'Rebecka', 'Albon', '1965/10/22'),
       (23, 'Herrick', 'Capener', '2005/01/07'),
       (24, 'Frederico', 'Koschek', '1966/02/10'),
       (25, 'Silvia', 'Divina', '1961/07/17'),
       (26, 'Lulita', 'Stonner', '1965/08/08'),
       (27, 'Becca', 'Pawlata', '1991/02/13'),
       (28, 'Gloriana', 'Baldinotti', '1990/10/20'),
       (29, 'Tomi', 'Semerad', '1978/04/11'),
       (30, 'Maggi', 'De Ferraris', '1974/03/20'),
       (31, 'Clary', 'Gorst', '1977/09/20'),
       (32, 'Silvester', 'Siely', '1961/10/23'),
       (33, 'Lauree', 'Kern', '1997/05/04'),
       (34, 'Rica', 'Mouser', '1971/06/15'),
       (35, 'Mel', 'Vickarman', '2005/10/30'),
       (36, 'Audie', 'Parcells', '1979/08/23'),
       (37, 'Susana', 'Swigg', '1971/01/27'),
       (38, 'Drud', 'Halvorsen', '1986/05/01'),
       (39, 'Carey', null, '1988/07/16'),
       (40, 'Cloris', 'Coils', '1982/01/07'),
       (41, 'Doroteya', 'Adamini', '1973/04/21'),
       (42, 'Dorella', 'Nineham', '1993/09/13'),
       (43, 'Lotte', 'Becket', '1991/05/22'),
       (44, 'Adan', 'De Mico', '1961/09/07'),
       (45, 'Ulrike', 'Figg', null),
       (46, 'Arlan', 'Longridge', '2005/07/08'),
       (47, 'Lizzie', 'Breakwell', null),
       (48, 'Wynne', null, '1990/02/24'),
       (49, 'Alistair', 'Morehall', '2003/05/07'),
       (50, 'Jill', 'Heiden', '1975/10/31'),
       (51, 'Kesley', 'Revett', '2005/02/07'),
       (52, 'Fredrick', 'Mackriell', '1988/07/01'),
       (53, 'Skippie', 'Cruden', '2005/04/13'),
       (54, 'Denny', 'Northway', '1984/06/30'),
       (55, 'Erroll', null, '1988/05/21'),
       (56, 'Dannel', 'Meeson', '1975/07/09'),
       (57, 'Aurea', 'Brisbane', '1976/02/16'),
       (58, 'Ethelind', 'Bernardini', '1978/07/29'),
       (59, 'Stace', 'Storie', '1965/09/28'),
       (60, 'Tanny', 'Muckian', '1983/09/04'),
       (61, 'Valery', 'Trevallion', null),
       (62, 'Helen', 'Searston', '1967/08/09'),
       (63, 'Alex', null, '1970/08/14'),
       (64, 'Eveleen', 'Margarson', '1976/01/09'),
       (65, 'Jessy', 'Desorts', '1984/12/16'),
       (66, 'Fredrick', 'Kewzick', '1999/05/08'),
       (67, 'Michel', 'Vogel', null),
       (68, 'Lezlie', 'Faveryear', null),
       (69, 'Cassi', 'Hexter', null),
       (70, 'Townsend', 'Pashan', '1990/04/13'),
       (71, 'Baird', 'Ethington', '1962/12/04'),
       (72, 'Eddi', 'Maywood', null),
       (73, 'Cristal', 'Niezen', '1964/08/04'),
       (74, 'Dennis', 'Bearman', '1986/12/20'),
       (75, 'Marcellina', 'Withringten', '2000/04/25'),
       (76, 'Boote', 'Basillon', '1971/07/01'),
       (77, 'Brocky', 'Killerby', '1968/08/10'),
       (78, 'Zorah', 'English', '1987/05/10'),
       (79, 'Leigh', null, '1991/03/14'),
       (80, 'Alessandro', 'Woollaston', '1968/03/18'),
       (81, 'Lynda', 'Beekmann', '1970/02/12'),
       (82, 'Ted', 'Mathwin', '1995/11/25'),
       (83, 'Jermayne', 'Reding', '2006/08/14'),
       (84, 'Wally', 'Castelijn', '2005/12/29'),
       (85, 'Ginnifer', null, null),
       (86, 'Lindie', 'Dellenbrok', '1961/04/15'),
       (87, 'Sauveur', 'Gartenfeld', '1993/03/23'),
       (88, 'Aluin', 'Stainfield', null),
       (89, 'Sheilakathryn', 'Flye', '2005/08/18'),
       (90, 'Jessica', 'Jennions', '1980/09/28'),
       (91, 'Rianon', 'Le Barre', null),
       (92, 'Francoise', 'Syseland', '1986/07/23'),
       (93, 'Kellina', 'Pucker', '1971/02/12'),
       (94, 'Pernell', 'Sellek', '1987/04/04'),
       (95, 'Jeane', 'Flowerden', '1985/06/02'),
       (96, 'Rocky', 'Restieaux', '1994/04/06'),
       (97, 'Franzen', 'Hellewell', '1975/10/19'),
       (98, 'Marybeth', 'Copley', '2003/07/22'),
       (99, 'Kirstin', 'St. Aubyn', '1969/04/22'),
       (100, 'Patric', 'Carabine', '1979/07/03'),
       (101, 'Trixie', 'McPartling', '1977/11/06'),
       (102, 'Hendrika', 'Addyman', null),
       (103, 'Lib', 'Scotchford', '1966/03/04'),
       (104, 'Stella', 'Bruhnicke', '2001/12/14'),
       (105, 'Leicester', 'Gillespey', null),
       (106, 'Klaus', 'Ricardet', '1966/02/21'),
       (107, 'Galen', 'Touson', '1977/12/01'),
       (108, 'Bertha', 'Fulker', '1981/03/30'),
       (109, 'Stanislaus', 'Gullis', null),
       (110, 'Putnem', 'Crathorne', '1961/11/26'),
       (111, 'Sascha', 'Furlow', null),
       (112, 'Vivyanne', 'McKmurrie', '1987/11/23'),
       (113, 'Jayne', 'Jeffcoate', '2000/02/10'),
       (114, 'Madelena', 'Lines', '1995/02/03'),
       (115, 'Willem', 'Passe', '2000/07/28'),
       (116, 'Fergus', 'Ivanyushin', '1992/01/06'),
       (117, 'Crysta', null, null),
       (118, 'Ardeen', 'Havers', '1998/07/31'),
       (119, 'Nellie', 'Bateman', '1981/02/07'),
       (120, 'Flinn', 'Rathmell', '1991/07/29'),
       (121, 'Nevile', 'Kyberd', '1977/11/18'),
       (122, 'Carlin', 'Delgua', '1994/11/05'),
       (123, 'Morlee', 'Pettitt', '2003/06/20'),
       (124, 'Celie', 'Iacovacci', '1973/09/30'),
       (125, 'Rozalie', 'Fridd', '1967/06/19'),
       (126, 'Doralin', 'Lancashire', null),
       (127, 'Hogan', 'Wardlaw', '2003/08/15'),
       (128, 'Lonnie', 'Pirouet', null),
       (129, 'Vince', 'Beech', null),
       (130, 'Orion', 'Peat', '1990/10/14'),
       (131, 'Pat', 'Trench', '1962/07/13'),
       (132, 'Jammal', 'Uzelli', '1982/11/21'),
       (133, 'Maddalena', 'Geggie', null),
       (134, 'Pamelina', 'Devonport', null),
       (135, 'Barris', 'Gozard', '1979/06/01'),
       (136, 'Garald', 'Spreadbury', '1996/05/25'),
       (137, 'Ranee', 'Cinderey', null),
       (138, 'Gertrude', 'Strass', '1983/05/24'),
       (139, 'Gretna', 'Medina', '1968/03/10'),
       (140, 'Jessie', 'Coombe', '1985/01/01'),
       (141, 'Dory', 'Champkins', '1992/04/19'),
       (142, 'Lynelle', 'Wapples', '1988/10/05'),
       (143, 'Donal', 'Djakovic', '1983/04/03'),
       (144, 'Winfred', 'Hamer', '1963/03/12'),
       (145, 'Alyssa', 'Pareman', '1965/04/03'),
       (146, 'Marlin', 'Connold', '1999/10/27'),
       (147, 'Calida', 'Worsall', '1996/03/02'),
       (148, 'Aggie', 'Redmell', '1977/11/23'),
       (149, 'Cherlyn', 'Wildber', '1991/05/30'),
       (150, 'Winna', 'Fennick', '1976/05/10'),
       (151, 'Milli', 'Bullier', '1986/09/09'),
       (152, 'Mercedes', 'Maillard', '1989/08/09'),
       (153, 'Karena', 'Osmar', '1997/05/05'),
       (154, 'Hollie', 'Valeri', null),
       (155, 'Averill', 'Kretschmer', '1993/05/19'),
       (156, 'Prissie', 'Winchester', '1993/10/10'),
       (157, 'Gay', 'Peirpoint', '1997/09/15'),
       (158, 'Ettore', 'Ballance', '1970/12/19'),
       (159, 'Norby', 'Crockford', '1996/04/10'),
       (160, 'Mattie', 'Kenway', '1980/06/21'),
       (161, 'Arlene', null, null),
       (162, 'Paten', 'Tetsall', '2000/01/27'),
       (163, 'Devora', 'Rangeley', '1992/04/10'),
       (164, 'Tristam', 'Lovell', '1995/09/02'),
       (165, 'Lizette', 'Wardall', '1964/10/04'),
       (166, 'Roddy', 'Batchelar', '1990/05/14'),
       (167, 'Sandi', 'Vivyan', '1964/05/10'),
       (168, 'Welsh', 'Pethybridge', '1992/05/25'),
       (169, 'Rhetta', 'Kubelka', '1972/12/06'),
       (170, 'Anne', 'Grabiec', '1987/04/19'),
       (171, 'Boothe', 'Beadell', '1975/05/28'),
       (172, 'Belva', 'Goult', '1961/01/12'),
       (173, 'Walsh', 'Benam', null),
       (174, 'Nap', 'Sheaber', '1988/05/18'),
       (175, 'Madelaine', 'Dyment', '1962/04/24'),
       (176, 'Carolyne', 'Surtees', '1989/12/20'),
       (177, 'Denny', 'Walker', '2000/09/26'),
       (178, 'Savina', 'Aubury', '1996/05/20'),
       (179, 'Megen', 'Baldocci', '1979/04/07'),
       (180, 'Bobette', 'Behnke', '1975/08/28'),
       (181, 'Orsola', 'Beer', '1996/09/04'),
       (182, 'Gifford', 'Abby', null),
       (183, 'Berty', 'Cammack', '1970/10/19'),
       (184, 'Kristofor', 'Kleewein', '1970/06/16'),
       (185, 'Erny', 'Babcock', '1998/06/20'),
       (186, 'Celestyna', 'Morden', '1988/03/08'),
       (187, 'Novelia', 'Wallas', '1962/11/22'),
       (188, 'Willy', 'Josofovitz', null),
       (189, 'Sara', 'Harston', '1966/03/26'),
       (190, 'Gabby', 'Burden', '2003/01/06'),
       (191, 'Dale', 'Bortolomei', '1996/02/16'),
       (192, 'Martie', 'Qualtrough', null),
       (193, 'Karmen', 'Whodcoat', '1979/03/09'),
       (194, 'Frederik', 'Collingdon', '1964/11/04'),
       (195, 'Kanya', 'Kitchenham', '2002/10/28'),
       (196, 'Shell', 'Sellman', '1962/07/23'),
       (197, 'Juliann', 'Pampling', null),
       (198, 'Maryjane', 'Dimock', null),
       (199, 'Lorelle', 'Bedborough', '2004/07/11'),
       (200, 'Suzie', 'Blaine', null),
       (201, 'Xymenes', 'Molineaux', '1978/03/05'),
       (202, 'Clemmie', 'Velte', '1993/11/13'),
       (203, 'Cosimo', 'Edgington', '1975/03/13'),
       (204, 'Katalin', 'Stallon', '2005/10/09'),
       (205, 'Edgardo', 'Wallen', null),
       (206, 'Annora', 'Brosini', '1976/03/10'),
       (207, 'Roi', 'Wandrach', '2004/04/15'),
       (208, 'Cash', 'Rainer', null),
       (209, 'Alan', 'Blankau', null),
       (210, 'Percy', 'Keeffe', '1986/06/14'),
       (211, 'Dian', 'Duggan', '1985/03/19'),
       (212, 'Eartha', 'Saller', null),
       (213, 'Gaye', 'Kinvan', '1979/11/28'),
       (214, 'Bobine', 'Selby', '1976/12/23'),
       (215, 'Hilario', 'Torpie', '2001/08/19'),
       (216, 'Neron', null, null),
       (217, 'Bunni', 'Demougeot', '1991/06/18'),
       (218, 'Shanta', 'Gouldie', '1969/03/22'),
       (219, 'Gamaliel', null, '2005/03/22'),
       (220, 'Byram', 'Farherty', '1989/06/09'),
       (221, 'Mickey', 'Culver', '1961/12/06'),
       (222, 'Cary', 'Ackermann', '1982/10/30'),
       (223, 'Joly', 'But', '1970/06/03'),
       (224, 'Justin', 'Stallon', '1976/05/26'),
       (225, 'Franny', 'Ubach', '1992/08/26'),
       (226, 'Hulda', 'Handes', '1995/07/17'),
       (227, 'Broddy', 'Phelipeau', null),
       (228, 'Jeanine', 'Ferebee', '2005/01/20'),
       (229, 'Gleda', 'Pooly', '1966/07/11'),
       (230, 'Siusan', 'Hainsworth', '2001/04/17'),
       (231, 'Pippa', null, '1994/12/05'),
       (232, 'Jacklyn', 'Cripps', null),
       (233, 'Bord', 'Vowells', '1984/07/09'),
       (234, 'Haily', 'Thunderchief', '1970/03/16'),
       (235, 'Barbie', 'Keeling', null),
       (236, 'Keeley', 'Possell', '1966/03/16'),
       (237, 'Gilemette', 'Dechelette', '1970/10/24'),
       (238, 'Vera', 'Cottage', null),
       (239, 'Merrill', 'Avrasin', null),
       (240, 'Janie', 'Maskelyne', '2002/03/09'),
       (241, 'Dominga', 'Sorensen', '1978/02/20'),
       (242, 'Bradney', 'Rayman', null),
       (243, 'Teri', 'De la Eglise', '1994/11/09'),
       (244, 'Terri-jo', 'Gover', null),
       (245, 'Andriette', 'Talby', '2006/04/22'),
       (246, 'Becca', 'Chalfain', '1986/05/12'),
       (247, 'Chaddie', 'Madine', '2000/04/05'),
       (248, 'Berne', 'Duligall', '1969/04/18'),
       (249, 'Dorey', 'Capel', '2002/06/20'),
       (250, 'Chanda', 'Broadwell', null),
       (251, 'Danice', 'Hurnell', null),
       (252, 'Tabby', 'Hought', null),
       (253, 'Dniren', 'Melville', '1962/12/11'),
       (254, 'Vladimir', 'Andryushchenko', '1999/12/13'),
       (255, 'Thorpe', 'Been', '1983/09/30'),
       (256, 'Brynne', 'Garwood', '2005/04/14'),
       (257, 'Karlens', null, '1994/07/22'),
       (258, 'Cece', 'Felkin', null),
       (259, 'Lotty', null, '2001/11/02'),
       (260, 'Sena', 'Kittley', '1973/02/06'),
       (261, 'Ora', 'Van Weedenburg', null),
       (262, 'Nathalia', 'Antonchik', '1997/03/02'),
       (263, 'Gage', 'Scrowby', null),
       (264, 'Hanni', 'Boyes', '1981/11/17'),
       (265, 'Janella', 'Jaulmes', '1995/03/28'),
       (266, 'Catharine', 'Fante', '2000/01/17'),
       (267, 'Cloris', 'Lunnon', '2004/07/19'),
       (268, 'Malory', 'Furniss', '1966/01/12'),
       (269, 'Stafford', 'Snasdell', '2005/05/08'),
       (270, 'Robbert', 'Marcu', '1973/10/25'),
       (271, 'Samuele', 'Symcoxe', null),
       (272, 'Leandra', 'Burgen', '1996/03/14'),
       (273, 'Baryram', 'Chillistone', '1999/05/09'),
       (274, 'Simone', 'Veltmann', '2004/12/18'),
       (275, 'Fin', 'Beeze', null),
       (276, 'Ramsay', 'Duthie', '1968/10/13'),
       (277, 'Hadria', 'MacHoste', '1977/01/29'),
       (278, 'Lilly', 'Mattea', '1973/03/14'),
       (279, 'Britt', 'Risdall', null),
       (280, 'Rem', 'Guise', '1964/05/05'),
       (281, 'Cam', 'Conti', '2002/12/13'),
       (282, 'Ewell', null, '2001/02/04'),
       (283, 'Zachariah', 'Hawes', null),
       (284, 'Katerina', 'McGebenay', '2001/01/26'),
       (285, 'Natalee', 'Van Waadenburg', '1970/01/27'),
       (286, 'Estevan', null, '1970/12/15'),
       (287, 'Averyl', 'Goodlife', '1993/01/24'),
       (288, 'Garold', null, '1996/08/01'),
       (289, 'Dante', 'Skpsey', null),
       (290, 'Estell', 'Fenich', '1973/10/03'),
       (291, 'Mellicent', 'Klich', '1988/06/04'),
       (292, 'Katya', 'Noli', null),
       (293, 'Omero', 'Bissatt', '1990/06/21'),
       (294, 'Jonis', 'Wheadon', '1972/07/02'),
       (295, 'Rene', 'Arnoldi', null),
       (296, 'Niles', 'Dreossi', '1995/02/24'),
       (297, 'Holden', 'Chadd', '2003/10/28'),
       (298, 'Riobard', 'Geeson', '1985/07/18'),
       (299, 'Odette', 'Twigley', '1985/05/12'),
       (300, 'Krystyna', 'Orridge', '1995/09/11'),
       (301, 'Emelina', null, '1970/03/12'),
       (302, 'Blinny', 'Gammon', null),
       (303, 'Abbott', 'Kenway', null),
       (304, 'Cris', 'Purchon', null),
       (305, 'Nicky', 'Rockliffe', null),
       (306, 'Vincent', 'Godsmark', '1970/01/03'),
       (307, 'Melitta', 'Gamlin', '1971/06/12'),
       (308, 'Giorgio', 'Goldsack', '1967/04/07'),
       (309, 'Sena', 'Tanner', '2004/06/28'),
       (310, 'Arlena', 'Rooksby', '1978/07/22'),
       (311, 'Galven', 'Waslin', '2003/11/07'),
       (312, 'Walker', 'Bazek', '1995/03/31'),
       (313, 'Alfi', 'Defrain', '1999/01/17'),
       (314, 'Moyra', 'Highnam', '1969/07/11'),
       (315, 'Amii', 'McColl', '1995/06/15'),
       (316, 'Whitney', 'Westfalen', null),
       (317, 'Brook', 'Serrier', '2003/01/15'),
       (318, 'Gwendolen', 'Skellern', '1961/03/08'),
       (319, 'Falkner', 'Vallentine', null),
       (320, 'Artair', 'Grivori', '1966/05/12'),
       (321, 'Mitch', null, '1965/12/30'),
       (322, 'Jeromy', 'Boreland', '1965/01/28'),
       (323, 'Hobey', null, '1996/08/02'),
       (324, 'Bax', 'Stihl', '1998/11/08'),
       (325, 'Bradan', 'Labell', null),
       (326, 'Ginnifer', null, '1982/02/01'),
       (327, 'Roland', 'Hooban', '1973/05/02'),
       (328, 'Curtice', 'Splevings', null),
       (329, 'Amata', 'Bellon', '1978/09/19'),
       (330, 'Elnore', 'Anglin', '1998/08/15'),
       (331, 'Gnni', 'Busk', '2002/11/26'),
       (332, 'Kelcey', 'Tapley', '1994/06/26'),
       (333, 'Morgan', 'Harrowing', '1984/06/06'),
       (334, 'Thomasin', null, '2005/05/31'),
       (335, 'Vi', 'Bacher', '1998/05/15'),
       (336, 'Steve', 'Ginty', null),
       (337, 'Willa', 'Francois', '1978/06/24'),
       (338, 'Bartie', 'Thoumasson', null),
       (339, 'Ailis', 'Owens', '1978/11/24'),
       (340, 'Win', 'Tidbold', null),
       (341, 'Morie', 'Kenyam', '1982/08/14'),
       (342, 'Gregoire', 'Hebborne', '1966/08/24'),
       (343, 'Helenka', 'Pepper', null),
       (344, 'Caron', 'Skoggins', '1983/09/29'),
       (345, 'Olympe', 'Guerrier', '1962/02/04'),
       (346, 'Carlie', 'Whapple', '2005/07/08'),
       (347, 'Davey', 'Codman', '2001/05/13'),
       (348, 'Lia', null, '1985/07/13'),
       (349, 'Granger', 'Gemmell', '1997/10/04'),
       (350, 'Morten', 'Cheson', null),
       (351, 'Kristina', 'Lowten', '1982/10/15'),
       (352, 'Wallache', 'Marfell', '1963/05/09'),
       (353, 'Di', 'Neal', null),
       (354, 'Rikki', 'Shera', '1983/02/28'),
       (355, 'Coralyn', 'Poulton', null),
       (356, 'Sara-ann', 'Brandon', null),
       (357, 'Nefen', 'Hovington', '1965/12/12'),
       (358, 'Mersey', 'Renner', '1980/10/06'),
       (359, 'Carlyle', 'O''Moylan', '1999/07/31'),
       (360, 'Fernando', 'Verdey', null),
       (361, 'Eustacia', 'Brentnall', '1972/11/18'),
       (362, 'Jillie', 'Radenhurst', null),
       (363, 'Gordon', 'Wiggin', '1970/04/10'),
       (364, 'Dorelle', 'Shorte', '1979/01/24'),
       (365, 'Udale', 'Hance', '1974/10/13'),
       (366, 'Winthrop', 'Woolvin', null),
       (367, 'Almire', 'Ireson', '1981/08/02'),
       (368, 'Weylin', 'Mixter', '1969/05/11'),
       (369, 'Almira', 'Duff', '1990/03/14'),
       (370, 'Woodman', 'Filshin', '1985/11/25'),
       (371, 'Doyle', 'Aughton', '1990/05/21'),
       (372, 'Jody', 'Rickford', '1970/02/18'),
       (373, 'Delcina', 'Everest', '1970/12/14'),
       (374, 'Karna', 'Bagehot', '1989/01/11'),
       (375, 'Regine', 'Leeburne', null),
       (376, 'Clarissa', 'Pieters', '1978/08/30'),
       (377, 'Heather', 'Brenston', null),
       (378, 'Jaquelyn', 'Skalls', null),
       (379, 'Niko', 'Ortler', '1989/09/14'),
       (380, 'Kora', 'Cregg', '1970/12/29'),
       (381, 'Dela', 'Scarman', '1967/08/13'),
       (382, 'Zena', 'Hens', '1983/01/29'),
       (383, 'Lemmy', 'Giacomini', '1964/06/29'),
       (384, 'Morie', 'Pringour', '1989/03/27'),
       (385, 'Thacher', 'Delany', '1984/09/28'),
       (386, 'Joyce', 'Delea', '1992/11/30'),
       (387, 'Elisha', 'Pittendreigh', null),
       (388, 'Rozalie', 'Nowill', null),
       (389, 'Bordie', 'Lishmund', '1984/07/07'),
       (390, 'Adel', 'Golby', '1994/03/22'),
       (391, 'Marcos', 'Rountree', '1963/08/01'),
       (392, 'Dodie', 'Petrillo', '1966/11/09'),
       (393, 'Jameson', 'Goomes', null),
       (394, 'Vaughn', 'Lynam', '1977/10/30'),
       (395, 'Shelton', 'Jovis', '1971/04/03'),
       (396, 'Fabien', 'Bullcock', '2001/09/23'),
       (397, 'Brien', null, '1995/11/03'),
       (398, 'Yuma', 'Fossett', '2006/04/24'),
       (399, 'Kellia', 'Gauvain', '1966/12/29'),
       (400, 'Delila', 'Lace', '1973/10/01'),
       (401, 'Marieann', 'Winch', null),
       (402, 'Arly', 'Brandel', '1963/11/22'),
       (403, 'Hurlee', 'Whalley', '2003/01/21'),
       (404, 'Ambur', 'Morston', '1965/12/31'),
       (405, 'Piper', 'Le Breton', null),
       (406, 'Julieta', 'McAvinchey', '1990/05/22'),
       (407, 'Vincents', 'Marikhin', '1984/06/18'),
       (408, 'Davin', 'Bugbee', '2006/08/13'),
       (409, 'Agathe', 'Tripcony', '1999/08/08'),
       (410, 'Denni', 'Vousden', '1990/12/13'),
       (411, 'Layla', 'Giacomoni', null),
       (412, 'Bobina', 'Dalyiel', '1977/07/28'),
       (413, 'Paulie', 'Steagall', '2000/01/02'),
       (414, 'Cassius', 'Blakeway', '1975/07/01'),
       (415, 'Brnaby', 'Beretta', '1986/06/19'),
       (416, 'Orel', 'Coppen', '1997/06/06'),
       (417, 'Dore', 'Lissenden', null),
       (418, 'Kristan', 'Bacher', null),
       (419, 'Nedi', null, '1971/01/05'),
       (420, 'Fredra', 'Izzat', '1994/03/31'),
       (421, 'Jorie', 'Brunet', '1977/01/25'),
       (422, 'Cass', 'Tacon', '1994/10/09'),
       (423, 'Ellwood', 'Phinnessy', null),
       (424, 'Adham', 'Babcock', '1989/02/08'),
       (425, 'Murial', 'Comi', '1990/09/11'),
       (426, 'Cletus', 'Harcase', '1971/04/15'),
       (427, 'Grethel', 'Deeble', '1987/06/08'),
       (428, 'Tanney', 'Agirre', '1997/04/02'),
       (429, 'Niccolo', 'Baxstar', '1999/07/14'),
       (430, 'Wade', 'Pylkynyton', '1964/03/30'),
       (431, 'Gerhardt', 'Lindenbaum', '1980/09/04'),
       (432, 'Sammie', 'Mathews', '1979/08/02'),
       (433, 'Edin', 'Steinham', '1969/05/24'),
       (434, 'Laurena', 'Collingworth', '1966/09/07'),
       (435, 'Betteanne', null, '2003/07/27'),
       (436, 'Marika', 'Noirel', '1961/07/01'),
       (437, 'Christoper', 'De Meis', null),
       (438, 'Valaree', 'Heikkinen', null),
       (439, 'Correna', 'Djurdjevic', '2004/08/09'),
       (440, 'Iona', 'Skrines', '1962/05/10'),
       (441, 'Yvette', 'Slograve', '1977/06/06'),
       (442, 'Amble', 'Feldbrin', '1986/08/24'),
       (443, 'Bowie', 'Dufer', null),
       (444, 'Grier', 'Gorries', '1974/12/27'),
       (445, 'Erik', 'Tomson', '2001/12/09'),
       (446, 'Ulises', 'Glasper', null),
       (447, 'Grace', 'Penfold', '1973/07/30'),
       (448, 'Angus', 'Woolis', '1984/06/30'),
       (449, 'Kendre', 'Beedom', null),
       (450, 'Bailie', 'Henri', '1980/06/12'),
       (451, 'Emylee', 'Brickner', '1967/12/07'),
       (452, 'Seward', 'Heine', '1976/02/05'),
       (453, 'Lion', 'Sturror', '2001/07/08'),
       (454, 'Duffy', 'Eves', '1962/05/06'),
       (455, 'Claude', 'Josilowski', '1965/01/09'),
       (456, 'Elroy', 'Martinho', '2001/04/04'),
       (457, 'Charmaine', 'Scourgie', '1981/04/01'),
       (458, 'Sonni', 'Fairleigh', null),
       (459, 'D''arcy', 'Siccombe', '2004/11/27'),
       (460, 'Charlton', 'McClintock', null),
       (461, 'Isobel', 'Delleschi', '1960/11/11'),
       (462, 'Coraline', 'Divill', '1968/09/07'),
       (463, 'Gerik', 'Humble', '1963/11/24'),
       (464, 'Sky', 'Pendock', '1960/12/26'),
       (465, 'Welch', 'Arndt', null),
       (466, 'Gipsy', null, '1964/02/18'),
       (467, 'Biron', 'Bernadon', '1977/05/22'),
       (468, 'Grant', 'Simson', '1980/02/19'),
       (469, 'Tallou', 'Du Fray', '1999/10/19'),
       (470, 'Darlene', 'Harewood', '1970/08/23'),
       (471, 'Sasha', 'Gerhardt', '1969/09/25'),
       (472, 'Briggs', 'Nesbit', '1963/01/22'),
       (473, 'Ginnie', 'Choulerton', '1986/12/19'),
       (474, 'Brendin', 'Balthasar', '1971/10/06'),
       (475, 'Corbet', 'Duffyn', '1975/04/19'),
       (476, 'Lester', 'Fairbrother', null),
       (477, 'Wes', 'Betton', '1982/12/10'),
       (478, 'Issie', 'Chelley', '1975/02/10'),
       (479, 'Della', 'Furneaux', '1997/11/02'),
       (480, 'Ina', 'Massard', '1980/11/29'),
       (481, 'Mikael', 'Butterworth', '1985/05/03'),
       (482, 'Gabriel', null, '1972/12/14'),
       (483, 'Raine', 'Gligoraci', '1967/04/30'),
       (484, 'Bernetta', 'Farndale', '1987/03/06'),
       (485, 'Rochette', 'Leate', '1992/01/24'),
       (486, 'Ashley', 'Tresvina', '1968/02/11'),
       (487, 'Oby', 'Look', '2002/02/25'),
       (488, 'Kaylyn', 'Heditch', '2005/10/12'),
       (489, 'Kellie', 'Momery', '1970/11/13'),
       (490, 'Renell', 'Braybrooke', null),
       (491, 'Bertrand', 'Eaglen', '1961/04/04'),
       (492, 'Gennie', 'Urling', '1974/10/16'),
       (493, 'Jeane', 'Anger', '1989/01/31'),
       (494, 'Dennison', 'Cartmail', '1974/08/09'),
       (495, 'Dode', 'Kildale', '1997/10/27'),
       (496, 'Faydra', 'Dashkov', null),
       (497, 'Adolph', 'Biesty', '1965/01/19'),
       (498, 'Yulma', 'Aleksandrev', '1997/02/25'),
       (499, 'Meara', 'Di Filippo', null),
       (500, 'Sisile', 'Fulep', null),
       (501, 'Cati', 'Bartalini', '2003/12/21'),
       (502, 'Billy', 'Sigert', null),
       (503, 'Delilah', 'Antonio', null),
       (504, 'Morse', 'Kervin', '2004/11/23'),
       (505, 'Ring', 'Gaudon', '2002/08/15'),
       (506, 'Verla', 'Messager', '1960/11/26'),
       (507, 'Asa', 'Mountfort', '1977/10/11'),
       (508, 'Tibold', 'Barhems', '1982/09/16'),
       (509, 'Martynne', 'Dollard', '1972/05/11'),
       (510, 'Karrah', 'Moncarr', '1991/12/07'),
       (511, 'Kale', 'Affuso', '1990/03/24'),
       (512, 'Ximenes', 'Youngman', null),
       (513, 'Margarita', 'Yellowley', '1977/09/08'),
       (514, 'Marcos', 'Tollerfield', '1992/11/12'),
       (515, 'Ann-marie', 'Lackeye', null),
       (516, 'Alica', 'Lombardo', '2004/02/01'),
       (517, 'Janos', 'Beckley', null),
       (518, 'Lilly', 'Bollen', '1970/06/12'),
       (519, 'Major', 'Fludgate', '1962/03/21'),
       (520, 'Basilius', 'Swains', null),
       (521, 'Sansone', 'Chiplin', '1965/01/09'),
       (522, 'Berne', 'August', '1976/11/30'),
       (523, 'Nikolos', 'Pay', null),
       (524, 'Ysabel', 'Domnick', '1963/03/26'),
       (525, 'Gates', 'Boakes', '1965/03/18'),
       (526, 'Martie', 'Blackaller', '1992/02/25'),
       (527, 'Carol', 'Newburn', '1976/07/12'),
       (528, 'Royal', null, '1972/02/19'),
       (529, 'Bail', 'Chessman', '1997/01/03'),
       (530, 'Lexy', 'Vaudin', '1982/04/30'),
       (531, 'Elroy', 'Semor', '1986/08/02'),
       (532, 'Davida', 'Sayburn', '1990/06/17'),
       (533, 'Allyn', 'Bunclark', '1988/12/03'),
       (534, 'Linn', 'Matley', '1978/09/28'),
       (535, 'Elie', 'Inkles', '1993/02/12'),
       (536, 'Kristofor', 'Prattington', '1967/09/09'),
       (537, 'Kristen', 'Rodnight', '1966/01/05'),
       (538, 'Thorndike', 'Ipgrave', '1968/04/28'),
       (539, 'Lou', 'Sheals', null),
       (540, 'Randene', 'Clemencon', '1999/02/06'),
       (541, 'Danya', 'Wonter', '1968/12/14'),
       (542, 'Lorne', 'Hellwich', '1998/10/23'),
       (543, 'Kenton', 'Vannucci', '1995/02/03'),
       (544, 'Peg', 'Milkin', '1976/11/26'),
       (545, 'Darleen', 'Stockdale', '1992/03/18'),
       (546, 'Enrika', null, '1984/08/22'),
       (547, 'Putnem', null, '1963/03/27'),
       (548, 'Corina', 'Pruckner', '1990/09/23'),
       (549, 'Denver', 'Schroter', null),
       (550, 'Benn', 'Springall', '1970/04/02'),
       (551, 'Lon', 'Bedrosian', null),
       (552, 'Marabel', 'Piff', '1982/01/26'),
       (553, 'Harriot', 'Baggallay', '2005/02/02'),
       (554, 'Lizette', 'Kensitt', '1976/12/07'),
       (555, 'Dorey', 'Marwood', '1970/07/22'),
       (556, 'Aubert', 'Sempill', '1975/09/16'),
       (557, 'Kriste', 'Glassman', null),
       (558, 'Ilise', 'Carnson', '1962/12/31'),
       (559, 'Lawry', 'Juorio', '1987/02/03'),
       (560, 'Jed', 'Gerriessen', '1986/03/05'),
       (561, 'Rees', 'Schapiro', '2005/12/18'),
       (562, 'Rivalee', null, null),
       (563, 'Feliks', 'Joll', '1971/08/03'),
       (564, 'Garvin', 'Abrahamsson', '1968/04/19'),
       (565, 'Ryann', 'Drage', '1968/09/30'),
       (566, 'Abbott', 'Caunce', '1961/12/02'),
       (567, 'Annecorinne', 'Timperley', '1969/06/17'),
       (568, 'Gan', 'Clemson', '1991/08/08'),
       (569, 'Wernher', 'Birkinshaw', '1967/04/18'),
       (570, 'Drusie', null, '1994/07/26'),
       (571, 'Cloe', 'Balasin', null),
       (572, 'Lavena', 'Fulcher', '1984/10/20'),
       (573, 'Kale', 'Haylor', '2001/09/27'),
       (574, 'Elicia', 'Werndley', '1982/05/14'),
       (575, 'Courtney', 'MacGragh', '1966/04/29'),
       (576, 'Natalya', 'Waple', '2004/09/30'),
       (577, 'Prissie', 'Gimblett', '1983/03/31'),
       (578, 'Mellisent', 'Longworth', '2003/05/18'),
       (579, 'Sarajane', 'Hickisson', '1971/12/11'),
       (580, 'Lowrance', 'Playden', '2002/03/23'),
       (581, 'Midge', 'Milham', null),
       (582, 'Barret', 'Meeks', '1988/06/30'),
       (583, 'Heida', 'Borres', '1982/06/07'),
       (584, 'Milli', 'Iacopo', '1977/05/13'),
       (585, 'Anabel', 'Velten', '1992/10/26'),
       (586, 'Christian', 'Boldt', '1994/07/26'),
       (587, 'Markus', 'Grimley', '1999/12/01'),
       (588, 'Jessie', 'Pleaden', null),
       (589, 'Anett', 'Blaver', '1964/07/26'),
       (590, 'Alyce', 'Grizard', '1976/07/18'),
       (591, 'Ilene', null, '1987/09/26'),
       (592, 'Hermann', 'Immings', '1976/11/25'),
       (593, 'Drusilla', 'Byres', '1989/08/17'),
       (594, 'Janot', 'Argo', null),
       (595, 'Barnard', 'Dripps', '1963/11/11'),
       (596, 'Berti', 'Kembry', '1961/09/07'),
       (597, 'Etienne', 'de Wilde', '1975/11/16'),
       (598, 'Cathy', 'Heisham', '1986/04/18'),
       (599, 'Wilfrid', 'Munro', '1988/01/06'),
       (600, 'Celia', 'Kemetz', '1966/10/09'),
       (601, 'Fulton', 'McCourt', '1993/12/25'),
       (602, 'Myrta', 'Capsey', null),
       (603, 'Zollie', null, null),
       (604, 'Scarface', null, '1995/12/30'),
       (605, 'Hall', null, '1988/10/31'),
       (606, 'Francis', null, '1963/08/30'),
       (607, 'Gianna', 'Thomsson', null),
       (608, 'Algernon', 'Thompsett', '1967/07/13'),
       (609, 'Andy', null, null),
       (610, 'Johannes', 'Threadgould', null),
       (611, 'Cornie', 'Warrington', null),
       (612, 'Blythe', 'MacKereth', '1994/10/27'),
       (613, 'Amaleta', null, null),
       (614, 'Anallese', null, '1986/06/04'),
       (615, 'Wanda', 'Grevile', '1963/04/16'),
       (616, 'Kathy', 'Seebert', null),
       (617, 'Ann', 'Weyman', null),
       (618, 'Dael', 'Andretti', '1979/06/03'),
       (619, 'Carmela', 'Stegell', '1967/12/19'),
       (620, 'Cal', 'Toll', null),
       (621, 'Cirstoforo', 'Loines', '1976/01/21'),
       (622, 'Jillane', 'Murrey', '1965/07/10'),
       (623, 'Sophi', 'Rothman', '1964/05/03'),
       (624, 'Woodrow', 'Hovington', '1966/05/26'),
       (625, 'Betteann', 'Whardley', '1964/05/25'),
       (626, 'Kittie', 'Edelston', null),
       (627, 'Borg', 'Tomlett', '2001/09/27'),
       (628, 'Stormy', 'Sallowaye', '1962/04/20'),
       (629, 'Deborah', null, '1976/03/22'),
       (630, 'Essa', 'Ibell', null),
       (631, 'Skell', 'Trevallion', '1963/12/31'),
       (632, 'Candice', 'Wheelband', '1967/06/30'),
       (633, 'Carleton', 'Money', '1987/04/12'),
       (634, 'Selina', 'Kroon', '1974/04/30'),
       (635, 'Gabriel', 'Cradock', null),
       (636, 'Eleanor', 'Kinlock', '1965/04/06'),
       (637, 'Elyse', 'Harower', '1984/03/23'),
       (638, 'Rodina', 'Kernar', '1984/03/06'),
       (639, 'Lynnea', 'Bibbie', '1977/01/01'),
       (640, 'Carissa', 'Gerber', '1969/09/09'),
       (641, 'Arvy', 'Dilland', '2003/02/24'),
       (642, 'Ulla', 'Krahl', '1962/03/09'),
       (643, 'Westbrooke', 'Hallwell', '1993/02/09'),
       (644, 'Tamarra', 'Jimes', null),
       (645, 'Giacinta', 'Wagg', '1962/10/25'),
       (646, 'Devonne', 'Rubenchik', null),
       (647, 'Douglass', 'Cloy', '1988/11/12'),
       (648, 'Rickie', 'Glave', '1974/12/30'),
       (649, 'Salomi', 'Bonavia', null),
       (650, 'Goober', 'Willcocks', null),
       (651, 'Kevon', 'Woolbrook', '1981/11/19'),
       (652, 'Jeannine', 'Simonato', '1976/07/07'),
       (653, 'Reuven', 'Skottle', '2000/10/23'),
       (654, 'Kim', 'Stein', '1985/01/07'),
       (655, 'Benedict', null, '2000/06/12'),
       (656, 'Paxon', 'Ledeker', '1982/08/13'),
       (657, 'Dud', 'Houston', '1978/04/05'),
       (658, 'Mariam', 'Oslar', '1982/07/14'),
       (659, 'Bee', 'Beals', '1983/11/09'),
       (660, 'Orv', 'Desquesnes', '1965/12/13'),
       (661, 'Nathaniel', 'Oxbie', '1965/08/14'),
       (662, 'Jany', 'Fowlston', '2003/05/24'),
       (663, 'Robinia', 'Schimon', '1998/11/30'),
       (664, 'Cherye', 'Daw', '1970/06/19'),
       (665, 'Chloette', 'Olford', '1973/10/11'),
       (666, 'Dunc', 'Heijne', '1961/11/26'),
       (667, 'Charline', 'McCome', '1981/02/19'),
       (668, 'Alyosha', 'Desvignes', '1961/02/09'),
       (669, 'Rozalin', 'Seers', '1987/06/29'),
       (670, 'Hedvige', 'Sherborn', null),
       (671, 'Brittni', 'Spiring', '2004/01/10'),
       (672, 'Ciro', 'Held', '1993/11/27'),
       (673, 'Davina', 'Schofield', '1989/10/15'),
       (674, 'Kelvin', 'McNeillie', '2002/09/26'),
       (675, 'Lorrayne', 'Colhoun', null),
       (676, 'Kariotta', 'Epine', '1982/09/19'),
       (677, 'Christophorus', 'Van Der Weedenburg', '1998/03/27'),
       (678, 'Marylin', 'Al Hirsi', '1988/11/10'),
       (679, 'Chester', 'Tinston', '1965/04/07'),
       (680, 'Mala', 'Smaling', null),
       (681, 'Ailis', 'Blomefield', '2004/08/12'),
       (682, 'Katie', 'Ferrea', null),
       (683, 'Denny', 'Gerhts', '1975/03/28'),
       (684, 'Ricardo', 'Hencke', '1966/07/30'),
       (685, 'Vikki', 'Herity', '1980/01/05'),
       (686, 'Wendell', 'Zambon', null),
       (687, 'Templeton', 'Digwood', '2004/08/09'),
       (688, 'Nan', 'Taveriner', '1967/06/22'),
       (689, 'Aristotle', 'Carsey', null),
       (690, 'Felike', 'McLenaghan', '1998/03/19'),
       (691, 'Tobiah', 'Middlehurst', '1968/08/18'),
       (692, 'Jennica', 'Harfoot', '1965/08/04'),
       (693, 'Jewelle', 'Farraway', '2006/01/08'),
       (694, 'Ogdan', 'Muldoon', '1975/12/24'),
       (695, 'Gare', 'Kielt', '2006/10/05'),
       (696, 'Lewes', 'Nottingam', '1978/09/08'),
       (697, 'Brander', 'Lambarton', '1982/03/02'),
       (698, 'Kimberly', 'Bobasch', '1972/04/23'),
       (699, 'Amara', 'Costelloe', '1988/08/22'),
       (700, 'Mariya', 'Stockbridge', '1993/04/10'),
       (701, 'Vanya', 'Hymans', '1974/09/08'),
       (702, 'Ileana', 'Spurrier', '1997/01/08'),
       (703, 'Emmerich', 'Sharpus', '1967/08/13'),
       (704, 'Marti', 'Klesl', '1975/01/28'),
       (705, 'Charin', 'Drydale', '1975/03/25'),
       (706, 'Lynsey', 'Silvermann', '1994/08/21'),
       (707, 'Marya', 'Kollas', '2004/03/29'),
       (708, 'Maiga', 'Thrasher', '2001/02/09'),
       (709, 'Meryl', 'Doag', '1965/03/29'),
       (710, 'Lillian', 'Berrey', '1993/09/17'),
       (711, 'Mycah', 'Delaprelle', null),
       (712, 'Ches', 'Laye', '1989/04/04'),
       (713, 'Hussein', 'Curd', '1968/11/26'),
       (714, 'Euell', 'Corp', '1992/08/19'),
       (715, 'Neill', 'Avramovsky', '1969/10/29'),
       (716, 'Johanna', 'Welland', '1969/11/11'),
       (717, 'Rube', 'Eglin', null),
       (718, 'Tommi', 'Hulstrom', '1996/09/16'),
       (719, 'Rae', 'Chatel', '1972/10/26'),
       (720, 'Helge', 'Durtnell', '1968/04/30'),
       (721, 'Concettina', 'Sergean', '1968/03/20'),
       (722, 'Mikel', 'Scryne', '1973/01/12'),
       (723, 'Lissie', 'Hallowes', '1986/12/13'),
       (724, 'Stacee', 'Matejovsky', null),
       (725, 'Loree', 'Gouch', '1976/02/17'),
       (726, 'Iorgo', 'Sowter', null),
       (727, 'Shellysheldon', 'Casbourne', '1965/11/13'),
       (728, 'Madge', 'Rupert', '2005/12/20'),
       (729, 'April', 'Mc Combe', '1989/07/01'),
       (730, 'Cynthie', 'Addy', '1987/08/09'),
       (731, 'Joelie', 'O''Leahy', '1993/06/05'),
       (732, 'Kristel', 'MacKellen', '1988/08/06'),
       (733, 'Dehlia', 'Chadwen', null),
       (734, 'Nikolai', 'Hyder', null),
       (735, 'Freedman', 'Kief', '1994/03/02'),
       (736, 'Helli', 'Dalling', null),
       (737, 'Henka', 'Joice', '1994/10/10'),
       (738, 'Ermentrude', 'Wildman', '1975/05/30'),
       (739, 'Humberto', 'Lacrouts', '1984/11/07'),
       (740, 'Roarke', 'O''Halligan', '1964/02/27'),
       (741, 'Corly', 'Standingford', '1978/12/24'),
       (742, 'Dredi', 'Roddick', '1974/04/23'),
       (743, 'Dulce', 'Crunden', '1975/12/04'),
       (744, 'Timothea', 'Wooddisse', null),
       (745, 'Jammie', 'Buttwell', null),
       (746, 'Doy', 'Challice', '2004/01/06'),
       (747, 'Evey', 'Antoniades', '1982/05/17'),
       (748, 'Pandora', 'Innett', '1990/06/30'),
       (749, 'Maxy', 'Noller', '2005/12/01'),
       (750, 'Jefferey', 'Casado', '2002/07/12'),
       (751, 'Flin', 'Barrell', '1992/04/01'),
       (752, 'Letty', 'Drewry', '1988/09/24'),
       (753, 'Terrel', 'Eddow', '1966/12/31'),
       (754, 'Ammamaria', 'Witling', '1992/10/24'),
       (755, 'Zack', 'Vinall', '1978/06/16'),
       (756, 'Sella', 'Troughton', '1968/02/03'),
       (757, 'Lief', 'McCurt', '1983/03/04'),
       (758, 'Roland', 'Durban', null),
       (759, 'Wilhelmine', 'MacPhaden', '1978/04/25'),
       (760, 'Milly', 'Dwyer', '1984/06/17'),
       (761, 'Freddie', 'Andriesse', '1980/08/03'),
       (762, 'Farly', 'Doblin', '1997/11/09'),
       (763, 'Julia', 'Dellar', '1991/12/07'),
       (764, 'Becky', 'Plaid', '1994/12/20'),
       (765, 'Kaylyn', 'Pitney', '1975/08/11'),
       (766, 'Raddie', 'Blackaller', null),
       (767, 'Charmaine', 'Quin', null),
       (768, 'Kikelia', 'McVeigh', '1999/02/04'),
       (769, 'Urbanus', 'Heffy', '1964/02/13'),
       (770, 'Poppy', 'McPhelimy', '2002/08/10'),
       (771, 'Alisun', 'Dinesen', null),
       (772, 'Aeriel', 'Cornthwaite', '1983/12/03'),
       (773, 'Sande', 'Fawdrey', '2000/08/06'),
       (774, 'Zachary', 'Hollyer', '1984/07/19'),
       (775, 'Lissa', 'Van Der Vlies', '1987/11/03'),
       (776, 'Eddie', 'Lowres', '1993/06/10'),
       (777, 'Cordula', 'Digman', '1983/08/10'),
       (778, 'Florry', 'Rickeard', null),
       (779, 'Rafaellle', 'Penniell', '2006/05/16'),
       (780, 'Fanny', 'Huster', '1998/03/11'),
       (781, 'Tracey', 'Aykroyd', '1972/04/12'),
       (782, 'Wainwright', 'Anglim', '1968/05/18'),
       (783, 'Donovan', 'Stubbe', '1968/02/14'),
       (784, 'Kore', 'Wortt', '1967/02/19'),
       (785, 'Ryon', 'Derisly', '2001/01/31'),
       (786, 'Orel', 'Lorkin', '1976/08/06'),
       (787, 'Jillane', 'Iremonger', '1997/03/28'),
       (788, 'Lorant', 'Aldus', '1977/10/16'),
       (789, 'Murdoch', 'Spragge', null),
       (790, 'Regan', 'Pittem', '1973/11/21'),
       (791, 'Ches', 'Colnett', '1987/04/27'),
       (792, 'Ruthann', 'Runcie', '1993/05/24'),
       (793, 'Jeromy', 'Rizzone', null),
       (794, 'Didi', 'Deschelle', null),
       (795, 'Kelsey', 'Benzing', null),
       (796, 'Claresta', 'Briton', '1998/03/10'),
       (797, 'Alexander', 'Marchington', '2001/12/18'),
       (798, 'Reg', 'Chagg', '1970/06/16'),
       (799, 'Karoly', 'Mawford', null),
       (800, 'Arly', 'Baldick', '2002/10/19'),
       (801, 'Ulick', 'Streatley', '1991/11/15'),
       (802, 'Wilbur', 'Blankley', null),
       (803, 'Madelina', 'Yeskov', '2004/04/05'),
       (804, 'Sherilyn', 'Duffield', '1977/12/21'),
       (805, 'Hugh', 'Probart', '1996/01/19'),
       (806, 'Merrel', 'Aronin', '1992/05/28'),
       (807, 'Jolee', 'McGeoch', null),
       (808, 'Farrell', 'Mapes', '1969/10/02'),
       (809, 'Ly', 'Luckin', '1983/08/25'),
       (810, 'Tobe', 'Barfitt', '1987/09/21'),
       (811, 'Fidelity', 'Ismay', '1970/07/10'),
       (812, 'Fonz', 'Moorey', null),
       (813, 'Kimmie', 'Potell', '2005/01/11'),
       (814, 'Sullivan', 'Dederich', '1980/10/08'),
       (815, 'Lorenza', 'Harrington', '1967/12/01'),
       (816, 'Nancie', 'Burgoyne', '2005/08/31'),
       (817, 'Lela', 'Sainer', '1966/07/21'),
       (818, 'Ninon', null, '1964/10/04'),
       (819, 'Ellynn', 'Kivelhan', '1965/03/20'),
       (820, 'Eli', 'Adamowitz', '1990/12/09'),
       (821, 'Janek', 'McGarva', null),
       (822, 'Nikaniki', 'Bosnell', '1965/08/14'),
       (823, 'Tracie', 'Masselin', '1992/01/16'),
       (824, 'Shantee', 'Alger', null),
       (825, 'Tamar', 'Renvoys', '1998/10/01'),
       (826, 'Hallie', 'Doddemeade', '1986/08/25'),
       (827, 'Kylie', 'Dorkins', '1979/03/07'),
       (828, 'Gavrielle', 'Lilly', '1970/07/26'),
       (829, 'Roshelle', 'Pidgen', '1995/12/19'),
       (830, 'Hertha', 'Spragge', '1994/07/05'),
       (831, 'Kordula', 'Danes', '2002/11/13'),
       (832, 'Lorene', 'Donaldson', '1994/03/23'),
       (833, 'Misti', 'Gallegos', null),
       (834, 'Fiorenze', 'Acarson', '1969/05/21'),
       (835, 'Sheelagh', 'Miners', null),
       (836, 'Willis', 'Wilber', '1993/06/24'),
       (837, 'Stuart', 'Pattrick', '1964/12/01'),
       (838, 'Grove', 'Kealey', '1999/02/06'),
       (839, 'Trey', 'Alford', null),
       (840, 'Edgar', 'Colter', null),
       (841, 'Delphinia', 'Dillway', '1971/10/16'),
       (842, 'Maxine', 'Pink', '1974/12/03'),
       (843, 'Tyler', 'Kingerby', '1981/02/07'),
       (844, 'Michaela', 'Kinnen', '1989/06/18'),
       (845, 'Cleon', 'MacGall', '1988/07/02'),
       (846, 'Alejoa', 'Witcombe', '2005/10/06'),
       (847, 'Marlo', 'Fearfull', '1998/01/12'),
       (848, 'Kit', 'Slidders', null),
       (849, 'Rennie', 'McLeese', '1984/12/01'),
       (850, 'Lira', 'Battyll', '1977/12/29'),
       (851, 'Hanan', 'Casali', '1978/11/16'),
       (852, 'Jacynth', 'Jemmett', '1991/11/21'),
       (853, 'Ophelia', 'Pasquale', '1966/11/27'),
       (854, 'Doretta', 'Rabbe', '1981/09/06'),
       (855, 'Austin', 'O''Noulane', '1986/05/26'),
       (856, 'Daune', 'Binstead', '1961/04/28'),
       (857, 'Farica', 'Graben', '1994/01/30'),
       (858, 'Dimitri', null, '1986/07/10'),
       (859, 'Marcellina', 'Stockill', '1976/08/02'),
       (860, 'Kip', 'Christopherson', null),
       (861, 'Pierre', 'Jest', '1985/12/03'),
       (862, 'Misti', 'Neilands', '1992/10/05'),
       (863, 'Matty', 'Paik', '1969/07/27'),
       (864, 'Laurie', 'Lorrimer', '1985/03/22'),
       (865, 'Vic', 'Moscon', '1994/10/24'),
       (866, 'Sibyl', 'Blanning', '1985/07/01'),
       (867, 'Ola', 'Jerzycowski', '1964/12/07'),
       (868, 'Ronny', 'Muat', '1978/10/28'),
       (869, 'Lela', 'Lawrie', '1986/10/01'),
       (870, 'Lindie', 'Galletly', '1963/10/08'),
       (871, 'Desi', 'Nussgen', '1968/05/12'),
       (872, 'Ambur', 'Vivyan', null),
       (873, 'Gabbie', 'Zorn', null),
       (874, 'Golda', 'Gidley', '1980/02/10'),
       (875, 'Corbett', 'Gladwell', '1989/06/17'),
       (876, 'Andrus', 'Menendez', '1983/10/08'),
       (877, 'Maisey', 'Feenan', '1991/04/12'),
       (878, 'Katrina', 'Habble', '2001/02/16'),
       (879, 'Jaquith', 'Humbey', null),
       (880, 'Ysabel', 'Curgenven', '1981/07/22'),
       (881, 'Evania', 'Ridout', '1989/02/02'),
       (882, 'Helene', 'Burley', '1994/04/06'),
       (883, 'Rollie', 'Blumson', '1975/03/21'),
       (884, 'Malia', 'Haglinton', '1976/07/13'),
       (885, 'Merry', 'Byrd', '2004/09/29'),
       (886, 'Bibi', 'Delatour', '1993/10/11'),
       (887, 'Rodi', 'McFadyen', '1975/06/29'),
       (888, 'Giovanna', 'Gammill', '1986/12/08'),
       (889, 'Hunt', 'Lowrance', '1992/06/10'),
       (890, 'Kile', 'Slowley', '1973/09/13'),
       (891, 'Kimberli', 'Delyth', '1998/06/21'),
       (892, 'Carree', 'Seeley', null),
       (893, 'Micky', 'Scandred', null),
       (894, 'Blakeley', 'Woodruff', '1971/06/23'),
       (895, 'Filmer', 'Coulman', '1986/02/26'),
       (896, 'Desiree', 'Coker', '1969/10/10'),
       (897, 'Brenden', 'Smedmore', '2005/04/15'),
       (898, 'Emlynne', 'Huckle', '1995/02/15'),
       (899, 'Zechariah', 'Massei', '1999/02/26'),
       (900, 'Rosene', null, '2005/01/22'),
       (901, 'Ximenes', 'Durtnell', '2003/07/16'),
       (902, 'Valenka', 'Rigbye', '1967/01/22'),
       (903, 'Teddi', 'Doubrava', '1982/05/07'),
       (904, 'Jeannie', 'Tousey', null),
       (905, 'Emmaline', 'Rabat', '1989/03/18'),
       (906, 'Emilia', 'Hinrichs', null),
       (907, 'Bonnee', 'Lathey', '1964/02/01'),
       (908, 'Ddene', 'Cundey', null),
       (909, 'Stephana', 'Gurley', '1963/08/18'),
       (910, 'Marylou', 'Piscot', '2001/12/03'),
       (911, 'Cchaddie', 'Woodham', null),
       (912, 'Chaim', 'Jordanson', null),
       (913, 'Ebeneser', 'Lillo', '1986/03/01'),
       (914, 'Alysa', 'Hartegan', '1961/08/16'),
       (915, 'Courtney', 'Ellery', '1973/10/05'),
       (916, 'Karlik', 'Begent', '1972/03/29'),
       (917, 'Tabbi', 'Dumper', null),
       (918, 'Olivia', 'Youll', '1964/12/23'),
       (919, 'Egbert', 'Willoughway', '1966/08/17'),
       (920, 'Chicky', 'Laidler', '1967/06/19'),
       (921, 'Susanne', 'Worgan', '1988/06/27'),
       (922, 'Veronica', null, null),
       (923, 'Nara', 'Kinkead', '1967/05/21'),
       (924, 'Carlita', 'Ainslie', '1999/05/18'),
       (925, 'Rich', 'Donahue', '1996/01/18'),
       (926, 'Therese', 'Pounds', null),
       (927, 'Jeannette', 'Hynam', null),
       (928, 'Rhoda', 'Jeannard', '1966/01/10'),
       (929, 'Nicolas', 'Leefe', '2003/06/29'),
       (930, 'Marne', 'Bowfin', null),
       (931, 'Bevin', 'Lowater', '1987/03/08'),
       (932, 'Aloise', 'Bampton', null),
       (933, 'Karla', 'Blackler', null),
       (934, 'Sunshine', 'Phlippi', '2000/03/08'),
       (935, 'Lynda', 'Cork', '2003/12/21'),
       (936, 'Blair', 'Cattermull', '1970/04/28'),
       (937, 'Shannah', 'Aldin', '1962/04/02'),
       (938, 'Rudd', 'Scapelhorn', '2003/03/05'),
       (939, 'Cary', 'Danilishin', '1968/11/25'),
       (940, 'Lolly', 'Manuele', '2002/05/12'),
       (941, 'Mariam', 'Grinin', '1986/07/31'),
       (942, 'Charlot', null, '1978/04/07'),
       (943, 'Tamqrah', 'Gilbane', '1984/11/19'),
       (944, 'Gipsy', 'Ebbers', '2004/10/12'),
       (945, 'Christal', 'Felmingham', '2006/05/17'),
       (946, 'Rolph', 'Lusgdin', '1975/04/28'),
       (947, 'Clevie', 'Crilly', '1980/02/12'),
       (948, 'Bobbee', null, '2001/07/13'),
       (949, 'Rycca', 'Osan', '1985/08/27'),
       (950, 'Richart', 'Skillington', null),
       (951, 'Gayleen', 'Bucknell', '1985/12/05'),
       (952, 'Beniamino', 'Ferreres', '1990/12/01'),
       (953, 'Nick', 'Roskeilly', '1986/08/18'),
       (954, 'Warden', 'Stolting', '1965/04/22'),
       (955, 'Nobe', 'Mottinelli', '1961/11/11'),
       (956, 'Wilek', 'Wattam', '1979/04/09'),
       (957, 'Margot', 'Saby', '1967/10/07'),
       (958, 'Maitilde', 'Dykes', '1994/04/21'),
       (959, 'Daveen', 'Cruickshank', '1971/08/18'),
       (960, 'Cal', 'Izzat', null),
       (961, 'Wilmar', 'Taylo', '2006/07/30'),
       (962, 'Virgie', 'Chapling', '1984/01/08'),
       (963, 'Gaylene', 'Whitten', '2003/10/03'),
       (964, 'Lonnie', 'Searles', '1962/08/31'),
       (965, 'Georgina', 'Maharey', '1997/07/21'),
       (966, 'George', 'Shapiro', '1981/11/23'),
       (967, 'Retha', 'Rosenkranc', '1961/08/20'),
       (968, 'Samson', 'Bausor', null),
       (969, 'Merwyn', 'Karpeev', '2003/12/16'),
       (970, 'Corrine', 'La Croce', '2006/02/09'),
       (971, 'Ellary', 'Tiplady', '1961/10/15'),
       (972, 'Sybyl', 'Matthensen', '1994/12/07'),
       (973, 'Bridie', 'Ocheltree', '1966/01/01'),
       (974, 'Ranice', 'Ruler', '1984/09/23'),
       (975, 'Ulric', 'Goldhawk', '1992/09/19'),
       (976, 'Jordon', 'Reynault', '1986/09/20'),
       (977, 'Dell', 'Dullingham', null),
       (978, 'Ronny', 'Parkhouse', '1996/01/16'),
       (979, 'Lionello', 'Ogers', '1991/05/07'),
       (980, 'Birdie', 'Pellew', '1975/07/04'),
       (981, 'Dewitt', 'Oylett', '2006/07/24'),
       (982, 'Jere', 'Inchbald', '1969/02/01'),
       (983, 'Tann', 'Briamo', '2005/03/02'),
       (984, 'Colin', 'Seckom', '1982/09/12'),
       (985, 'Venita', 'Copestick', '2001/07/02'),
       (986, 'Gordan', 'Keates', '1991/11/23'),
       (987, 'Rodger', 'Cardinale', null),
       (988, 'Dorey', 'Axcel', '1985/10/10'),
       (989, 'Carlie', 'Baccus', '1963/06/13'),
       (990, 'Rem', 'Trimnell', '2002/07/30'),
       (991, 'Matti', 'Halcro', '1970/01/17'),
       (992, 'Selby', 'Redhole', '1995/02/04'),
       (993, 'Dwain', 'de Vaen', '1966/09/01'),
       (994, 'Aubert', 'Burril', '1984/07/08'),
       (995, 'Olivia', 'Boatwright', null),
       (996, 'Farica', 'Podmore', '2000/06/12'),
       (997, 'Mara', 'Toomey', null),
       (998, 'Eric', 'Duddin', '2004/08/13'),
       (999, 'Mannie', 'Vedekhov', null),
       (1000, 'Jenilee', 'Hail', '1976/02/02');

INSERT INTO Student_Phone_Number(student_ID, phone_number)
VALUES (453, '2695007688'),
       (988, '7588719754'),
       (730, '4377537428'),
       (977, '9963043081'),
       (377, '3166065474'),
       (148, '1213918981'),
       (764, '6433215373'),
       (822, '6201488367'),
       (950, '8085763707'),
       (587, '0813411990'),
       (733, '9331366968'),
       (306, '5462935955'),
       (68, '7415312252'),
       (487, '9177392249'),
       (756, '3979615205'),
       (906, '7480072455'),
       (579, '8740762649'),
       (460, '4336313715'),
       (808, '6174614563'),
       (213, '0497277944'),
       (692, '7285614311'),
       (624, '9807546300'),
       (476, '1337521901'),
       (718, '9199312702'),
       (282, '8857977335'),
       (510, '8039273778'),
       (161, '5702391500'),
       (465, '6490979546'),
       (46, '5499395289'),
       (510, '5070711559'),
       (539, '6100964692'),
       (384, '2766105225'),
       (636, '9896948108'),
       (391, '0758968972'),
       (8, '2838741085'),
       (807, '8448417015'),
       (353, '1148378114'),
       (271, '7873822252'),
       (300, '7450989878'),
       (801, '2188861036'),
       (351, '5461522188'),
       (419, '5641807277'),
       (818, '8009306751'),
       (830, '2911161494'),
       (722, '6655050272'),
       (557, '2762706971'),
       (659, '9091299062'),
       (177, '1719027340'),
       (270, '3076628894'),
       (99, '8322520749'),
       (825, '6430082298'),
       (87, '4705361202'),
       (424, '6143286169'),
       (283, '6718075609'),
       (208, '8244283262'),
       (708, '0541954817'),
       (343, '8595021070'),
       (571, '1519548547'),
       (143, '8459153033'),
       (648, '4560298042'),
       (982, '0621264502'),
       (432, '3191828446'),
       (292, '9000026496'),
       (276, '9073839091'),
       (773, '0311594178'),
       (956, '3601401434'),
       (253, '4578547939'),
       (300, '7845655502'),
       (385, '0679388990'),
       (112, '0522507466'),
       (924, '6890703805'),
       (427, '9031707136'),
       (51, '2924606159'),
       (132, '3498913228'),
       (63, '5042193640'),
       (395, '4531668937'),
       (358, '7136089538'),
       (219, '9249366350'),
       (300, '4146358725'),
       (517, '8821581841'),
       (818, '4005119592'),
       (346, '8176236076'),
       (232, '1128890754'),
       (624, '8570436976'),
       (330, '8369070149'),
       (413, '0646033002'),
       (589, '4601629158'),
       (333, '5376103301'),
       (136, '6594521066'),
       (668, '7335418664'),
       (783, '7500141860'),
       (736, '7679889178'),
       (739, '3005533309'),
       (965, '5600164340'),
       (600, '5962891160'),
       (619, '5552275576'),
       (681, '5657875822'),
       (883, '4966703121'),
       (377, '9295316168'),
       (862, '3998451168'),
       (767, '4452393290'),
       (552, '0454564444'),
       (283, '5947083510'),
       (525, '7834469758'),
       (509, '6210572240'),
       (540, '3259710176'),
       (208, '3479309171'),
       (901, '9599802827'),
       (496, '8693759870'),
       (220, '0865556150'),
       (874, '1510440849'),
       (55, '6349448495'),
       (503, '8218573616'),
       (805, '6748056893'),
       (217, '3170384496'),
       (185, '4008012764'),
       (593, '1528975103'),
       (508, '6881889365'),
       (987, '2087516314'),
       (2, '9619350367'),
       (916, '4443711560'),
       (570, '9896973178'),
       (651, '2580144128'),
       (142, '9806921454'),
       (90, '5770207090'),
       (853, '8003669230'),
       (957, '7543847171'),
       (662, '8920122092'),
       (728, '9137963189'),
       (599, '6184024275'),
       (214, '9769580100'),
       (958, '1968476952'),
       (58, '9557579106'),
       (386, '0881461147'),
       (254, '4558796690'),
       (427, '6764120299'),
       (121, '4058282063'),
       (807, '5620001186'),
       (413, '1083465977'),
       (657, '8981930236'),
       (747, '8885785753'),
       (165, '4660711918'),
       (803, '1406464168'),
       (748, '3906286130'),
       (118, '1235571568'),
       (330, '5862843958'),
       (401, '5037976369'),
       (447, '8749030040'),
       (678, '0761900799'),
       (84, '6054957213'),
       (953, '3791184730'),
       (508, '5482297535'),
       (961, '7521811823'),
       (994, '3947331462'),
       (101, '9432441939'),
       (9, '7963614349'),
       (543, '5383795548'),
       (309, '5872386498'),
       (974, '5774144963'),
       (630, '9372378868'),
       (275, '9053158518'),
       (398, '0548958165'),
       (595, '0295082353'),
       (374, '8363920320'),
       (764, '6178227408'),
       (675, '8615728543'),
       (63, '0255827410'),
       (499, '8637633985'),
       (714, '1951405921'),
       (794, '3944630084'),
       (377, '4434588807'),
       (722, '2683416484'),
       (539, '3801242399'),
       (358, '1956490679'),
       (153, '6545728064'),
       (371, '7282541311'),
       (718, '1347337818'),
       (541, '7047415575'),
       (312, '8403087048'),
       (427, '7577785394'),
       (133, '5751548440'),
       (553, '2520556274'),
       (721, '6606625751'),
       (712, '0029267336'),
       (7, '5803977505'),
       (82, '6637311622'),
       (845, '9388945173'),
       (146, '0414100040'),
       (253, '2312108280'),
       (221, '1582813437'),
       (603, '8315615444'),
       (833, '4084935879'),
       (633, '6116372742'),
       (222, '1557522728'),
       (610, '1311488881'),
       (211, '3456841933'),
       (374, '1975891286'),
       (972, '3736825468'),
       (239, '9435465268'),
       (55, '1622708188'),
       (622, '9441194187'),
       (974, '9611806955'),
       (352, '1775905827'),
       (924, '4185686330'),
       (331, '2585775108'),
       (288, '8357971048'),
       (331, '4335110758'),
       (955, '1610775482'),
       (5, '6904655537'),
       (833, '5907755776'),
       (657, '6548084669'),
       (542, '0038587422'),
       (244, '9695372457'),
       (962, '2426740085'),
       (132, '2695080146'),
       (327, '3886899265'),
       (479, '2513072986'),
       (321, '1994055364'),
       (696, '5044153314'),
       (977, '7099667383'),
       (215, '2060925947'),
       (343, '5732814636'),
       (720, '4037369776'),
       (114, '7967280875'),
       (357, '8564626068'),
       (107, '4130402434'),
       (260, '3429890553'),
       (187, '0013393048'),
       (713, '5982321201'),
       (463, '8740638645'),
       (913, '6094547841'),
       (137, '2428228103'),
       (30, '6570176997'),
       (614, '7206609902'),
       (738, '4484706154'),
       (54, '3546708466'),
       (837, '1642657079'),
       (660, '3877342564'),
       (467, '3174352133'),
       (148, '7501313573'),
       (834, '3250201337'),
       (412, '9956989552'),
       (448, '4679749648'),
       (942, '0663608686'),
       (185, '5568652352'),
       (269, '5280173968'),
       (347, '0396161953'),
       (185, '5413127781'),
       (53, '7233403171'),
       (957, '8760340611'),
       (220, '2110921609'),
       (9, '8322617295'),
       (449, '8381342250'),
       (284, '5605374122'),
       (268, '9036384665'),
       (171, '8749804274'),
       (327, '6209200151'),
       (300, '1324165423'),
       (701, '0230855203'),
       (716, '4567428178'),
       (833, '1121161339'),
       (395, '4948723510'),
       (143, '6129586554'),
       (652, '9338808276'),
       (284, '1941008786'),
       (35, '6993412627'),
       (244, '9234769252'),
       (776, '8394119808'),
       (635, '4633976631'),
       (935, '6848343687'),
       (976, '9744301567'),
       (83, '2757737166'),
       (635, '8575810205'),
       (138, '7057687925'),
       (600, '2173847730'),
       (636, '4808865345'),
       (707, '0780281607'),
       (109, '9779155779'),
       (401, '7107160785'),
       (11, '4113551118'),
       (76, '2683158554'),
       (14, '8733731792'),
       (93, '7603155341'),
       (798, '9554036085'),
       (846, '8102626740'),
       (629, '0205815471'),
       (403, '3870380667'),
       (438, '9201204119'),
       (923, '1323142800'),
       (312, '6667727991'),
       (684, '6499976685'),
       (814, '2947611578'),
       (629, '0068058503'),
       (303, '6340975184'),
       (259, '9826702515'),
       (594, '4131596323'),
       (745, '5038135065'),
       (182, '3292222670'),
       (658, '3136161375'),
       (239, '2911680730'),
       (592, '5886807122'),
       (884, '0143559872'),
       (121, '1509490842'),
       (718, '2713786486'),
       (53, '8100640342'),
       (216, '1479248306'),
       (723, '5760659393'),
       (176, '2942921432'),
       (167, '3951435753'),
       (435, '3777248362'),
       (696, '8840666464'),
       (992, '5308158349'),
       (426, '5404773754'),
       (133, '6670869972'),
       (404, '1322575617'),
       (182, '6104698853'),
       (262, '4713147570'),
       (743, '5012739225'),
       (912, '0775447520'),
       (731, '2439804908'),
       (136, '5491986054'),
       (891, '6691236200'),
       (983, '2667903094'),
       (798, '9294608839'),
       (644, '6178724998'),
       (591, '6518749034'),
       (154, '4552562220'),
       (851, '7647974382'),
       (888, '3472177658'),
       (113, '2105924661'),
       (452, '6556580997'),
       (585, '1903368945'),
       (596, '0185429058'),
       (962, '9640067270'),
       (599, '4300722533'),
       (562, '4442781653'),
       (671, '0842024028'),
       (127, '7045584101'),
       (57, '6006953580'),
       (499, '6561861658'),
       (129, '2045324377'),
       (166, '3361742609'),
       (61, '9905476502'),
       (834, '9400690932'),
       (477, '2307660361'),
       (914, '1405264436'),
       (703, '7503754460'),
       (406, '9892598660'),
       (384, '4710706978'),
       (804, '1500502644'),
       (770, '6900246697'),
       (377, '3003858244'),
       (656, '5305204780'),
       (201, '0754407984'),
       (620, '0700960505'),
       (307, '9519802910'),
       (435, '6334108359'),
       (799, '3061039999'),
       (123, '3692937819'),
       (987, '8617293710'),
       (507, '7905679122'),
       (639, '9966434336'),
       (222, '9882472031'),
       (709, '0030900889'),
       (244, '5639294202'),
       (954, '4912064709'),
       (446, '5733026159'),
       (956, '0961245530'),
       (86, '6631314279'),
       (358, '6568031978'),
       (405, '8177257289'),
       (779, '8759173499'),
       (45, '1668517993'),
       (308, '2209789482'),
       (483, '9794562455'),
       (173, '1482875799'),
       (720, '8894808625'),
       (669, '2245195639'),
       (628, '3502088935'),
       (758, '7392797859'),
       (748, '5539035132'),
       (319, '0236395230'),
       (746, '2382519418'),
       (850, '4427019946'),
       (797, '3091221969'),
       (247, '7379613534'),
       (675, '2563757866'),
       (929, '6296314433'),
       (195, '0582083942'),
       (902, '4307315613'),
       (344, '3578726300'),
       (941, '9697192480'),
       (23, '6571151523'),
       (363, '6711189335'),
       (391, '7046236594'),
       (972, '1771504416'),
       (364, '0953134991'),
       (910, '5649815817'),
       (827, '7003821977'),
       (521, '4017865855'),
       (570, '1138478741'),
       (77, '5698916956'),
       (824, '8214909277'),
       (686, '5231063845'),
       (108, '9196405846'),
       (299, '1212324579'),
       (939, '5900667218'),
       (983, '6961265577'),
       (703, '5394604027'),
       (803, '7212733764'),
       (989, '2461027071'),
       (286, '6377935313'),
       (643, '5546381550'),
       (525, '7632916398'),
       (632, '6230922902'),
       (819, '1146697695'),
       (673, '4994212342'),
       (788, '2519508595'),
       (329, '7655241515'),
       (189, '9773071043'),
       (594, '5661326031'),
       (201, '1512970258'),
       (181, '1272608582'),
       (357, '4781824205'),
       (243, '9461654094'),
       (386, '6557386060'),
       (353, '2797170920'),
       (48, '8979390931'),
       (200, '8286009419'),
       (138, '1832633039'),
       (290, '3049083595'),
       (556, '2711245834'),
       (277, '1232825077'),
       (658, '1392675884'),
       (289, '5679312355'),
       (324, '9746881938'),
       (705, '4277125202'),
       (173, '8659845831'),
       (880, '2299416541'),
       (398, '1436423330'),
       (398, '7152444631'),
       (51, '4463845685'),
       (664, '7159407375'),
       (855, '9789804625'),
       (65, '0323969643'),
       (472, '1476447412'),
       (827, '2587450925'),
       (699, '3546757569'),
       (507, '0763331598'),
       (257, '3640239949'),
       (521, '8840548412'),
       (294, '9218460257'),
       (448, '7868884166'),
       (81, '0353776418'),
       (491, '7489955183'),
       (581, '4726594302'),
       (879, '2218422129'),
       (887, '9900440237'),
       (997, '3709354272'),
       (515, '1085787946'),
       (181, '6897794306'),
       (92, '7277790973'),
       (814, '3521861662'),
       (928, '6907687773'),
       (693, '2609683448'),
       (517, '6014062339'),
       (833, '4706362612'),
       (778, '4930685424'),
       (254, '4455457943'),
       (309, '7446462607'),
       (449, '4356836891'),
       (720, '5502836512'),
       (223, '2461647271'),
       (400, '3182591048'),
       (662, '8101712704'),
       (361, '0009466000'),
       (860, '2817762428'),
       (491, '3207965458'),
       (92, '6914958881'),
       (252, '2275115461'),
       (16, '2780969554'),
       (208, '0342619509'),
       (305, '5020091367'),
       (524, '0027904850'),
       (962, '4714904672'),
       (915, '0373369355'),
       (347, '9904959258'),
       (478, '7941130032'),
       (718, '1954490006'),
       (229, '1339170049'),
       (403, '6972109653'),
       (73, '7504288525'),
       (505, '6963945861'),
       (39, '0621229419'),
       (358, '6999994649'),
       (537, '1877811799'),
       (41, '9280452705'),
       (666, '8682243288'),
       (660, '4789479299'),
       (642, '5058481038'),
       (852, '9638936180'),
       (310, '6856292971'),
       (132, '5824275454'),
       (953, '2302563555'),
       (374, '3339501993'),
       (361, '5808295458'),
       (167, '9499189753'),
       (924, '3525984802'),
       (760, '8350450701'),
       (575, '3533921511'),
       (711, '1780996448'),
       (474, '7998971298'),
       (510, '1489455561'),
       (732, '6974313894'),
       (958, '7887442505'),
       (846, '8045174201'),
       (596, '9072093937'),
       (710, '2667501067'),
       (397, '8062208218'),
       (838, '4983102204'),
       (879, '5953518060'),
       (542, '2858934862'),
       (603, '5722571246'),
       (545, '7481520527'),
       (441, '0884364482'),
       (306, '6368099807'),
       (361, '1807645329'),
       (267, '8655841822'),
       (30, '5396201603'),
       (204, '7093054789'),
       (528, '1540966573'),
       (278, '4487607825'),
       (808, '8304606296'),
       (802, '1685292401'),
       (272, '3411873287'),
       (608, '8464092598'),
       (849, '7026329065'),
       (374, '2251810426'),
       (153, '8085948319'),
       (140, '6412471868'),
       (209, '5101107093'),
       (406, '1465869825'),
       (681, '0517308811'),
       (378, '6994316211'),
       (804, '4803927386'),
       (641, '2207585130'),
       (554, '0454702667'),
       (105, '1011419876'),
       (404, '6804300753'),
       (681, '2303848040'),
       (358, '8262825195'),
       (863, '2466770347'),
       (886, '8009420190'),
       (294, '1672993434'),
       (952, '4529155652'),
       (967, '6513797890'),
       (948, '2030652190'),
       (329, '5379168858'),
       (930, '1811559977'),
       (684, '5497489486'),
       (11, '3695649478'),
       (906, '3220825721'),
       (848, '0375594084'),
       (774, '4380306618'),
       (320, '2025274243'),
       (763, '4443003610'),
       (121, '3626761280'),
       (947, '4044103982'),
       (717, '1233642234'),
       (246, '6901496148'),
       (184, '1113501911'),
       (350, '5424302746'),
       (728, '4650629533'),
       (287, '1330541005'),
       (300, '3814893164'),
       (8, '7823686158'),
       (471, '8997876934'),
       (874, '0532071068'),
       (814, '2647826150'),
       (189, '9983820630'),
       (479, '2381549149'),
       (987, '7494631089'),
       (685, '3766388447'),
       (248, '9986026701'),
       (139, '8564547804'),
       (602, '1050231406'),
       (71, '2389308550'),
       (953, '3162436156'),
       (72, '8798930240'),
       (325, '1035542256'),
       (581, '9127683660'),
       (158, '5289596183'),
       (133, '1025882614'),
       (753, '9262483186'),
       (944, '6370483718'),
       (578, '6254435169'),
       (403, '6044798191'),
       (752, '6103766332'),
       (289, '0541665600'),
       (669, '6917733535'),
       (446, '3564092324'),
       (762, '4916003471'),
       (157, '3534525232'),
       (668, '8265379744'),
       (492, '6845070875'),
       (564, '0337674649'),
       (256, '0043258148'),
       (683, '3027755290'),
       (275, '2826744533'),
       (559, '3625811236'),
       (40, '3107241499'),
       (408, '2055999772'),
       (561, '0936050486'),
       (698, '4194049117'),
       (299, '1948175210'),
       (10, '8562598569'),
       (810, '7689367898'),
       (658, '0529927364'),
       (176, '0929332888'),
       (777, '4205336227'),
       (454, '7779313542'),
       (554, '7010138045'),
       (599, '7546613159'),
       (92, '8121097136'),
       (282, '2850795300'),
       (614, '2951907244'),
       (987, '7338335908'),
       (774, '2024721929'),
       (527, '4588406585'),
       (30, '8140855097'),
       (969, '1521495179'),
       (327, '7055608105'),
       (334, '4820294901'),
       (28, '6543845861'),
       (653, '5825419345'),
       (654, '6562005581'),
       (577, '0548373941'),
       (525, '6347242692'),
       (375, '2780178359'),
       (71, '7746119484'),
       (239, '1657898552'),
       (289, '6742037295'),
       (345, '6508524640'),
       (932, '6137787996'),
       (715, '7883112681'),
       (964, '6303620384'),
       (543, '4033769206'),
       (421, '7417150054'),
       (789, '1208231758'),
       (240, '7356873511'),
       (399, '8049753610'),
       (74, '4193041105'),
       (345, '0663074752'),
       (489, '2382618510'),
       (227, '4003737160'),
       (744, '9183952229'),
       (939, '9057687046'),
       (339, '1041126778'),
       (927, '5153456054'),
       (136, '8665341748'),
       (521, '4756947304'),
       (940, '3555104265'),
       (926, '4889632560'),
       (268, '0228265518'),
       (245, '8527298798'),
       (681, '1985730946'),
       (470, '5523088208'),
       (762, '9451854326'),
       (220, '0457961463'),
       (91, '1844798929'),
       (131, '1390531902'),
       (670, '2619896267'),
       (663, '0426755398'),
       (138, '4356393375'),
       (780, '6499659206'),
       (825, '8714868580'),
       (645, '8184705642'),
       (614, '2920085008'),
       (409, '2555964064'),
       (748, '6690912675'),
       (352, '1294031901'),
       (885, '8638899162'),
       (40, '1517001818'),
       (88, '2182181633'),
       (883, '7492439614'),
       (468, '5172197226'),
       (804, '6254746146'),
       (70, '3699693728'),
       (228, '1505035559'),
       (239, '4735670204'),
       (803, '1896352281'),
       (987, '7236819722'),
       (167, '6004553783'),
       (318, '3802361440'),
       (115, '8777084177'),
       (730, '6043225975'),
       (497, '2546286629'),
       (490, '7950706333'),
       (131, '3371527429'),
       (580, '3213233368'),
       (14, '7352426418'),
       (464, '4392292424'),
       (698, '7712382053'),
       (910, '9438338547'),
       (209, '0985503101'),
       (685, '9445236738'),
       (331, '8095532244'),
       (130, '2852632355'),
       (884, '9420231298'),
       (129, '6222514301'),
       (662, '7969008794'),
       (582, '0458167451'),
       (316, '7036859024'),
       (376, '8461628772'),
       (216, '5808840026'),
       (847, '2555097333'),
       (518, '1588156196'),
       (962, '2540463489'),
       (375, '9224031935'),
       (290, '2145315031'),
       (717, '1967845114'),
       (707, '9510522881'),
       (930, '7857950354'),
       (284, '9088241506'),
       (791, '4088525673'),
       (309, '6482078113'),
       (473, '7604378412'),
       (757, '8328198301'),
       (217, '2180679175'),
       (83, '6768760301'),
       (878, '7220513025'),
       (858, '8095831533'),
       (161, '7768918229'),
       (951, '6370040808'),
       (283, '7857212887'),
       (636, '5178952909'),
       (851, '4552294072'),
       (555, '0708870295'),
       (788, '3429687160'),
       (614, '0666515467'),
       (483, '3519514834'),
       (100, '8774092290'),
       (886, '5963834546'),
       (386, '6919708153'),
       (295, '5359305519'),
       (675, '3813627417'),
       (421, '6227612610'),
       (239, '3222258180'),
       (99, '5810427080'),
       (218, '2727196016'),
       (853, '3625501282'),
       (971, '4111630161'),
       (624, '3287342287'),
       (975, '8905820912'),
       (55, '7930691553'),
       (419, '8353478045'),
       (895, '2928930120'),
       (640, '7530271872'),
       (415, '2150997414'),
       (932, '3914482187'),
       (532, '6667269912'),
       (274, '9733216026'),
       (314, '7231283930'),
       (163, '8678218011'),
       (832, '1089847487'),
       (239, '0234589157'),
       (534, '0258286007'),
       (726, '2739282690'),
       (894, '5513280685'),
       (36, '9664268488'),
       (578, '0048341387'),
       (810, '4104524048'),
       (444, '4166346632'),
       (76, '5923519149'),
       (10, '8865424430'),
       (853, '6630109490'),
       (617, '1837352014'),
       (968, '0949856892'),
       (453, '8733592462'),
       (607, '2303183827'),
       (80, '3880029020'),
       (700, '3216139776'),
       (298, '8509938086'),
       (640, '1125026666'),
       (637, '0638659642'),
       (437, '1927473717'),
       (851, '6715902231'),
       (811, '0204638376'),
       (58, '6411161647'),
       (247, '5062974742'),
       (148, '8867684976'),
       (546, '7653771981'),
       (983, '1140962588'),
       (839, '1710371134'),
       (164, '7112847671'),
       (540, '7656173248'),
       (646, '7271386154'),
       (687, '6919415130'),
       (68, '5289942101'),
       (501, '1856163636'),
       (923, '3840523438'),
       (546, '5306280379'),
       (69, '1999817311'),
       (572, '4219663548'),
       (354, '9108923399'),
       (88, '3020831264'),
       (912, '9734257873'),
       (62, '7189644085'),
       (965, '1479012553'),
       (860, '2693956010'),
       (438, '6807466047'),
       (887, '3418499610'),
       (800, '2274237354'),
       (81, '3370592859'),
       (489, '9196350831'),
       (914, '1537020398'),
       (152, '7744895555'),
       (917, '9843983282'),
       (614, '1627590791'),
       (815, '2391008814'),
       (625, '8076871472'),
       (949, '1952860561'),
       (726, '9475919615'),
       (143, '8436998221'),
       (560, '5501336380'),
       (63, '8312726675'),
       (766, '5683867042'),
       (981, '5228569396'),
       (444, '8192516880'),
       (796, '7567082172'),
       (442, '1409004938'),
       (635, '1150111500'),
       (626, '4141572421'),
       (767, '5704497593'),
       (31, '3357648034'),
       (768, '7302290503'),
       (653, '8224144577'),
       (519, '8532933460'),
       (618, '9825649477'),
       (40, '7650124842'),
       (833, '1481403528'),
       (544, '2742652247'),
       (480, '2062384651'),
       (8, '8532053629'),
       (545, '6273093058'),
       (339, '8157777663'),
       (997, '8836473168'),
       (176, '1516565954'),
       (209, '1021916832'),
       (962, '7873511859'),
       (599, '3816232801'),
       (992, '1679103759'),
       (761, '6318075235'),
       (204, '3338686220'),
       (843, '3715660054'),
       (3, '5725835013'),
       (449, '7881526571'),
       (517, '3923063308'),
       (88, '1486340610'),
       (812, '1283600546'),
       (304, '3962180600'),
       (64, '0690758354'),
       (758, '9135033884'),
       (589, '9987067729'),
       (970, '6026567837'),
       (957, '2617277038'),
       (637, '4574219317'),
       (92, '2142084276'),
       (999, '7338232471'),
       (372, '5291106463'),
       (660, '8600411726'),
       (135, '9529611416'),
       (286, '2720583806'),
       (753, '6513120674'),
       (717, '6318775023'),
       (595, '8567076896'),
       (39, '8892635763'),
       (458, '3202855841'),
       (835, '2203577324'),
       (844, '3285394128'),
       (604, '0779714537'),
       (915, '0587698730'),
       (859, '8049598274'),
       (102, '8902763483'),
       (455, '1192145479'),
       (285, '3699236552'),
       (91, '5052744298'),
       (250, '0353384797'),
       (558, '4852554901'),
       (374, '1687638170'),
       (55, '4161044240'),
       (711, '7107358415'),
       (774, '1247389681'),
       (522, '3711988437'),
       (282, '8122200563'),
       (804, '4093712969'),
       (219, '0029316771'),
       (845, '7695748384'),
       (318, '8509332667'),
       (666, '8301713239'),
       (965, '2880138670'),
       (860, '6438879421'),
       (782, '8672129372'),
       (869, '4046684301'),
       (473, '4812631585'),
       (957, '4381815079'),
       (935, '8516431438'),
       (369, '4344629741'),
       (851, '9484564219'),
       (547, '6985733265'),
       (387, '6091578428'),
       (26, '8319295379'),
       (318, '4163100587'),
       (813, '6007931762'),
       (991, '6553471845'),
       (632, '4433811232'),
       (337, '8154257157'),
       (418, '9223627865'),
       (758, '6039946667'),
       (524, '3310076122'),
       (430, '9682233402'),
       (215, '8282163819'),
       (408, '4103168976'),
       (880, '2896245887'),
       (944, '5018965975'),
       (607, '2238080891'),
       (404, '1812961326'),
       (865, '7945311164'),
       (330, '0641375892'),
       (390, '0228669591'),
       (311, '0763827111'),
       (901, '8677441656'),
       (354, '5293241886'),
       (372, '9609622783'),
       (625, '0999124670'),
       (104, '7807422284'),
       (76, '9069353824'),
       (987, '6749301774'),
       (163, '8395951038'),
       (441, '4571843280'),
       (780, '5470246924'),
       (691, '8784858667'),
       (142, '8396969056'),
       (995, '0524381787'),
       (378, '4508876785'),
       (5, '6006394385'),
       (603, '5314082691'),
       (922, '3014642996'),
       (491, '5260673926'),
       (953, '6573571535'),
       (271, '7742134510'),
       (646, '4977446619'),
       (158, '4020569763'),
       (332, '9877904374'),
       (195, '7613789810'),
       (928, '4059609728'),
       (954, '2814739638'),
       (687, '4523227448'),
       (136, '1196722705'),
       (202, '1173922784'),
       (689, '4230498822'),
       (234, '2444332550'),
       (146, '9792861973'),
       (527, '4173390682'),
       (906, '4604097586'),
       (341, '6532883072'),
       (586, '8881104757'),
       (787, '3434367493'),
       (77, '2712420953'),
       (295, '4212998909'),
       (819, '8867254510'),
       (393, '5339027284'),
       (631, '4711387230'),
       (858, '8422957009'),
       (435, '9473731116'),
       (153, '3833076854'),
       (166, '6347770209'),
       (920, '6353013957'),
       (171, '5604183842'),
       (148, '9071896005'),
       (8, '9264400692'),
       (45, '4961983310'),
       (293, '9073625352'),
       (917, '4760383064'),
       (288, '3622339468'),
       (715, '8913088563'),
       (638, '7917308120'),
       (564, '9326456476'),
       (87, '5712526992'),
       (408, '5740350826'),
       (988, '7127843217'),
       (522, '5309216930'),
       (243, '1848694734'),
       (127, '2944283990'),
       (393, '9053734350'),
       (786, '9276942956'),
       (159, '1778044276'),
       (379, '4373517320'),
       (115, '3230699927'),
       (515, '9569837310');

INSERT INTO Student_Email (student_ID, email)
VALUES (13, 'gmacfarlane0@i2i.jp'),
       (427, 'wcummins1@upenn.edu'),
       (573, 'iblatherwick2@github.io'),
       (45, 'fcurrier3@wordpress.com'),
       (105, 'cgaskell4@bravesites.com'),
       (322, 'bwarde5@wikispaces.com'),
       (849, 'mantonio6@purevolume.com'),
       (394, 'mmacanellye7@foxnews.com'),
       (53, 'dbunhill8@bloglovin.com'),
       (101, 'tbazley9@amazon.co.uk'),
       (437, 'tewebanka@narod.ru'),
       (534, 'itooveyb@ucoz.com'),
       (718, 'ejoselovitchc@oaic.gov.au'),
       (510, 'ahackind@abc.net.au'),
       (887, 'lsallerye@bloglines.com'),
       (721, 'mwellbelovef@google.pl'),
       (545, 'ibrahmerg@angelfire.com'),
       (80, 'sferrieh@newyorker.com'),
       (456, 'ktolani@constantcontact.com'),
       (510, 'kmattamj@dailymail.co.uk'),
       (810, 'omcenteggartk@unblog.fr'),
       (233, 'lhoysl@uiuc.edu'),
       (565, 'astillem@shop-pro.jp'),
       (51, 'ecochen@mysql.com'),
       (581, 'lkobuso@archive.org'),
       (811, 'mprep@youtu.be'),
       (708, 'jleipoldtq@adobe.com'),
       (107, 'jmarianr@technorati.com'),
       (843, 'gosgarbys@newyorker.com'),
       (957, 'wsimoneschit@artisteer.com'),
       (762, 'kthompsettu@cpanel.net'),
       (565, 'mbrettellev@trellian.com'),
       (752, 'dmellingw@apache.org'),
       (243, 'gribbonx@pbs.org'),
       (849, 'aridulfoy@list-manage.com'),
       (789, 'cmcfarlandz@addtoany.com'),
       (502, 'martiss10@washington.edu'),
       (202, 'awimpenny11@dailymail.co.uk'),
       (187, 'lbutchers12@cornell.edu'),
       (568, 'djendrassik13@unblog.fr'),
       (925, 'rmccrorie14@thetimes.co.uk'),
       (765, 'gnowakowski15@ca.gov'),
       (619, 'bpickle16@businesswire.com'),
       (743, 'ssaunt17@princeton.edu'),
       (551, 'sashpital18@webmd.com'),
       (613, 'cforte19@census.gov'),
       (916, 'mmacquist1a@free.fr'),
       (555, 'sbruty1b@163.com'),
       (465, 'cveevers1c@sogou.com'),
       (5, 'lsenchenko1d@geocities.jp'),
       (722, 'awarsop1e@europa.eu'),
       (566, 'ploveday1f@huffingtonpost.com'),
       (148, 'jgockelen1g@wufoo.com'),
       (463, 'obuxton1h@wikia.com'),
       (448, 'khuncote1i@canalblog.com'),
       (67, 'grutherford1j@theglobeandmail.com'),
       (717, 'lbradley1k@jimdo.com'),
       (130, 'bantognoni1l@ameblo.jp'),
       (661, 'wkilmurray1m@google.cn'),
       (863, 'abisson1n@cnet.com'),
       (201, 'krabidge1o@loc.gov'),
       (291, 'mrees1p@hao123.com'),
       (407, 'ksonghurst1q@live.com'),
       (115, 'eotowey1r@adobe.com'),
       (644, 'mbillyeald1s@qq.com'),
       (328, 'bharsnep1t@example.com'),
       (461, 'dcaven1u@usda.gov'),
       (920, 'hoffill1v@simplemachines.org'),
       (283, 'bpeer1w@google.com.hk'),
       (853, 'kiannini1x@hatena.ne.jp'),
       (979, 'litchingham1y@yahoo.com'),
       (178, 'teicheler1z@prweb.com'),
       (959, 'tbarta20@shareasale.com'),
       (539, 'dgallemore21@washingtonpost.com'),
       (703, 'dleys22@comsenz.com'),
       (247, 'kmccarl23@amazon.co.jp'),
       (307, 'dcorney24@zdnet.com'),
       (923, 'akellogg25@goo.gl'),
       (425, 'aalaway26@omniture.com'),
       (127, 'tglew27@java.com'),
       (987, 'ealdred28@epa.gov'),
       (85, 'rnewlin29@virginia.edu'),
       (177, 'iworvell2a@theglobeandmail.com'),
       (349, 'sattwater2b@nature.com'),
       (203, 'agreenhaugh2c@bloglines.com'),
       (192, 'ebeach2d@mac.com'),
       (356, 'sculshew2e@biblegateway.com'),
       (70, 'pjilliss2f@theatlantic.com'),
       (221, 'jweber2g@artisteer.com'),
       (4, 'nbriddle2h@pinterest.com'),
       (975, 'loakeby2i@europa.eu'),
       (534, 'wgradwell2j@dot.gov'),
       (413, 'fshury2k@e-recht24.de'),
       (758, 'jsplevings2l@eventbrite.com'),
       (295, 'zwelsh2m@hhs.gov'),
       (905, 'shamer2n@exblog.jp'),
       (949, 'fayer2o@ft.com'),
       (46, 'jfinders2p@reddit.com'),
       (275, 'gbande2q@lycos.com'),
       (56, 'sranvoise2r@wiley.com'),
       (532, 'mperel2s@parallels.com'),
       (609, 'bdanser2t@cdc.gov'),
       (549, 'hpaunsford2u@apache.org'),
       (456, 'rriehm2v@bravesites.com'),
       (938, 'fkitching2w@edublogs.org'),
       (145, 'agosker2x@economist.com'),
       (838, 'creedy2y@hp.com'),
       (580, 'sfehely2z@angelfire.com'),
       (290, 'lbarthelmes30@yahoo.co.jp'),
       (392, 'ygove31@wufoo.com'),
       (273, 'bfeavyour32@hostgator.com'),
       (606, 'rstreetfield33@delicious.com'),
       (145, 'enewis34@businessinsider.com'),
       (187, 'mholdren35@yelp.com'),
       (131, 'hramsbottom36@trellian.com'),
       (189, 'kdorsay37@reddit.com'),
       (241, 'whart38@naver.com'),
       (388, 'tjose39@yahoo.com'),
       (328, 'dspedroni3a@fda.gov'),
       (151, 'troby3b@bbc.co.uk'),
       (861, 'btytcomb3c@desdev.cn'),
       (547, 'tgiovanizio3d@spotify.com'),
       (941, 'bcoping3e@gravatar.com'),
       (707, 'mscranney3f@artisteer.com'),
       (996, 'gtellett3g@vkontakte.ru'),
       (542, 'ilascelles3h@cbc.ca'),
       (84, 'dkleynermans3i@nbcnews.com'),
       (618, 'ehaseman3j@mayoclinic.com'),
       (695, 'cbygrave3k@sohu.com'),
       (536, 'mbeuscher3l@qq.com'),
       (959, 'hkitchingman3m@ow.ly'),
       (583, 'ccrellim3n@odnoklassniki.ru'),
       (209, 'sharriott3o@meetup.com'),
       (843, 'tmerryfield3p@sbwire.com'),
       (518, 'vfrancomb3q@histats.com'),
       (919, 'lbansal3r@google.com.au'),
       (464, 'rpeople3s@netscape.com'),
       (510, 'nrumgay3t@hubpages.com'),
       (419, 'bgallone3u@seesaa.net'),
       (988, 'dpitchford3v@boston.com'),
       (135, 'valdersea3w@wired.com'),
       (594, 'spullman3x@myspace.com'),
       (264, 'ghares3y@photobucket.com'),
       (945, 'kstidston3z@booking.com'),
       (793, 'fpikett40@biglobe.ne.jp'),
       (26, 'alesarr41@ning.com'),
       (15, 'skittel42@marketwatch.com'),
       (799, 'gtynewell43@yelp.com'),
       (106, 'bjoyson44@cyberchimps.com'),
       (849, 'smarzelli45@webmd.com'),
       (21, 'bformby46@shutterfly.com'),
       (982, 'hmole47@pbs.org'),
       (171, 'lwoolatt48@sfgate.com'),
       (463, 'jsantostefano49@jiathis.com'),
       (824, 'myerill4a@php.net'),
       (215, 'sbeldham4b@nature.com'),
       (663, 'arevelle4c@mapquest.com'),
       (840, 'vshuter4d@bravesites.com'),
       (192, 'jchamp4e@youku.com'),
       (501, 'delgy4f@barnesandnoble.com'),
       (352, 'chumphris4g@upenn.edu'),
       (218, 'smeas4h@addtoany.com'),
       (586, 'hragbourn4i@bandcamp.com'),
       (315, 'mbransgrove4j@youtube.com'),
       (505, 'bfish4k@shop-pro.jp'),
       (106, 'hhencke4l@globo.com'),
       (743, 'cdundendale4m@mysql.com'),
       (951, 'ngobel4n@rakuten.co.jp'),
       (134, 'mgildersleeve4o@sun.com'),
       (965, 'ediggar4p@usnews.com'),
       (51, 'idrynan4q@wikispaces.com'),
       (404, 'tyankeev4r@shop-pro.jp'),
       (3, 'cschutter4s@alibaba.com'),
       (330, 'lfincham4t@europa.eu'),
       (803, 'chanhart4u@nydailynews.com'),
       (481, 'lcorre4v@comcast.net'),
       (745, 'rseelbach4w@ocn.ne.jp'),
       (924, 'msaintsbury4x@ning.com'),
       (458, 'wklaaassen4y@businessinsider.com'),
       (308, 'kcurgenven4z@google.ca'),
       (286, 'proust50@yale.edu'),
       (250, 'amcinility51@noaa.gov'),
       (478, 'kseaborn52@nature.com'),
       (909, 'mbanton53@washingtonpost.com'),
       (904, 'jemanulsson54@blogs.com'),
       (929, 'cculleton55@gmpg.org'),
       (836, 'igrushin56@multiply.com'),
       (998, 'fpodbury57@yellowpages.com'),
       (849, 'bstarkey58@netscape.com'),
       (219, 'rfalla59@weather.com'),
       (1000, 'mzywicki5a@dot.gov'),
       (144, 'ecervantes5b@illinois.edu'),
       (121, 'monyon5c@forbes.com'),
       (167, 'bbulch5d@booking.com'),
       (498, 'tbeszant5e@theatlantic.com'),
       (862, 'anoone5f@uol.com.br'),
       (719, 'bmouat5g@japanpost.jp'),
       (48, 'pdomone5h@nyu.edu'),
       (500, 'ldripp5i@reference.com'),
       (632, 'koshesnan5j@yale.edu'),
       (727, 'dblades5k@ebay.co.uk'),
       (376, 'mradki5l@pen.io'),
       (815, 'sfaircliffe5m@photobucket.com'),
       (541, 'lshipton5n@cornell.edu'),
       (603, 'jdobbison5o@stanford.edu'),
       (164, 'dsmullen5p@earthlink.net'),
       (378, 'esherebrooke5q@state.gov'),
       (864, 'gnehls5r@cmu.edu'),
       (419, 'gsemmens5s@godaddy.com'),
       (617, 'cgoldenofireland5t@umich.edu'),
       (99, 'hthunderchief5u@freewebs.com'),
       (64, 'sgooddie5v@unesco.org'),
       (258, 'nhaffard5w@washingtonpost.com'),
       (898, 'mhadny5x@wordpress.com'),
       (620, 'wculpan5y@163.com'),
       (804, 'bwhisker5z@eventbrite.com'),
       (312, 'sbeggini60@de.vu'),
       (99, 'aflippini61@cbslocal.com'),
       (711, 'kaucock62@mediafire.com'),
       (538, 'ahammill63@xing.com'),
       (667, 'egerry64@samsung.com'),
       (166, 'rbalassi65@mediafire.com'),
       (486, 'shayto66@hostgator.com'),
       (614, 'kandras67@guardian.co.uk'),
       (360, 'dmarr68@amazon.co.uk'),
       (752, 'jhunnisett69@digg.com'),
       (676, 'coddey6a@wired.com'),
       (749, 'cselvester6b@nyu.edu'),
       (479, 'icisar6c@jiathis.com'),
       (624, 'dgunson6d@amazon.com'),
       (405, 'galexandrescu6e@tinyurl.com'),
       (321, 'rfarquarson6f@vk.com'),
       (718, 'fmichel6g@myspace.com'),
       (472, 'ccrebo6h@rediff.com'),
       (440, 'srisley6i@booking.com'),
       (874, 'bconers6j@sciencedirect.com'),
       (561, 'pdacca6k@deliciousdays.com'),
       (4, 'lbodiam6l@latimes.com'),
       (228, 'kshields6m@umich.edu'),
       (518, 'jclack6n@simplemachines.org'),
       (10, 'jsunners6o@squidoo.com'),
       (176, 'smoxted6p@t.co'),
       (446, 'mrabjohn6q@usatoday.com'),
       (959, 'tomannion6r@ca.gov'),
       (236, 'ibearham6s@deliciousdays.com'),
       (819, 'epuller6t@yellowbook.com'),
       (619, 'bwandrach6u@wikimedia.org'),
       (407, 'acrumbleholme6v@state.tx.us'),
       (299, 'ewoodhall6w@tamu.edu'),
       (527, 'gcrisall6x@umn.edu'),
       (508, 'msamart6y@ted.com'),
       (543, 'mcordle6z@wordpress.org'),
       (808, 'fherkess70@netscape.com'),
       (739, 'cstrathe71@ftc.gov'),
       (190, 'fragg72@seattletimes.com'),
       (585, 'dgreenhalgh73@t-online.de'),
       (645, 'cdraycott74@noaa.gov'),
       (954, 'lscholard75@1688.com'),
       (537, 'jgosson76@comcast.net'),
       (132, 'seast77@privacy.gov.au'),
       (273, 'wgoncalo78@census.gov'),
       (794, 'ldunk79@cornell.edu'),
       (416, 'nmerryman7a@google.cn'),
       (160, 'skitson7b@google.ca'),
       (395, 'haiers7c@yandex.ru'),
       (69, 'acamble7d@ning.com'),
       (564, 'echrstine7e@taobao.com'),
       (238, 'tcreamer7f@gnu.org'),
       (663, 'khealings7g@reddit.com'),
       (433, 'nbonhomme7h@omniture.com'),
       (315, 'lseeler7i@yelp.com'),
       (628, 'pladel7j@hp.com'),
       (808, 'bgladding7k@pen.io'),
       (90, 'ccockland7l@cdbaby.com'),
       (861, 'mcavie7m@illinois.edu'),
       (392, 'sbeagles7n@multiply.com'),
       (607, 'ctorrans7o@naver.com'),
       (973, 'kbelvard7p@desdev.cn'),
       (748, 'rglasman7q@boston.com'),
       (43, 'darnholz7r@freewebs.com'),
       (765, 'ahannum7s@pen.io'),
       (241, 'dcarlesso7t@mysql.com'),
       (554, 'gwheadon7u@google.com'),
       (706, 'aalfonzo7v@businessinsider.com'),
       (695, 'medgson7w@miibeian.gov.cn'),
       (450, 'rwadelin7x@cam.ac.uk'),
       (91, 'tsunley7y@google.co.jp'),
       (319, 'espear7z@t-online.de'),
       (757, 'rrouby80@google.de'),
       (517, 'nzuan81@flickr.com'),
       (101, 'dfilpo82@chicagotribune.com'),
       (356, 'ahucke83@tumblr.com'),
       (210, 'nwudeland84@salon.com'),
       (416, 'golander85@de.vu'),
       (870, 'imcconnulty86@technorati.com'),
       (584, 'magron87@scientificamerican.com'),
       (759, 'mtidswell88@about.com'),
       (448, 'fboulding89@ifeng.com'),
       (189, 'nlambal8a@guardian.co.uk'),
       (415, 'ecolten8b@hao123.com'),
       (80, 'kdaubeny8c@ameblo.jp'),
       (918, 'eassel8d@columbia.edu'),
       (71, 'adaughtrey8e@clickbank.net'),
       (641, 'lroly8f@1688.com'),
       (625, 'hport8g@sakura.ne.jp'),
       (576, 'coreilly8h@macromedia.com'),
       (292, 'bplaice8i@odnoklassniki.ru'),
       (579, 'stolwood8j@who.int'),
       (645, 'kmille8k@examiner.com'),
       (273, 'rvivers8l@cafepress.com'),
       (245, 'braynard8m@yellowpages.com'),
       (900, 'kchedgey8n@yellowbook.com'),
       (814, 'sclipsham8o@edublogs.org'),
       (545, 'bshakespear8p@elegantthemes.com'),
       (991, 'aschutze8q@reddit.com'),
       (510, 'lmonckton8r@utexas.edu'),
       (525, 'bmarlon8s@paypal.com'),
       (994, 'msimeonov8t@cloudflare.com'),
       (926, 'cfoltin8u@mlb.com'),
       (256, 'wcotterell8v@reverbnation.com'),
       (891, 'ltoovey8w@wunderground.com'),
       (431, 'ggouch8x@state.gov'),
       (841, 'sradin8y@wp.com'),
       (326, 'galennikov8z@oaic.gov.au'),
       (482, 'sstephens90@google.nl'),
       (266, 'smcnab91@sfgate.com'),
       (753, 'rpeplay92@msu.edu'),
       (583, 'pmunnings93@drupal.org'),
       (196, 'fmarquot94@epa.gov'),
       (804, 'cogelsby95@salon.com'),
       (575, 'eearl96@reuters.com'),
       (212, 'hlahy97@dyndns.org'),
       (864, 'hcorteis98@mayoclinic.com'),
       (432, 'vgrigaut99@flavors.me'),
       (233, 'tneligan9a@fda.gov'),
       (966, 'tpinson9b@paginegialle.it'),
       (894, 'thigbin9c@shareasale.com'),
       (274, 'ccheeney9d@canalblog.com'),
       (888, 'cthurman9e@sitemeter.com'),
       (62, 'amountain9f@tuttocitta.it'),
       (294, 'etivers9g@loc.gov'),
       (271, 'kpitceathly9h@cornell.edu'),
       (922, 'alatey9i@simplemachines.org'),
       (674, 'afairholme9j@yolasite.com'),
       (199, 'dmcgrill9k@twitter.com'),
       (641, 'lkilminster9l@addtoany.com'),
       (143, 'rnannetti9m@yandex.ru'),
       (983, 'ygrewar9n@gnu.org'),
       (739, 'cgodby9o@mysql.com'),
       (291, 'dpiscopiello9p@blogtalkradio.com'),
       (211, 'cgorman9q@twitter.com'),
       (270, 'gbisatt9r@goodreads.com'),
       (755, 'rcondon9s@reverbnation.com'),
       (453, 'hbranch9t@amazon.co.uk'),
       (499, 'smachen9u@accuweather.com'),
       (83, 'lcornwall9v@slideshare.net'),
       (718, 'dmussared9w@addtoany.com'),
       (815, 'ekefford9x@biblegateway.com'),
       (936, 'mlinster9y@usnews.com'),
       (707, 'ddrakes9z@quantcast.com'),
       (657, 'ephettisa0@nasa.gov'),
       (516, 'labrya1@odnoklassniki.ru'),
       (741, 'dcockneya2@t-online.de'),
       (844, 'arisbya3@economist.com'),
       (74, 'rmcdoola4@telegraph.co.uk'),
       (82, 'llorenzoa5@about.me'),
       (129, 'ebrundella6@ustream.tv'),
       (298, 'minnesa7@tumblr.com'),
       (548, 'csingha8@ocn.ne.jp'),
       (628, 'kpratora9@tiny.cc'),
       (153, 'atarrenaa@toplist.cz'),
       (341, 'osnelab@exblog.jp'),
       (934, 'cvoglac@desdev.cn'),
       (286, 'ablasad@weather.com'),
       (419, 'ftippettsae@clickbank.net'),
       (269, 'hcolmanaf@lycos.com'),
       (439, 'jozeltonag@ebay.co.uk'),
       (921, 'pwestellah@aol.com'),
       (192, 'jpetytai@princeton.edu'),
       (393, 'qpoleyaj@naver.com'),
       (524, 'lbachanskiak@wufoo.com'),
       (27, 'cwoodlandsal@cbc.ca'),
       (470, 'tpetegrewam@msn.com'),
       (312, 'fgobertan@newsvine.com'),
       (710, 'cfredaao@marketwatch.com'),
       (800, 'ngrasonap@prnewswire.com'),
       (946, 'grogeonaq@fastcompany.com'),
       (905, 'peickar@samsung.com'),
       (959, 'hfilochovas@ed.gov'),
       (778, 'pnadenat@toplist.cz'),
       (8, 'kbaynhamau@alibaba.com'),
       (707, 'lpawsonav@unesco.org'),
       (449, 'aknightonaw@phpbb.com'),
       (918, 'fchaimsonax@liveinternet.ru'),
       (148, 'bmoretay@comcast.net'),
       (400, 'dwarkupaz@sciencedaily.com'),
       (911, 'cchrispb0@apache.org'),
       (112, 'mborelb1@altervista.org'),
       (405, 'mboaseb2@51.la'),
       (994, 'bfrancescottib3@indiegogo.com'),
       (947, 'mtippellb4@fastcompany.com'),
       (592, 'hmuncasterb5@forbes.com'),
       (717, 'rculrossb6@stumbleupon.com'),
       (864, 'hneillyb7@usa.gov'),
       (479, 'hvalerib8@list-manage.com'),
       (239, 'cevelingb9@sun.com'),
       (590, 'nkegleyba@fc2.com'),
       (127, 'ofoggobb@hostgator.com'),
       (648, 'fhordellbc@sciencedaily.com'),
       (287, 'lyakovichbd@sbwire.com'),
       (171, 'wstogillbe@bbb.org'),
       (383, 'elefriecbf@tinypic.com'),
       (898, 'tsinyardbg@dot.gov'),
       (377, 'shawkswoodbh@furl.net'),
       (107, 'nscholzbi@skype.com'),
       (569, 'lthormwellbj@biglobe.ne.jp'),
       (751, 'rdeversonbk@spiegel.de'),
       (541, 'fmattaserbl@washington.edu'),
       (901, 'lperrisbm@prnewswire.com'),
       (274, 'ascottrellbn@gravatar.com'),
       (608, 'cpeponbo@jimdo.com'),
       (147, 'valthorpebp@independent.co.uk'),
       (86, 'afincibq@bbb.org'),
       (413, 'hdantonibr@bizjournals.com'),
       (944, 'ldyottbs@boston.com'),
       (310, 'cnoonbt@vimeo.com'),
       (583, 'hbarbischbu@flickr.com'),
       (764, 'ameekbv@nps.gov'),
       (272, 'tbrydenbw@bloglovin.com'),
       (353, 'mbellambx@msn.com'),
       (399, 'mdoxseyby@networkadvertising.org'),
       (29, 'ubensenbz@ehow.com'),
       (726, 'ldranfieldc0@indiegogo.com'),
       (983, 'aisakovicc1@bluehost.com'),
       (345, 'aortnerc2@ning.com'),
       (751, 'spragnellc3@mozilla.org'),
       (227, 'abondc4@meetup.com'),
       (143, 'cdeeksc5@moonfruit.com'),
       (910, 'pwelshc6@infoseek.co.jp'),
       (843, 'clourensc7@msn.com'),
       (77, 'wstanlickc8@youku.com'),
       (113, 'aweekec9@opensource.org'),
       (108, 'jheardca@fema.gov'),
       (611, 'fhawkwoodcb@ovh.net'),
       (873, 'lbackshellcc@nsw.gov.au'),
       (39, 'lralstoncd@newyorker.com'),
       (345, 'halibonece@fc2.com'),
       (137, 'amcduffcf@tumblr.com'),
       (368, 'ctrayfordcg@dion.ne.jp'),
       (370, 'tbraxaych@drupal.org'),
       (471, 'ctrevershci@samsung.com'),
       (440, 'btittletrosscj@craigslist.org'),
       (967, 'cstopfordck@reverbnation.com'),
       (427, 'lzorencl@arstechnica.com'),
       (649, 'scorbiecm@angelfire.com'),
       (269, 'adeverickscn@bloglines.com'),
       (579, 'ebealtonco@miitbeian.gov.cn'),
       (754, 'dornilscp@psu.edu'),
       (77, 'bjerwoodcq@youtube.com'),
       (240, 'mboastcr@exblog.jp'),
       (73, 'mverneycs@salon.com'),
       (123, 'ojellicoct@cornell.edu'),
       (35, 'tcollerdcu@google.pl'),
       (479, 'lcatlincv@barnesandnoble.com'),
       (427, 'torumcw@abc.net.au'),
       (809, 'kmawercx@marriott.com'),
       (38, 'ydemangelcy@si.edu'),
       (862, 'sembersoncz@ustream.tv'),
       (293, 'vthorneleyd0@tamu.edu'),
       (476, 'blobled1@paginegialle.it'),
       (259, 'lhallasd2@twitter.com'),
       (170, 'vthorneleyd3@narod.ru'),
       (663, 'aleftleyd4@netlog.com'),
       (883, 'aweinbergd5@vistaprint.com'),
       (324, 'hpawlaczykd6@typepad.com'),
       (375, 'egrigolashvilld7@is.gd'),
       (739, 'mrickerdd8@nsw.gov.au'),
       (527, 'xchazerandd9@redcross.org'),
       (8, 'hridsdaleda@google.cn'),
       (712, 'pblackmoordb@noaa.gov'),
       (596, 'nbuydc@drupal.org'),
       (383, 'idesaurdd@skype.com'),
       (797, 'tlengthornde@yelp.com'),
       (635, 'jgrimbledf@cnn.com'),
       (797, 'kmarlerdg@weibo.com'),
       (762, 'jricharzdh@indiatimes.com'),
       (42, 'bmcknishdi@economist.com'),
       (154, 'kbushroddj@constantcontact.com'),
       (118, 'echallindk@java.com'),
       (317, 'asauntdl@mozilla.org'),
       (489, 'slavallindm@rediff.com'),
       (662, 'stokelldn@clickbank.net'),
       (781, 'frooperdo@yelp.com'),
       (47, 'tgadddp@4shared.com'),
       (567, 'lvaggersdq@thetimes.co.uk'),
       (722, 'salreddr@adobe.com'),
       (927, 'emcglueds@about.com'),
       (636, 'clukacsdt@mediafire.com'),
       (103, 'bshearadu@macromedia.com'),
       (502, 'sjannaschdv@theglobeandmail.com'),
       (918, 'opikedw@reuters.com'),
       (800, 'mmowledx@imageshack.us'),
       (954, 'kriccettidy@noaa.gov'),
       (503, 'rskoughdz@illinois.edu'),
       (619, 'lhuttene0@indiatimes.com'),
       (560, 'adaffornee1@naver.com'),
       (531, 'apetrolloe2@ibm.com'),
       (408, 'tflotte3@sciencedirect.com'),
       (286, 'dbuyee4@tinyurl.com'),
       (730, 'ibaylesse5@google.fr'),
       (543, 'mdissmane6@prnewswire.com'),
       (316, 'sleipolde7@mtv.com'),
       (973, 'lheinsiuse8@ask.com'),
       (299, 'fnickolle9@comsenz.com'),
       (440, 'mpookeea@t.co'),
       (985, 'mcleevelyeb@blogspot.com'),
       (991, 'apefferec@addtoany.com'),
       (13, 'sgheerhaerted@sakura.ne.jp'),
       (610, 'dmunbyee@noaa.gov'),
       (55, 'ohamlynef@yolasite.com'),
       (922, 'tmanoneg@linkedin.com'),
       (757, 'cbreakwelleh@shinystat.com'),
       (382, 'dmcarthurei@admin.ch'),
       (130, 'ddymockeej@theguardian.com'),
       (607, 'wdevilleek@gov.uk'),
       (912, 'bfisbyel@slideshare.net'),
       (152, 'cslowgroveem@wikipedia.org'),
       (858, 'cirwinen@bandcamp.com'),
       (49, 'achineryeo@stanford.edu'),
       (996, 'nstampsep@earthlink.net'),
       (316, 'pjorioteq@home.pl'),
       (863, 'canfussoer@vk.com'),
       (828, 'dgreenhowees@state.tx.us'),
       (626, 'pevendenet@yandex.ru'),
       (376, 'nhughlineu@eepurl.com'),
       (687, 'acaminev@ebay.com'),
       (965, 'aciottoiew@google.cn'),
       (694, 'hbarlasex@ted.com'),
       (988, 'nupsaleey@wix.com'),
       (797, 'gwhappleez@omniture.com'),
       (232, 'dtackesf0@addthis.com'),
       (349, 'cgrabenf1@yelp.com'),
       (53, 'mdaviotf2@purevolume.com'),
       (374, 'skieraf3@umn.edu'),
       (381, 'mallcottf4@lycos.com'),
       (778, 'nioselevf5@blogspot.com'),
       (831, 'blintotf6@engadget.com'),
       (657, 'rphysickf7@baidu.com'),
       (102, 'cspeechlyf8@hatena.ne.jp'),
       (335, 'jstillf9@blogspot.com'),
       (950, 'aloaldayfa@bbc.co.uk'),
       (468, 'cbrunifb@xinhuanet.com'),
       (384, 'wbritchfc@gizmodo.com'),
       (108, 'ailyukhovfd@mapquest.com'),
       (860, 'dfinchfe@chronoengine.com'),
       (320, 'gcordeauff@prnewswire.com'),
       (25, 'fboylefg@ifeng.com'),
       (627, 'cturonefh@mediafire.com'),
       (653, 'mtrenholmefi@microsoft.com'),
       (27, 'kcurrumfj@slideshare.net'),
       (183, 'vansteefk@house.gov'),
       (312, 'mclemensenfl@ezinearticles.com'),
       (625, 'dbuickfm@homestead.com'),
       (842, 'tbrookfieldfn@artisteer.com'),
       (122, 'ebodocsfo@yolasite.com'),
       (315, 'hculwenfp@google.ru'),
       (454, 'rbellyfq@ow.ly'),
       (857, 'bmcmillanfr@pen.io'),
       (271, 'japflerfs@sciencedirect.com'),
       (375, 'bswadlingeft@geocities.com'),
       (542, 'pbrislandfu@slideshare.net'),
       (955, 'ahastwellfv@ustream.tv'),
       (887, 'wcordeaufw@google.co.uk'),
       (885, 'gtappinfx@ow.ly'),
       (682, 'bhallumfy@squarespace.com'),
       (564, 'ofraczkiewiczfz@wikispaces.com'),
       (870, 'crushmang0@ning.com'),
       (292, 'bhawkg1@ehow.com'),
       (831, 'nspaughtong2@mapquest.com'),
       (680, 'atreasureg3@go.com'),
       (13, 'ajowlingg4@nyu.edu'),
       (538, 'lharriotg5@1688.com'),
       (138, 'swyrillg6@pen.io'),
       (436, 'ffordeg7@tmall.com'),
       (154, 'ajerokg8@deliciousdays.com'),
       (405, 'rcumeskyg9@prnewswire.com'),
       (438, 'tespinega@narod.ru'),
       (528, 'cfolleygb@alexa.com'),
       (353, 'sbettlesongc@reference.com'),
       (369, 'rleheudegd@mtv.com'),
       (316, 'cmaclicege@scribd.com'),
       (517, 'sorwellgf@auda.org.au'),
       (924, 'apurchasegg@nih.gov'),
       (910, 'wquiddintongh@narod.ru'),
       (416, 'alubegi@nature.com'),
       (221, 'dmacdiarmondgj@guardian.co.uk'),
       (528, 'lscrangegk@zdnet.com'),
       (725, 'gesposigl@walmart.com'),
       (262, 'sfaccinigm@google.ru'),
       (951, 'cderksgn@toplist.cz'),
       (566, 'mhoundsongo@weebly.com'),
       (866, 'gmillsongp@reverbnation.com'),
       (990, 'npobjoygq@usda.gov'),
       (60, 'mdoylegr@disqus.com'),
       (150, 'sbaudinotgs@gizmodo.com'),
       (171, 'cswaingt@smh.com.au'),
       (552, 'lslegggu@pcworld.com'),
       (907, 'gocorranegv@parallels.com'),
       (177, 'rduckhamgw@fastcompany.com'),
       (385, 'rrohlfinggx@cdbaby.com'),
       (113, 'sgrassingy@youtube.com'),
       (836, 'nconybeargz@shareasale.com'),
       (439, 'credshawh0@springer.com'),
       (152, 'kstripplingh1@dailymail.co.uk'),
       (801, 'mjoplingh2@oaic.gov.au'),
       (876, 'egurneyh3@de.vu'),
       (294, 'hbernardonh4@ted.com'),
       (762, 'gkinghornh5@un.org'),
       (540, 'tmonkleighh6@edublogs.org'),
       (462, 'krapph7@goo.gl'),
       (501, 'mlodemannh8@springer.com'),
       (17, 'lzorzonih9@xrea.com'),
       (3, 'lminigoha@webmd.com'),
       (944, 'cduiguidhb@blog.com'),
       (522, 'aarbonhc@posterous.com'),
       (959, 'fturneuxhd@oaic.gov.au'),
       (211, 'rcovingtonhe@a8.net'),
       (241, 'qwindrosshf@blinklist.com'),
       (688, 'mgrenshielshg@ovh.net'),
       (670, 'lbertwistlehh@answers.com'),
       (877, 'blarratthi@usatoday.com'),
       (22, 'awhitfordhj@dropbox.com'),
       (302, 'rsealehk@cocolog-nifty.com'),
       (497, 'tsegravehl@devhub.com'),
       (198, 'efeasterhm@dot.gov'),
       (57, 'apinyonhn@bloglines.com'),
       (951, 'kmcnuttho@stumbleupon.com'),
       (268, 'lbrisleyhp@dmoz.org'),
       (779, 'ymardellhq@fotki.com'),
       (957, 'bgrissetthr@canalblog.com'),
       (970, 'vcoltonhs@moonfruit.com'),
       (978, 'hpeirsonht@miibeian.gov.cn'),
       (845, 'gstenneshu@fc2.com'),
       (275, 'hdunckleyhv@youtube.com'),
       (725, 'pseaterhw@economist.com'),
       (282, 'jbraxtonhx@yandex.ru'),
       (98, 'rbroadbridgehy@mtv.com'),
       (256, 'ncoulbeckhz@ted.com'),
       (24, 'dpolgreeni0@nsw.gov.au'),
       (546, 'rzupai1@tiny.cc'),
       (711, 'rsorrelli2@salon.com'),
       (444, 'jfawsoni3@delicious.com'),
       (40, 'lsnari4@miibeian.gov.cn'),
       (854, 'hkrishtopaittisi5@independent.co.uk'),
       (188, 'opeacopi6@deviantart.com'),
       (180, 'bfassoni7@fastcompany.com'),
       (481, 'cjewesi8@ustream.tv'),
       (757, 'spitkeathlyi9@de.vu'),
       (588, 'kmathivatia@ebay.com'),
       (656, 'agillfordib@sohu.com'),
       (641, 'jchurchinic@japanpost.jp'),
       (457, 'bevamyid@sciencedirect.com'),
       (316, 'ksnookesie@independent.co.uk'),
       (846, 'tjulianif@squidoo.com'),
       (478, 'rwicklenig@theatlantic.com'),
       (969, 'nmarginsonih@foxnews.com'),
       (267, 'gcultchethii@arizona.edu'),
       (331, 'jhumberstoneij@canalblog.com'),
       (897, 'qkonmannik@seattletimes.com'),
       (654, 'oshwennil@census.gov'),
       (367, 'gstadingim@opensource.org'),
       (191, 'bkitchingmanin@purevolume.com'),
       (723, 'kstarbuckio@macromedia.com'),
       (576, 'hyoudeip@cpanel.net'),
       (425, 'lbrimmelliq@amazon.co.jp'),
       (958, 'kheynenir@paypal.com'),
       (4, 'colliffeis@msu.edu'),
       (487, 'dcapinettiit@google.com.br'),
       (53, 'ahunnicuttiu@sbwire.com'),
       (454, 'whallawelliv@hibu.com'),
       (926, 'rwatkinsiw@1688.com'),
       (200, 'gchurchardix@cnn.com'),
       (540, 'ngeorgievskiiy@tumblr.com'),
       (637, 'mkitchersideiz@gnu.org'),
       (666, 'ihenkenj0@prnewswire.com'),
       (268, 'bnorthidgej1@yahoo.co.jp'),
       (952, 'tfowlerj2@springer.com'),
       (238, 'cscorrerj3@tripadvisor.com'),
       (973, 'jdaskiewiczj4@slate.com'),
       (350, 'epuckhamj5@mashable.com'),
       (618, 'jthynnj6@eepurl.com'),
       (649, 'cbanbridgej7@google.nl'),
       (587, 'jmoncreiffj8@bigcartel.com'),
       (365, 'nheughj9@jimdo.com'),
       (118, 'gbiggja@topsy.com'),
       (223, 'zetchinghamjb@apache.org'),
       (637, 'obeggjc@omniture.com'),
       (938, 'bjozwickijd@hatena.ne.jp'),
       (901, 'dbergetje@etsy.com'),
       (944, 'bscoonjf@opensource.org'),
       (852, 'qrolingsonjg@theguardian.com'),
       (631, 'rjostjh@shutterfly.com'),
       (779, 'mdorsetji@japanpost.jp'),
       (917, 'llettsonjj@delicious.com'),
       (782, 'sbesquejk@surveymonkey.com'),
       (921, 'marndtsenjl@wikipedia.org'),
       (453, 'cmcbaynejm@cyberchimps.com'),
       (848, 'wtousyjn@ezinearticles.com'),
       (122, 'dkerfootjo@yandex.ru'),
       (93, 'joldnalljp@paypal.com'),
       (290, 'msorsbyjq@sphinn.com'),
       (482, 'lhuiejr@purevolume.com'),
       (151, 'agiorgiellijs@ucoz.ru'),
       (124, 'lpucknelljt@g.co'),
       (469, 'akortingju@google.cn'),
       (727, 'tgiacobillojv@nsw.gov.au'),
       (761, 'dkidsleyjw@reddit.com'),
       (734, 'hgibbjx@mlb.com'),
       (26, 'hwooddissejy@hostgator.com'),
       (313, 'ledgarsjz@imdb.com'),
       (919, 'ddyshartk0@dailymotion.com'),
       (39, 'rbettertonk1@latimes.com'),
       (673, 'fyesipovk2@themeforest.net'),
       (288, 'nbeahank3@simplemachines.org'),
       (499, 'bbettonk4@netlog.com'),
       (492, 'mcavolinik5@wordpress.com'),
       (895, 'acarringtonk6@loc.gov'),
       (494, 'vbeaglesk7@cnet.com'),
       (844, 'rpinnellk8@youku.com'),
       (679, 'fguidellik9@technorati.com'),
       (56, 'hlanphereka@posterous.com'),
       (614, 'lchappellekb@telegraph.co.uk'),
       (737, 'kevekc@npr.org'),
       (563, 'gveitchkd@e-recht24.de'),
       (497, 'cspenderke@unc.edu'),
       (903, 'eleftwichkf@com.com'),
       (604, 'aloughneykg@t-online.de'),
       (9, 'mwarkekh@businessweek.com'),
       (144, 'cstickelski@comcast.net'),
       (789, 'bcurmekj@google.co.uk'),
       (367, 'mvantkk@ustream.tv'),
       (913, 'nmcgiffkl@a8.net'),
       (296, 'tteulierkm@earthlink.net'),
       (916, 'ashellykn@sitemeter.com'),
       (526, 'preightleyko@businesswire.com'),
       (172, 'kdeppekp@state.tx.us'),
       (922, 'mcodringtonkq@zimbio.com'),
       (853, 'lscowcroftkr@storify.com'),
       (761, 'hcarbettks@theglobeandmail.com'),
       (207, 'kwillmorekt@sfgate.com'),
       (735, 'mpegramku@msu.edu'),
       (859, 'njorrykv@usgs.gov'),
       (500, 'pnapoleonekw@cnbc.com'),
       (106, 'nmacneicekx@prweb.com'),
       (900, 'akiddeyky@time.com'),
       (809, 'nbrewsekz@pen.io'),
       (518, 'cdanfordl0@about.me'),
       (124, 'yberryl1@shop-pro.jp'),
       (291, 'kswepstonel2@wikispaces.com'),
       (620, 'aburrassl3@admin.ch'),
       (806, 'bbottonl4@icio.us'),
       (979, 'csalamanl5@hao123.com'),
       (733, 'aobeneyl6@ycombinator.com'),
       (456, 'ctatherl7@4shared.com'),
       (925, 'ocullefordl8@unesco.org'),
       (363, 'adesquesnesl9@mozilla.com'),
       (323, 'hcraydonla@patch.com'),
       (672, 'wworsnoplb@netlog.com'),
       (875, 'hsilverstonelc@privacy.gov.au'),
       (679, 'dmcgilroyld@com.com'),
       (373, 'eperisle@ucla.edu'),
       (595, 'uvanbaarenlf@liveinternet.ru'),
       (477, 'mpleveylg@a8.net'),
       (197, 'tbouchardlh@marriott.com'),
       (921, 'spendlentonli@statcounter.com'),
       (702, 'hbarnbylj@bandcamp.com'),
       (826, 'snicholsonlk@etsy.com'),
       (91, 'rfoulstonell@delicious.com'),
       (415, 'adewolfelm@lycos.com'),
       (793, 'averrierln@cbsnews.com'),
       (881, 'hknoblelo@who.int'),
       (74, 'ehedditchlp@nydailynews.com'),
       (269, 'criccardolq@dyndns.org'),
       (301, 'mrobersonlr@earthlink.net'),
       (310, 'dpaxfordels@accuweather.com'),
       (626, 'cfowlestonelt@wikia.com'),
       (411, 'cglindelu@php.net'),
       (423, 'ahardeylv@51.la'),
       (255, 'kbrettonlw@ifeng.com'),
       (717, 'hmccorleylx@nba.com'),
       (822, 'coconnelly@icio.us'),
       (106, 'vgillsonlz@ibm.com'),
       (594, 'ksettlem0@aol.com'),
       (79, 'nastburym1@slashdot.org'),
       (490, 'elingem2@discovery.com'),
       (321, 'chodgenm3@oracle.com'),
       (613, 'kgonsalvezm4@shinystat.com'),
       (68, 'mcallism5@china.com.cn'),
       (697, 'slabuschagnem6@twitter.com'),
       (805, 'kughellim7@google.nl'),
       (692, 'vseathm8@bigcartel.com'),
       (782, 'lchinam9@nationalgeographic.com'),
       (79, 'filyukhovma@360.cn'),
       (208, 'swalmsleymb@reverbnation.com'),
       (426, 'mshowtmc@rambler.ru'),
       (825, 'cdanshinmd@google.co.jp'),
       (824, 'mniceme@japanpost.jp'),
       (745, 'ccovinomf@goodreads.com'),
       (780, 'bcookneymg@rambler.ru'),
       (108, 'dmannsmh@bing.com'),
       (660, 'mbeaufoymi@gravatar.com'),
       (151, 'rohalloranmj@vkontakte.ru'),
       (922, 'mgerbmk@dot.gov'),
       (724, 'seronieml@amazon.co.uk'),
       (334, 'nsayersmm@ameblo.jp'),
       (539, 'mbesseymn@epa.gov'),
       (444, 'tgiorgimo@utexas.edu'),
       (128, 'kdockreaymp@alibaba.com'),
       (260, 'yklimkinmq@fc2.com'),
       (223, 'mradagemr@i2i.jp'),
       (880, 'djanzenms@disqus.com'),
       (106, 'mwhitcombmt@twitter.com'),
       (948, 'hpinnickmu@blogger.com'),
       (623, 'odoucettemv@un.org'),
       (90, 'sgolledgemw@theatlantic.com'),
       (291, 'jgerwoodmx@blogger.com'),
       (714, 'lcluneymy@mapy.cz'),
       (487, 'cdefreynemz@gmpg.org'),
       (611, 'cbeanen0@boston.com'),
       (139, 'ecanetn1@jigsy.com'),
       (310, 'dormerodn2@friendfeed.com'),
       (14, 'mdenyukhinn3@delicious.com'),
       (846, 'aluggn4@fda.gov'),
       (124, 'csuermeiern5@flickr.com'),
       (558, 'pmcguiren6@tiny.cc'),
       (607, 'hcoulsonn7@un.org'),
       (862, 'ashillabearen8@earthlink.net'),
       (250, 'psaicen9@purevolume.com'),
       (674, 'bvirrna@pen.io'),
       (446, 'sspencleynb@devhub.com'),
       (127, 'lwoodfinenc@free.fr'),
       (697, 'ahaselynd@weibo.com'),
       (85, 'ehighwayne@bigcartel.com'),
       (344, 'megentannf@tmall.com'),
       (398, 'fskermanng@umn.edu'),
       (967, 'alabonenh@github.com'),
       (482, 'kbartlamni@stanford.edu'),
       (453, 'tzealenj@weebly.com'),
       (182, 'jasquithnk@artisteer.com'),
       (429, 'vcullneannl@fc2.com'),
       (86, 'mtotennm@ocn.ne.jp'),
       (861, 'vseallynn@studiopress.com'),
       (131, 'acloggno@google.ca'),
       (819, 'dshrimplingnp@boston.com'),
       (424, 'kjamesnq@biglobe.ne.jp'),
       (182, 'hfeatenbynr@reverbnation.com'),
       (101, 'tmonshallns@nba.com'),
       (171, 'ktessymannt@microsoft.com'),
       (496, 'ddeloozenu@ucla.edu'),
       (934, 'yexeternv@posterous.com'),
       (566, 'cthackwraynw@deliciousdays.com'),
       (23, 'tgreenmonnx@wix.com'),
       (30, 'ghartnessny@ed.gov'),
       (375, 'gbakesnz@unesco.org'),
       (28, 'blocktono0@cbc.ca'),
       (595, 'kebbageo1@usgs.gov'),
       (81, 'ggalileeo2@wix.com'),
       (933, 'cgrimwadeo3@wunderground.com'),
       (92, 'vchretieno4@plala.or.jp'),
       (274, 'ncomelinio5@businessweek.com'),
       (691, 'faldineo6@bbb.org'),
       (782, 'gdumbello7@unblog.fr'),
       (686, 'cnoaho8@seesaa.net'),
       (962, 'fdescoffiero9@tiny.cc'),
       (965, 'mocrevyoa@sfgate.com'),
       (545, 'mmauchlenob@shop-pro.jp'),
       (914, 'cmowettoc@usatoday.com'),
       (582, 'hfaringtonod@nps.gov'),
       (616, 'rcobainoe@mail.ru'),
       (883, 'ocoggonof@devhub.com'),
       (836, 'halbertsonog@multiply.com'),
       (631, 'fludyeoh@upenn.edu'),
       (32, 'dludlammeoi@topsy.com'),
       (650, 'tuttersonoj@51.la'),
       (422, 'cyeatesok@ftc.gov'),
       (498, 'jcooksonol@eventbrite.com'),
       (591, 'rsiddeleyom@cbc.ca'),
       (151, 'rchurmson@meetup.com'),
       (311, 'ncarlsenoo@google.fr'),
       (198, 'kbullmanop@newsvine.com'),
       (204, 'tjuszczakoq@nba.com'),
       (519, 'rgarbottor@wufoo.com'),
       (681, 'ejenkinsos@dailymotion.com'),
       (734, 'hbernlinot@forbes.com'),
       (270, 'mpendergrastou@google.com'),
       (814, 'ablacklerov@github.io'),
       (480, 'kboltow@nationalgeographic.com'),
       (329, 'csirlox@google.fr'),
       (606, 'bschonfeldoy@shinystat.com'),
       (920, 'akamenaroz@redcross.org'),
       (314, 'cbecarisp0@instagram.com'),
       (961, 'dpargetterp1@cyberchimps.com'),
       (257, 'lbrazp2@prweb.com'),
       (229, 'rtillsp3@nyu.edu'),
       (894, 'hivep4@yahoo.co.jp'),
       (243, 'oketteringhamp5@comcast.net'),
       (221, 'ddoustp6@aboutads.info'),
       (940, 'alothlorienp7@army.mil'),
       (498, 'tmettetalp8@vkontakte.ru'),
       (632, 'fpittelp9@nytimes.com'),
       (765, 'swrittlepa@tmall.com'),
       (468, 'kfowkespb@reddit.com'),
       (44, 'ftownbypc@de.vu'),
       (478, 'aminoguepd@cbc.ca'),
       (784, 'kdominicope@moonfruit.com'),
       (765, 'wwakepf@princeton.edu'),
       (451, 'mtersaypg@biglobe.ne.jp'),
       (116, 'wparsandph@woothemes.com'),
       (276, 'rstoffelspi@abc.net.au'),
       (136, 'gsighardpj@behance.net'),
       (127, 'fmccomiskeypk@163.com'),
       (254, 'ghurchpl@macromedia.com'),
       (660, 'agligorijevicpm@gmpg.org'),
       (502, 'hkornyakovpn@opensource.org'),
       (387, 'ifaulknerpo@oracle.com'),
       (12, 'mgodfroypp@addtoany.com'),
       (585, 'lscudamorepq@kickstarter.com'),
       (222, 'bcowleypr@usgs.gov'),
       (303, 'kkingshottps@123-reg.co.uk'),
       (136, 'ctaillpt@ed.gov'),
       (549, 'mwrassellpu@census.gov'),
       (336, 'dpennipv@issuu.com'),
       (489, 'msyerpw@epa.gov'),
       (416, 'cfeldbaupx@goo.gl'),
       (947, 'cdrissellpy@artisteer.com'),
       (800, 'sfreschipz@about.com'),
       (826, 'pharyngtonq0@dot.gov'),
       (10, 'rvalaq1@pen.io'),
       (572, 'kwansburyq2@posterous.com'),
       (169, 'cmuffettq3@hostgator.com'),
       (876, 'vmatiebeq4@nymag.com'),
       (170, 'fhowickq5@rediff.com'),
       (153, 'avoiceq6@wunderground.com'),
       (4, 'fpaulinq7@ucla.edu'),
       (625, 'rsimioliq8@tmall.com'),
       (909, 'mskipponq9@zdnet.com'),
       (732, 'wrodenburgqa@google.nl'),
       (636, 'hgealeqb@newsvine.com'),
       (168, 'ehaddenqc@house.gov'),
       (728, 'bhawkeqd@bloglines.com'),
       (580, 'seasterbrookqe@de.vu'),
       (990, 'bslimonqf@google.com.hk'),
       (208, 'hthackerqg@ning.com'),
       (930, 'lleyntonqh@reuters.com'),
       (947, 'mbernoletqi@miitbeian.gov.cn'),
       (827, 'bstanistreteqj@mashable.com'),
       (877, 'ehillyattqk@mozilla.com'),
       (529, 'dscarboroughql@tripadvisor.com'),
       (228, 'clambrechtqm@archive.org'),
       (250, 'wprazerqn@usa.gov'),
       (207, 'rgleaderqo@51.la'),
       (101, 'rmuffenqp@google.cn'),
       (330, 'guptonqq@cornell.edu'),
       (686, 'aconenqr@weather.com'),
       (510, 'dsmartqs@sitemeter.com'),
       (23, 'tselleyqt@amazon.com'),
       (749, 'kcarlesqu@ehow.com'),
       (313, 'bughettiqv@ycombinator.com'),
       (378, 'rchawnerqw@salon.com'),
       (707, 'ajenkersonqx@4shared.com'),
       (575, 'cmongainqy@miitbeian.gov.cn'),
       (398, 'jlarmetqz@opensource.org'),
       (898, 'apennellr0@telegraph.co.uk'),
       (983, 'mrignoldesr1@ed.gov'),
       (687, 'hbuckwellr2@dion.ne.jp'),
       (846, 'pruncimanr3@joomla.org'),
       (496, 'mgumbleyr4@gizmodo.com'),
       (124, 'edewaner5@cornell.edu'),
       (411, 'mgloverr6@guardian.co.uk'),
       (638, 'vgrindler7@newsvine.com'),
       (398, 'smalsherr8@cnbc.com'),
       (360, 'phowlettr9@slashdot.org'),
       (621, 'dfleetwoodra@naver.com'),
       (878, 'cbarthelrb@1und1.de'),
       (151, 'cescalarc@bbb.org'),
       (945, 'msandarsrd@behance.net'),
       (258, 'agettenre@unicef.org'),
       (480, 'avogelerrf@51.la'),
       (275, 'kthiemerg@w3.org'),
       (993, 'npirkisrh@ebay.co.uk'),
       (73, 'ndealtryri@ox.ac.uk'),
       (205, 'jbreedyrj@lulu.com'),
       (240, 'vportalrk@aol.com'),
       (512, 'dgoodgerl@businessinsider.com'),
       (902, 'ovilarm@bbb.org'),
       (7, 'jyaneevrn@skype.com'),
       (506, 'hcovielloro@gov.uk'),
       (312, 'spechtrp@slashdot.org'),
       (474, 'ofoskewrq@epa.gov'),
       (34, 'atillrr@vimeo.com');

INSERT INTO Student_Address(ID, student_ID, description, zip_code, city, country, locality)
VALUES (57, 889, '6 Melvin Point', '924-186', 'Cabugao', 'Philippines', 'Meadow Valley'),
       (850, 312, '723 Declaration Hill', '301-185', 'Pasiraman', 'Indonesia', 'Cody'),
       (947, 569, '83196 Everett Circle', '623-791', 'Marigot', 'Saint Martin', 'Northport'),
       (664, 673, '90951 Mifflin Terrace', '152-892', 'Janowice', 'Poland', 'Ilene'),
       (255, 977, '635 Schurz Pass', '556-363', 'Klutuk', 'Indonesia', 'Mallory'),
       (914, 634, '03 West Plaza', '500-823', 'Aubagne', 'France', 'Monument'),
       (277, 768, '9779 Mcbride Way', '614-876', 'Vitry-sur-Seine', 'France', 'Lukken'),
       (468, 72, '78 Aberg Street', '392-002', 'Rajhradice', 'Czech Republic', 'Gateway'),
       (788, 275, '851 Becker Center', '647-976', 'Hengtang', 'China', 'Lerdahl'),
       (823, 819, '9320 Westport Terrace', '318-755', 'Zakroczym', 'Poland', 'Shopko'),
       (486, 778, '0 Artisan Court', '294-516', 'Libacao', 'Philippines', 'Green'),
       (266, 104, '71 Eastlawn Plaza', '181-582', 'Weiguo', 'China', 'Summerview'),
       (420, 944, '94 Arizona Court', '647-855', 'Wangying', 'China', 'Golf Course'),
       (456, 912, '73008 Red Cloud Trail', '370-724', 'Gorbatov', 'Russia', 'Algoma'),
       (678, 870, '6 Warner Trail', '509-725', 'Jincheng', 'China', 'Morning'),
       (619, 883, '8754 Hanson Hill', '054-604', 'Zhongtang', 'China', 'Hoepker'),
       (758, 27, '30979 Upham Center', '132-203', 'Haiyang', 'China', 'Jackson'),
       (885, 756, '1650 Brentwood Pass', '132-845', 'Burgersdorp', 'South Africa', 'Farwell'),
       (32, 195, '4 Oriole Street', '560-551', 'Tinghir', 'Morocco', 'Sunfield'),
       (632, 296, '10061 Scofield Road', '411-393', 'Mercedes', 'Argentina', 'Park Meadow'),
       (709, 854, '09728 Gina Pass', '460-066', 'Outeir', 'Portugal', 'Anhalt'),
       (116, 987, '22 Continental Crossing', '482-486', 'Chita', 'Colombia', 'Monica'),
       (441, 328, '39 Monument Court', '615-248', 'Campo Formoso', 'Brazil', 'Onsgard'),
       (885, 934, '3270 Lerdahl Street', '808-622', 'Hayil', 'Saudi Arabia', 'Mosinee'),
       (939, 504, '15 Lakewood Hill', '469-828', 'Jiuheyuan', 'China', 'Hermina'),
       (398, 828, '29 New Castle Trail', '220-420', 'Xinhua', 'China', 'Graedel'),
       (819, 129, '46070 Knutson Center', '669-597', 'Seia', 'Portugal', 'Lillian'),
       (262, 741, '2740 Green Ridge Trail', '267-174', 'Cikuda', 'Indonesia', 'Chinook'),
       (580, 417, '197 Stephen Point', '384-454', 'Pandangan Kulon', 'Indonesia', 'Holy Cross'),
       (194, 578, '625 Mendota Crossing', '631-451', 'Siverskiy', 'Russia', 'Di Loreto'),
       (821, 925, '6100 Reinke Crossing', '203-101', 'Idrija', 'Slovenia', 'Lakeland'),
       (106, 183, '41142 Hanover Terrace', '992-975', 'Pakxong', 'Laos', 'Northport'),
       (92, 569, '6390 Daystar Point', '956-030', 'Det Udom', 'Thailand', 'Straubel'),
       (841, 593, '631 Red Cloud Road', '406-668', 'Pedro II', 'Brazil', 'Spaight'),
       (638, 455, '3 Barby Trail', '212-262', 'Qianyou', 'China', 'Blackbird'),
       (268, 311, '033 Doe Crossing Parkway', '223-704', 'Saint-Jean-de-Vdas', 'France', 'Northfield'),
       (382, 916, '2 Menomonie Street', '458-170', 'Nasilava', 'Belarus', 'Marquette'),
       (816, 111, '392 Starling Court', '941-311', 'Nancun', 'China', 'Reindahl'),
       (338, 217, '3360 Goodland Place', '425-641', 'Stryszawa', 'Poland', 'Sullivan'),
       (868, 875, '53614 Riverside Terrace', '720-130', 'Studenec', 'Czech Republic', 'Clove'),
       (329, 208, '9691 Thierer Pass', '016-334', 'an', 'Yemen', 'Pennsylvania'),
       (2, 890, '9 Mcguire Terrace', '481-176', 'Basrpur', 'Pakistan', '2nd'),
       (991, 777, '40319 Golf Course Junction', '824-378', 'Jiutai', 'China', 'Kennedy'),
       (864, 216, '058 Goodland Crossing', '865-667', 'Sidem', 'Indonesia', 'Westerfield'),
       (337, 821, '53 Cottonwood Pass', '243-243', 'Makur', 'Micronesia', 'Hallows'),
       (422, 773, '6 Sommers Point', '313-278', 'Brkhn', 'Pakistan', 'Schmedeman'),
       (558, 657, '82 Park Meadow Lane', '603-861', 'Charneca da Cotovia', 'Portugal', 'Center'),
       (800, 37, '5 Weeping Birch Alley', '069-649', 'Cicapar', 'Indonesia', 'Browning'),
       (4, 308, '236 Cardinal Court', '391-702', 'Yedun', 'China', 'Mccormick'),
       (737, 584, '21374 Rockefeller Drive', '930-398', 'Jiaotan', 'China', 'Golf'),
       (829, 648, '1656 Bartillon Drive', '827-375', 'Tyvriv', 'Ukraine', '6th'),
       (27, 240, '3190 Lukken Court', '046-978', 'Bern de Astrada', 'Argentina', 'Pleasure'),
       (92, 930, '1478 Almo Junction', '293-315', 'gua de Pau', 'Portugal', 'Sunfield'),
       (203, 1, '01 West Crossing', '810-605', 'Varge Mondar', 'Portugal', 'Sachtjen'),
       (773, 186, '81 La Follette Place', '399-438', 'Th Trn Phc Bu', 'Vietnam', 'Melrose'),
       (656, 357, '778 Shasta Parkway', '909-985', 'Lalapanzi', 'Zimbabwe', 'Butterfield'),
       (785, 694, '6 Holmberg Parkway', '895-326', 'Mattawa', 'Canada', 'Brentwood'),
       (507, 707, '59895 Jackson Avenue', '491-948', 'Dongguan', 'China', 'Fisk'),
       (324, 780, '1 Dryden Parkway', '557-807', 'Louta', 'China', 'Dunning'),
       (974, 406, '5 Jay Point', '344-384', 'Planaltina', 'Brazil', 'Steensland'),
       (437, 556, '54 Union Place', '346-386', 'Smlandsstenar', 'Sweden', 'Sullivan'),
       (236, 970, '236 Summer Ridge Drive', '576-648', 'Hechuan', 'China', 'Columbus'),
       (314, 979, '2120 Northfield Park', '722-910', 'Fresnes', 'France', 'Dottie'),
       (872, 449, '9 Hauk Terrace', '841-600', 'Tobias Fornier', 'Philippines', 'Darwin'),
       (668, 497, '707 Manitowish Center', '857-112', 'Landim', 'Portugal', 'Chive'),
       (792, 444, '9 2nd Trail', '347-853', 'Benito Juarez', 'Mexico', 'Stone Corner'),
       (276, 16, '7308 Saint Paul Road', '809-075', 'Grand Rapids', 'United States', 'Coolidge'),
       (115, 968, '9 Hintze Way', '946-591', 'Tsimkavichy', 'Belarus', 'Del Sol'),
       (940, 113, '4 Sloan Center', '396-532', 'Terrugem', 'Portugal', 'Pankratz'),
       (187, 262, '9 Stone Corner Trail', '431-512', 'Rio Branco do Sul', 'Brazil', 'Northland'),
       (904, 914, '38 Eastwood Center', '254-394', 'Kobyzhcha', 'Ukraine', 'Mayfield'),
       (899, 303, '71971 Continental Way', '324-470', 'Santa Rosa de Cabal', 'Colombia', 'Esch'),
       (565, 816, '476 Becker Parkway', '917-254', 'Velk Tnec', 'Czech Republic', 'Colorado'),
       (677, 573, '95 Vahlen Junction', '251-585', 'Hekou', 'China', 'Caliangt'),
       (901, 459, '04817 Dottie Plaza', '505-384', 'Shanglian', 'China', 'Brickson Park'),
       (97, 447, '704 Del Sol Place', '327-419', 'Boden', 'Sweden', 'Lunder'),
       (85, 139, '63240 Shoshone Park', '613-660', 'Streni', 'Latvia', 'International'),
       (162, 597, '72 Spohn Road', '916-065', 'San Pedro Carch', 'Guatemala', 'Tony'),
       (777, 185, '51 West Junction', '765-983', 'Bhimbar', 'Pakistan', 'Lighthouse Bay'),
       (324, 419, '24 Glendale Parkway', '533-340', 'Pomerode', 'Brazil', 'Di Loreto'),
       (367, 242, '29 Marquette Alley', '005-871', 'Bofuer', 'Indonesia', 'Sutherland'),
       (504, 545, '9 Monument Park', '346-127', 'Buriti Bravo', 'Brazil', 'Oxford'),
       (397, 915, '17 Lyons Avenue', '763-815', 'Fornelos', 'Portugal', 'Schlimgen'),
       (651, 229, '1 Summerview Park', '644-168', 'Tonggoh', 'Indonesia', 'Ronald Regan'),
       (397, 743, '81 Monument Lane', '056-436', 'Karis', 'Finland', 'Village'),
       (213, 292, '9665 Summer Ridge Drive', '961-028', 'Khadyzhensk', 'Russia', 'Maryland'),
       (747, 608, '4 Mcbride Hill', '829-077', 'Nmes', 'France', 'Bultman'),
       (812, 27, '24105 Corry Point', '146-848', 'Campo', 'Portugal', 'Springview'),
       (442, 136, '1 Summit Point', '312-195', 'Jinta', 'China', 'Lakewood'),
       (197, 152, '63801 Sunbrook Plaza', '223-146', 'Robonkon', 'Philippines', 'Hayes'),
       (873, 31, '20 Forest Run Circle', '612-975', 'Maralal', 'Kenya', 'Parkside'),
       (198, 491, '04168 Blue Bill Park Circle', '125-471', 'Olleros', 'Peru', 'Harper'),
       (401, 380, '1 Lighthouse Bay Plaza', '355-473', 'Acand', 'Colombia', 'Pawling'),
       (7, 542, '3 Barnett Junction', '816-855', 'Catriel', 'Argentina', 'Prairieview'),
       (313, 563, '50 Kensington Terrace', '692-107', 'Burgas', 'Bulgaria', 'Merchant'),
       (190, 868, '3 Carpenter Pass', '930-473', 'Cabreva', 'Brazil', 'Bultman'),
       (552, 86, '5755 Meadow Valley Point', '269-797', 'Ulashan', 'China', 'Cottonwood'),
       (406, 539, '15 Clemons Lane', '387-356', 'Fushan', 'China', 'Mendota'),
       (960, 202, '676 Westridge Avenue', '946-250', 'Xialiao', 'China', 'Banding'),
       (858, 735, '54561 Hayes Drive', '970-349', 'Sampao', 'Philippines', 'Debra'),
       (892, 722, '50640 Scoville Avenue', '155-920', 'Vila Franca da Beira', 'Portugal', 'Helena'),
       (452, 739, '649 Mallory Terrace', '375-592', 'San Antonio', 'Argentina', 'Dunning'),
       (5, 325, '77 Center Terrace', '299-343', 'Flagstaff', 'South Africa', 'John Wall'),
       (186, 983, '55316 Fisk Circle', '327-579', 'Natakoli', 'Indonesia', 'Caliangt'),
       (541, 289, '22 Mifflin Junction', '182-243', 'Bolnisi', 'Georgia', 'Waubesa'),
       (441, 324, '95223 Evergreen Way', '314-156', 'Yuty', 'Paraguay', 'Moulton'),
       (752, 606, '1914 Lawn Drive', '089-629', 'Prudentpolis', 'Brazil', 'Maryland'),
       (62, 938, '7 Spohn Way', '749-069', 'Voskehask', 'Armenia', 'Vidon'),
       (843, 350, '8955 Farmco Parkway', '076-779', 'Majiao', 'China', 'Hintze'),
       (567, 595, '796 Sage Drive', '480-086', 'Los Angeles', 'United States', 'Mitchell'),
       (793, 886, '8924 Westport Center', '090-846', 'Ballina', 'Ireland', 'Forest'),
       (859, 362, '025 Buhler Trail', '273-807', 'Caramuca', 'Venezuela', 'Bonner'),
       (671, 773, '3105 Bay Avenue', '286-107', 'Wangpu', 'China', 'Mcguire'),
       (175, 286, '524 Quincy Way', '662-075', 'Franca', 'Brazil', 'Buena Vista'),
       (277, 752, '11 Pierstorff Court', '742-653', 'Orlando', 'United States', 'Eagle Crest'),
       (577, 341, '258 5th Junction', '566-673', 'Dali', 'China', 'Hauk'),
       (636, 596, '54778 Heath Hill', '335-409', 'Louisville', 'United States', 'Declaration'),
       (802, 59, '0069 Fordem Center', '315-904', 'Dongshi', 'China', 'Oxford'),
       (595, 285, '1612 Goodland Plaza', '711-293', 'Zongga', 'China', 'Burning Wood'),
       (525, 497, '5910 Sloan Trail', '485-173', 'Rengasdengklok', 'Indonesia', 'Longview'),
       (866, 780, '42 Gale Pass', '810-731', 'Wailolong', 'Indonesia', 'Debs'),
       (601, 708, '950 Luster Road', '431-865', 'Hohoe', 'Ghana', 'Weeping Birch'),
       (589, 828, '8338 Badeau Circle', '445-497', 'Maric', 'Brazil', 'Calypso'),
       (932, 603, '6 Hovde Plaza', '239-715', 'Darya Boyi', 'China', 'Milwaukee'),
       (656, 743, '1971 Oak Street', '931-181', 'Cestas', 'France', 'Melvin'),
       (674, 497, '294 Manley Parkway', '080-002', 'Huangji', 'China', 'Melrose'),
       (207, 947, '11 Crescent Oaks Way', '100-785', 'Penalva de Alva', 'Portugal', '6th'),
       (385, 544, '5 Dayton Drive', '406-203', 'Hayes', 'Jamaica', 'Cardinal'),
       (612, 713, '0454 Knutson Trail', '404-070', 'Zhongshangang', 'China', 'Russell'),
       (319, 664, '12846 Fordem Place', '424-770', 'Youghal', 'Ireland', 'Fulton'),
       (586, 291, '33043 Bonner Avenue', '896-613', 'Santa Catalina', 'Philippines', 'Hoard'),
       (3, 883, '7 Forest Court', '425-273', 'Rychwa', 'Poland', 'Mcguire'),
       (616, 708, '969 Fairview Street', '277-694', 'Boji', 'China', 'Packers'),
       (326, 252, '75603 Nobel Parkway', '256-747', 'Forninho', 'Portugal', 'Nevada'),
       (25, 498, '5 Clemons Street', '057-595', 'Gbadolite', 'Democratic Republic of the Congo', 'American'),
       (294, 297, '342 Kenwood Center', '063-521', 'Hadabei', 'China', 'Warbler'),
       (453, 328, '0 Mccormick Hill', '044-085', 'K Anh', 'Vietnam', 'Pine View'),
       (68, 340, '7 Mcbride Park', '425-985', 'Illapel', 'Chile', '4th'),
       (590, 467, '5 Dottie Way', '842-340', 'Trondheim', 'Norway', 'Manitowish'),
       (886, 66, '0 Pleasure Lane', '121-248', 'Mananjary', 'Madagascar', 'Lunder'),
       (372, 880, '16225 Beilfuss Junction', '659-421', 'Storvik', 'Sweden', 'Caliangt'),
       (462, 7, '5 Browning Lane', '172-701', 'La Falda', 'Argentina', 'Comanche'),
       (843, 300, '386 Esker Plaza', '361-165', 'Vilhena', 'Brazil', 'Lakeland'),
       (252, 603, '482 Waywood Way', '278-040', 'Songhe', 'China', 'Fair Oaks'),
       (877, 999, '5585 Donald Park', '997-126', 'Tarnowskie Gry', 'Poland', 'Bartelt'),
       (29, 800, '2 Glendale Trail', '070-081', 'Suicheng', 'China', '7th'),
       (78, 947, '3 East Pass', '869-087', 'Pokrov', 'Russia', 'Messerschmidt'),
       (345, 629, '504 Randy Crossing', '169-647', 'Bantuanon', 'Philippines', 'Hayes'),
       (885, 650, '486 Anniversary Plaza', '636-803', 'Freixo de Numo', 'Portugal', 'Northwestern'),
       (956, 638, '72549 Springview Way', '779-308', 'Atok', 'Philippines', 'Golf View'),
       (287, 154, '54 Fair Oaks Court', '344-438', 'Pshekhskaya', 'Russia', 'Carey'),
       (844, 739, '26 Veith Trail', '319-985', 'Palmas De Gran Canaria, Las', 'Spain', 'East'),
       (301, 763, '6275 Delaware Drive', '346-355', 'Port-Vila', 'Vanuatu', 'Spohn'),
       (951, 647, '82 Arapahoe Pass', '288-389', 'Yujiawu', 'China', 'Talisman'),
       (503, 798, '35 Bunker Hill Trail', '893-869', 'Kota Kinabalu', 'Malaysia', 'Old Shore'),
       (912, 621, '5553 Memorial Trail', '567-593', 'Chilecito', 'Argentina', 'Porter'),
       (913, 449, '27 Summit Terrace', '597-571', 'Dongan', 'China', '4th'),
       (370, 346, '212 Sycamore Trail', '516-388', 'Brze Kujawski', 'Poland', 'Clove'),
       (299, 447, '49906 Emmet Park', '954-156', 'Kafr Takhrm', 'Syria', 'Spaight'),
       (644, 451, '9 Pepper Wood Drive', '863-702', 'Huangwan', 'China', 'Brown'),
       (805, 668, '5121 Johnson Drive', '427-631', 'Groningen', 'Netherlands', 'Annamark'),
       (974, 229, '23 Barby Junction', '256-865', 'Luokou', 'China', 'Meadow Vale'),
       (258, 557, '01 Boyd Junction', '198-481', 'Santa Luca', 'Honduras', 'Lillian'),
       (353, 979, '5028 Forster Avenue', '164-043', 'Gucheng', 'China', 'Walton'),
       (625, 986, '3698 Sugar Trail', '716-551', 'Saint-Bruno-de-Montarville', 'Canada', 'Pond'),
       (545, 488, '8432 Bartelt Court', '080-407', 'Ishimbay', 'Russia', 'Iowa'),
       (164, 547, '6 Manley Parkway', '248-162', 'Paris 16', 'France', 'Declaration'),
       (320, 846, '41 Graceland Avenue', '693-762', 'Noailles', 'France', 'Lillian'),
       (815, 257, '64 Bonner Street', '727-511', 'Wanasari Baleran', 'Indonesia', 'Nelson'),
       (937, 783, '51 Dunning Terrace', '830-459', 'Bowang', 'China', 'Eastwood'),
       (322, 925, '8 Randy Road', '511-361', 'Kajanan', 'Indonesia', 'Forest'),
       (976, 628, '751 Randy Center', '125-139', 'Cimuncang', 'Indonesia', 'Mallard'),
       (132, 935, '0203 Badeau Avenue', '324-184', 'Puputan', 'Indonesia', 'Shopko'),
       (517, 982, '482 Luster Pass', '459-686', 'Jequitinhonha', 'Brazil', 'Milwaukee'),
       (451, 933, '42174 Carpenter Lane', '504-117', 'Hantara', 'Indonesia', 'Sherman'),
       (997, 474, '081 Miller Pass', '204-287', 'Srbica', 'Macedonia', 'Melby'),
       (548, 812, '80900 Fordem Alley', '555-342', 'Fushan', 'China', 'Nova'),
       (897, 144, '17645 Drewry Drive', '756-163', 'Nova Granada', 'Brazil', 'Ludington'),
       (733, 933, '45487 Waubesa Point', '353-175', 'Dizhai', 'China', 'Glacier Hill'),
       (809, 127, '1 Basil Crossing', '650-161', 'Temandangjero', 'Indonesia', 'Anniversary'),
       (676, 96, '56309 Prentice Hill', '386-539', 'Al Mazznah', 'Tunisia', 'Forest Run'),
       (226, 430, '9915 Fair Oaks Plaza', '689-749', 'Roldanillo', 'Colombia', 'Straubel'),
       (367, 518, '6750 Merrick Way', '205-372', 'Kazan', 'Russia', 'Surrey'),
       (596, 834, '8 Ludington Court', '911-520', 'Tsuma', 'Japan', 'Lillian'),
       (842, 378, '2348 Sachs Way', '231-627', 'Shaft', 'Iran', 'Saint Paul'),
       (702, 670, '0 Miller Lane', '738-269', 'Aheloy', 'Bulgaria', 'Doe Crossing'),
       (339, 563, '571 Granby Avenue', '016-002', 'Macheke', 'Zimbabwe', 'Elmside'),
       (520, 239, '63 Dwight Hill', '963-836', 'Cangshi', 'China', 'Crownhardt'),
       (520, 329, '74 Bayside Plaza', '764-274', 'Elato', 'Micronesia', 'Aberg'),
       (824, 108, '86992 Dayton Pass', '694-445', 'Smyshlyayevka', 'Russia', 'Dexter'),
       (871, 662, '024 Gale Crossing', '629-988', 'Mao', 'Dominican Republic', 'Melody'),
       (845, 867, '5935 Harper Park', '784-255', 'Bugcaon', 'Philippines', 'Center'),
       (903, 742, '25173 Talmadge Park', '984-168', 'ubowo', 'Poland', '1st'),
       (849, 833, '7 Russell Point', '031-330', 'Sdziszw', 'Poland', 'Holy Cross'),
       (441, 384, '6 Mitchell Court', '152-344', 'Paris 03', 'France', 'Granby'),
       (254, 478, '88 Eastlawn Crossing', '529-957', 'Osveya', 'Belarus', 'Sutteridge'),
       (213, 358, '60 6th Parkway', '915-822', 'tim', 'Jordan', 'Rockefeller'),
       (939, 830, '69303 Carpenter Trail', '216-548', 'Kremenki', 'Russia', 'Southridge'),
       (871, 274, '7 Spenser Circle', '310-881', 'Mirocin', 'Poland', 'Algoma'),
       (721, 268, '29104 Reindahl Alley', '009-674', 'Khnaqh', 'Afghanistan', 'Schlimgen'),
       (71, 219, '953 Harper Trail', '620-893', 'Pokrovka', 'Russia', 'Colorado'),
       (236, 390, '80631 Walton Court', '065-107', 'Qun Bn', 'Vietnam', 'Melody'),
       (358, 155, '77272 Ilene Way', '851-117', 'Longguang', 'China', 'Victoria'),
       (206, 597, '75 1st Pass', '036-797', 'Netanya', 'Israel', 'Loomis'),
       (962, 194, '8110 Little Fleur Pass', '296-218', 'Herrera', 'Philippines', 'Fallview'),
       (712, 162, '12 Tomscot Avenue', '437-090', 'Fengle', 'China', 'Stoughton'),
       (713, 958, '59 4th Pass', '643-819', 'Yingshouyingzi', 'China', 'Lunder'),
       (459, 227, '33429 Cottonwood Trail', '368-436', 'Baro', 'Philippines', 'Cordelia'),
       (583, 851, '0197 Caliangt Pass', '792-911', 'Neglasari', 'Indonesia', 'Sunbrook'),
       (53, 843, '49 Lerdahl Parkway', '436-701', 'Nilpolis', 'Brazil', 'Boyd'),
       (574, 735, '478 Butterfield Avenue', '505-464', 'Frzbd', 'Iran', 'Wayridge'),
       (788, 557, '03247 Texas Point', '214-311', 'Peren', 'Peru', 'Lien'),
       (737, 396, '69378 Hovde Parkway', '676-896', 'Borodino', 'Ukraine', 'Dawn'),
       (627, 181, '395 Petterle Crossing', '993-640', 'Hangkou', 'China', 'Fremont'),
       (160, 645, '7565 Basil Pass', '469-146', 'Gechuan', 'China', 'Spaight'),
       (118, 799, '76 Amoth Avenue', '134-021', 'Harrismith', 'South Africa', 'Mccormick'),
       (704, 329, '2212 Shelley Pass', '812-053', 'Lomintsevskiy', 'Russia', 'Lukken'),
       (523, 721, '734 Judy Circle', '681-139', 'Itapetininga', 'Brazil', 'Calypso'),
       (86, 617, '774 Cody Crossing', '205-087', 'An Naryah', 'Palestinian Territory', 'Lindbergh'),
       (110, 137, '380 Ryan Place', '136-693', 'L''Aigle', 'France', 'Shasta'),
       (636, 516, '97338 Talmadge Junction', '424-786', 'Gesing', 'Indonesia', 'Farmco'),
       (913, 598, '8 Pleasure Avenue', '886-396', 'Carpenter', 'Philippines', 'Carpenter'),
       (280, 939, '20 6th Pass', '876-715', 'Karanganyar', 'Indonesia', 'Grasskamp'),
       (677, 583, '599 Sommers Court', '899-439', 'Rapas', 'Indonesia', 'Grayhawk'),
       (769, 139, '2 Merchant Lane', '421-033', 'Caldas', 'Colombia', 'Parkside'),
       (107, 328, '589 Jackson Court', '146-967', 'Huangjia', 'China', 'Sauthoff'),
       (680, 215, '295 Bultman Park', '378-099', 'Mingoyo', 'Tanzania', 'Russell'),
       (891, 273, '5899 Hollow Ridge Road', '700-186', 'Cruzeiro', 'Portugal', 'Village'),
       (666, 692, '01027 Cascade Pass', '603-181', 'Fulu', 'China', 'Schlimgen'),
       (300, 919, '79 Basil Alley', '818-704', 'Granada', 'Peru', 'Golf Course'),
       (118, 240, '187 Rusk Trail', '138-991', 'Independencia', 'Mexico', 'Toban'),
       (361, 727, '851 Pond Junction', '144-793', 'Sanshan', 'China', 'Monument'),
       (137, 43, '3 Merrick Parkway', '338-852', 'Bohutn', 'Czech Republic', 'Loeprich'),
       (444, 599, '57 American Junction', '802-800', 'Mae Hi', 'Thailand', 'Tennyson'),
       (825, 305, '05037 Loeprich Terrace', '896-973', 'Jrat ash Shamah', 'Palestinian Territory', 'International'),
       (133, 108, '56722 Melby Road', '113-860', 'Synya', 'Russia', 'Dennis'),
       (573, 642, '9881 Petterle Trail', '038-020', 'Chabany', 'Ukraine', 'North'),
       (905, 931, '18 Hauk Hill', '474-362', 'Rybnoye', 'Russia', 'Stoughton'),
       (58, 401, '34 Oakridge Lane', '543-865', 'Xihongmen', 'China', 'Lunder'),
       (655, 804, '7 Butternut Plaza', '574-734', 'Tabonok', 'Philippines', 'Miller'),
       (221, 617, '07609 Carioca Terrace', '170-422', 'Minneapolis', 'United States', 'Golf'),
       (45, 828, '44101 Hollow Ridge Circle', '305-027', 'Bente', 'Indonesia', 'Ryan'),
       (184, 218, '11 Cardinal Plaza', '133-552', 'Chilecito', 'Argentina', 'Ronald Regan'),
       (520, 325, '43 Moulton Court', '918-310', 'Bromma', 'Sweden', 'Hoepker'),
       (337, 429, '77 Arizona Avenue', '719-020', 'Sahline', 'Tunisia', 'Thierer'),
       (344, 982, '05093 4th Center', '619-988', 'Dubna', 'Russia', 'Kim'),
       (817, 233, '23669 Saint Paul Center', '296-166', 'Arah ash Shamlyah', 'Palestinian Territory', 'Eliot'),
       (476, 700, '30439 Ridge Oak Parkway', '294-222', 'Hualmay', 'Peru', 'Miller'),
       (838, 391, '629 Parkside Point', '733-229', 'Songbo', 'China', 'Corscot'),
       (248, 597, '04 Kim Plaza', '478-181', 'Dundrum', 'Ireland', 'Dapin'),
       (310, 410, '85 Hollow Ridge Plaza', '109-300', 'Zhusha', 'China', 'Messerschmidt'),
       (971, 731, '98208 Clarendon Park', '247-589', 'Tegalsari', 'Indonesia', 'Ridge Oak'),
       (339, 881, '3 Springs Way', '558-349', 'Comandante Fontana', 'Argentina', 'Nevada'),
       (827, 189, '77861 Bunker Hill Plaza', '258-505', 'Sambirejo', 'Indonesia', 'Dixon'),
       (526, 936, '36 Eastwood Drive', '046-780', 'Xingang', 'China', 'North'),
       (950, 170, '9638 5th Trail', '522-900', 'Shbu', 'Japan', 'Forest'),
       (954, 145, '175 Hooker Place', '618-931', 'Wutan', 'China', 'Grover'),
       (232, 209, '50 Dixon Court', '934-072', 'Zaghouan', 'Tunisia', 'Mcguire'),
       (22, 295, '693 Armistice Avenue', '083-310', 'Borgustanskaya', 'Russia', 'Cascade'),
       (342, 423, '12981 Northland Center', '715-620', 'Zhongshan', 'China', 'Packers'),
       (916, 254, '06 Loeprich Place', '915-775', 'Yn Thnh', 'Vietnam', 'Farwell'),
       (467, 43, '1 Grayhawk Hill', '038-258', 'Pacasmayo', 'Peru', 'Lotheville'),
       (608, 581, '821 Mallory Park', '774-752', 'Utabi', 'Philippines', 'Amoth'),
       (561, 667, '2530 Trailsway Court', '606-240', 'Llorente', 'Philippines', 'Caliangt'),
       (709, 624, '8 Center Pass', '126-850', 'Anren Chengguanzhen', 'China', 'Tony'),
       (231, 106, '2194 Dryden Terrace', '058-724', 'Annopol', 'Poland', 'Monterey'),
       (244, 702, '875 Loftsgordon Plaza', '239-416', 'Vstanfjrd', 'Finland', 'Hayes'),
       (749, 165, '43 Mariners Cove Road', '022-599', 'Waound', 'Senegal', 'Vermont'),
       (358, 735, '976 Stoughton Crossing', '102-155', 'Rubio', 'Venezuela', 'Linden'),
       (660, 704, '077 Monica Court', '172-521', 'Sofifi', 'Indonesia', 'Hintze'),
       (370, 610, '86 3rd Center', '968-165', 'Casal das Figueiras', 'Portugal', 'Kipling'),
       (3, 70, '9 Linden Place', '123-722', 'Shunling', 'China', 'Village'),
       (753, 229, '95 Pine View Alley', '568-691', 'Aldeia', 'Portugal', 'Florence'),
       (95, 399, '5540 Dixon Way', '673-867', 'Baliuag', 'Philippines', 'Dottie'),
       (617, 210, '49333 Michigan Alley', '831-149', 'Lukavec', 'Czech Republic', 'Surrey'),
       (639, 497, '0 Norway Maple Avenue', '445-248', 'lli Meri', 'Greece', 'Upham'),
       (24, 577, '8 Schmedeman Crossing', '138-741', 'Siquisique', 'Venezuela', 'Arapahoe'),
       (946, 194, '76 Nobel Lane', '827-245', 'Alqueva', 'Portugal', 'Cascade'),
       (983, 842, '3444 North Terrace', '590-717', 'Boynton Beach', 'United States', 'Morning'),
       (824, 184, '26917 Loeprich Way', '758-635', 'Al Marj', 'Libya', 'Mallory'),
       (855, 738, '843 Goodland Parkway', '858-694', 'Schellenberg', 'Liechtenstein', 'Hanover'),
       (391, 796, '3566 Waywood Pass', '874-715', 'Goiana', 'Brazil', 'Kinsman'),
       (895, 946, '0839 Cordelia Terrace', '823-396', 'Monteros', 'Argentina', 'Evergreen'),
       (685, 96, '06823 Merry Plaza', '173-113', 'Terenozek', 'Kazakhstan', 'Golden Leaf'),
       (984, 22, '4 Dovetail Pass', '249-242', 'Allada', 'Benin', 'Division'),
       (659, 27, '37964 Troy Park', '335-945', 'Sernur', 'Russia', 'Hauk'),
       (509, 948, '923 Superior Point', '976-991', 'Lesnoy', 'Russia', 'Hanson'),
       (619, 410, '45 Debra Park', '402-579', 'Itinga', 'Brazil', 'Ridgeview'),
       (178, 479, '540 Trailsway Way', '738-400', 'Grzno', 'Poland', 'Anzinger'),
       (938, 151, '41438 Melvin Point', '031-249', 'Gornyye Klyuchi', 'Russia', 'Mesta'),
       (243, 137, '11 Warner Park', '700-704', 'Uzlovaya', 'Russia', 'Annamark'),
       (493, 110, '285 Annamark Hill', '138-018', 'Huangzhai', 'China', 'Pawling'),
       (514, 585, '04003 Swallow Plaza', '893-706', 'Sulop', 'Philippines', 'Sloan'),
       (54, 865, '864 Westport Court', '196-844', 'Ronggo', 'Indonesia', 'Heffernan'),
       (214, 687, '47514 Bonner Center', '248-178', 'Linggamanik', 'Indonesia', 'Fallview'),
       (89, 327, '9028 Clyde Gallagher Hill', '090-568', 'Indramayu', 'Indonesia', 'Oriole'),
       (553, 200, '04 Westridge Court', '073-471', 'Jinta', 'China', 'Mosinee'),
       (81, 670, '8 Kennedy Center', '419-333', 'Teresita', 'Philippines', 'Hanover'),
       (636, 686, '385 Killdeer Hill', '814-357', 'Messina', 'Italy', 'Sauthoff'),
       (637, 496, '8 Wayridge Lane', '876-314', 'Nanterre', 'France', 'Crowley'),
       (74, 719, '7424 Jenifer Street', '720-069', 'Drobin', 'Poland', 'East'),
       (974, 106, '52271 Corben Place', '272-971', 'Lvingston', 'Guatemala', 'Laurel'),
       (890, 51, '8 Sherman Parkway', '151-313', 'Maochen', 'China', 'Lawn'),
       (452, 585, '287 Oneill Circle', '329-872', 'Tongqiao', 'China', 'Sycamore'),
       (780, 2, '0 Hanson Plaza', '530-546', 'So Joo dos Patos', 'Brazil', 'Park Meadow'),
       (939, 508, '0 Eastlawn Street', '243-766', 'Korem', 'Ethiopia', 'Summerview'),
       (581, 207, '31783 Shopko Junction', '976-263', 'Xihu', 'China', 'Morrow'),
       (677, 570, '6 Little Fleur Avenue', '185-178', 'Pinar del Ro', 'Cuba', 'Nelson'),
       (74, 118, '811 Menomonie Street', '167-833', 'Rakek', 'Slovenia', 'Forest Run'),
       (650, 4, '62 Badeau Junction', '241-329', 'Tehrn', 'Iran', 'Toban'),
       (543, 856, '4 Roth Pass', '025-703', 'Ngunguru', 'New Zealand', 'Fallview'),
       (858, 11, '2 Mosinee Parkway', '821-676', 'Burunday', 'Kazakhstan', 'Cody'),
       (268, 375, '19961 Toban Trail', '732-990', 'Ryazhsk', 'Russia', 'Claremont'),
       (973, 183, '28918 Kings Terrace', '798-703', 'Kamieniec Wrocawski', 'Poland', 'School'),
       (133, 348, '5332 Bunting Crossing', '879-096', 'Conde', 'Brazil', 'Hudson'),
       (246, 124, '63954 Jenifer Court', '931-970', 'Kakan', 'Indonesia', 'Armistice'),
       (955, 708, '9267 Heffernan Street', '926-396', 'Santa Mara de Jess', 'Guatemala', 'Parkside'),
       (64, 20, '536 Clyde Gallagher Parkway', '866-723', 'Camaari', 'Brazil', 'Northridge'),
       (880, 984, '5374 Summit Road', '985-719', 'Changqing', 'China', 'Hermina'),
       (217, 857, '5011 Hanover Center', '576-382', 'Ozerki', 'Russia', 'Rigney'),
       (561, 917, '6 Merrick Lane', '516-670', 'Janja', 'Bosnia and Herzegovina', 'Carberry'),
       (567, 476, '5557 Dexter Circle', '219-289', 'Linquan', 'China', 'Forest Run'),
       (699, 210, '5 Darwin Road', '161-522', 'Khn Ynis', 'Palestinian Territory', 'Orin'),
       (892, 19, '812 Upham Trail', '077-117', 'Guantun', 'China', 'Cascade'),
       (676, 410, '30918 Bellgrove Road', '252-241', 'Kizil', 'China', 'Sutteridge'),
       (497, 306, '788 Mosinee Way', '951-740', 'Rio das Pedras', 'Brazil', 'Continental'),
       (961, 526, '29346 Debs Parkway', '517-084', 'Cipasung', 'Indonesia', 'Oakridge'),
       (164, 84, '477 Crowley Terrace', '748-279', 'Kazuno', 'Japan', 'Express'),
       (138, 77, '2 Badeau Street', '172-635', 'Sult', 'Albania', 'Bartelt'),
       (27, 112, '88 Center Circle', '216-970', 'Huaguo', 'China', 'Carioca'),
       (246, 210, '704 Chinook Circle', '570-457', 'Sampagar', 'Philippines', 'Bluejay'),
       (483, 293, '477 Morningstar Crossing', '485-751', 'La Roche-sur-Yon', 'France', 'Granby'),
       (153, 707, '7 Algoma Place', '422-734', 'Alburitel', 'Portugal', 'Banding'),
       (941, 164, '23 Gerald Point', '562-464', 'Kleszczw', 'Poland', 'Del Mar'),
       (731, 511, '2 Oxford Pass', '891-729', 'Krajan Tegalombo', 'Indonesia', 'Troy'),
       (446, 666, '69344 Prairieview Parkway', '259-660', 'Shubenka', 'Russia', 'Main'),
       (73, 533, '937 Anniversary Center', '760-366', 'Herrljunga', 'Sweden', 'Burning Wood'),
       (453, 634, '9 Randy Trail', '644-980', 'Xiangba', 'China', 'Waywood'),
       (986, 907, '50 Di Loreto Hill', '535-266', 'Duyure', 'Honduras', 'Drewry'),
       (884, 294, '3 Hovde Trail', '878-837', 'Longgang', 'China', 'Twin Pines'),
       (294, 379, '8 Cardinal Hill', '649-297', 'Beishan', 'China', 'Sugar'),
       (776, 169, '81197 David Hill', '713-632', 'Hendjn', 'Iran', 'Scofield'),
       (303, 79, '233 Trailsway Hill', '966-307', 'ardice', 'Czech Republic', 'Sycamore'),
       (742, 486, '4250 Judy Drive', '474-341', 'Bat Khela', 'Pakistan', 'Del Mar'),
       (472, 980, '1 Cherokee Hill', '243-882', 'Xitou', 'China', 'Merry'),
       (833, 644, '3 2nd Way', '088-801', 'Arue', 'French Polynesia', 'Transport'),
       (321, 985, '66 Reindahl Way', '001-899', 'Pilot Butte', 'Canada', 'Mariners Cove'),
       (346, 118, '120 Spohn Crossing', '793-695', 'Nyzen', 'Japan', 'Declaration'),
       (132, 52, '210 Melby Park', '885-107', 'San Vicente', 'Philippines', 'Troy'),
       (12, 898, '26 Kingsford Way', '269-439', 'Kulashi', 'Georgia', 'Haas'),
       (500, 537, '5 Hollow Ridge Road', '979-438', 'Neya', 'Russia', 'Golf'),
       (590, 269, '8408 Lighthouse Bay Center', '246-840', 'Zrich', 'Switzerland', 'Roxbury'),
       (586, 641, '350 Stuart Park', '751-573', 'Georgevka', 'Kazakhstan', 'Ronald Regan'),
       (677, 467, '5092 Fairfield Park', '940-822', 'Mencon', 'Indonesia', 'Lien'),
       (86, 810, '12110 Debra Center', '019-937', 'Halle', 'Germany', 'Eggendart'),
       (494, 543, '09715 Jana Way', '624-252', 'Liverpool', 'United Kingdom', 'Pond'),
       (620, 129, '44 Russell Alley', '481-475', 'Asino', 'Russia', 'Kedzie'),
       (89, 170, '2668 Independence Pass', '948-043', 'Sikonge', 'Tanzania', 'Hanover'),
       (756, 117, '27 Towne Pass', '161-431', 'Boyeros', 'Cuba', 'Delladonna'),
       (550, 50, '946 Dorton Crossing', '946-635', 'Komorniki', 'Poland', 'Talmadge'),
       (105, 798, '64 Coolidge Parkway', '369-688', 'Saint Paul', 'United States', 'Sauthoff'),
       (970, 196, '0861 Hudson Alley', '171-599', 'Cergy-Pontoise', 'France', 'Elmside'),
       (242, 650, '42584 Green Circle', '729-502', 'Al Majd', 'Palestinian Territory', 'Fair Oaks'),
       (205, 293, '2424 5th Road', '374-022', 'Madnat s', 'Bahrain', 'Maple Wood'),
       (258, 739, '72755 Prentice Center', '681-934', 'Guishan', 'China', 'Sloan'),
       (913, 415, '8 Brown Road', '765-137', 'Mlos', 'Greece', 'Corben'),
       (639, 265, '08 Village Terrace', '284-479', 'Suruhwadang', 'Indonesia', 'Scofield'),
       (893, 512, '80 School Lane', '148-853', 'Falun', 'Sweden', 'Crowley'),
       (589, 749, '43 Little Fleur Drive', '040-024', 'Starcevica', 'Bosnia and Herzegovina', 'Bobwhite'),
       (189, 200, '1 Scott Parkway', '318-244', 'Kamieniec Zbkowicki', 'Poland', 'Hagan'),
       (233, 506, '3856 Debs Road', '452-995', 'Xiyuan', 'China', 'Hanover'),
       (44, 281, '63391 Redwing Way', '774-906', 'Lyuban', 'Belarus', 'Chinook'),
       (268, 531, '64 Sycamore Junction', '281-861', 'Yanjiang', 'China', 'Bay'),
       (80, 827, '05 Upham Park', '516-448', 'Lewolere', 'Indonesia', 'Esch'),
       (895, 726, '2278 Clyde Gallagher Center', '729-385', 'lutava', 'Czech Republic', 'Steensland'),
       (56, 471, '12 Division Lane', '930-598', 'Qingyun', 'China', '3rd'),
       (404, 640, '60219 Memorial Plaza', '022-049', 'Jacupiranga', 'Brazil', 'Badeau'),
       (889, 717, '8 Fairview Center', '882-648', 'Eusebio Ayala', 'Paraguay', 'Crescent Oaks'),
       (667, 630, '4 Clemons Crossing', '748-312', 'Kyrenia', 'Cyprus', 'Bluestem'),
       (845, 62, '6875 Ronald Regan Park', '213-599', 'Tubo', 'Philippines', 'Nelson'),
       (431, 755, '4 Carberry Road', '119-400', 'Chicago', 'United States', 'Sage'),
       (391, 196, '841 Southridge Hill', '451-631', 'Jiamachi', 'China', 'Bobwhite'),
       (492, 789, '41 Eggendart Avenue', '315-679', 'Murw', 'Poland', 'Luster'),
       (978, 16, '45569 Pleasure Parkway', '387-221', 'Villa Mara', 'Argentina', 'Petterle'),
       (559, 696, '4 Gulseth Terrace', '613-381', 'Huicheng', 'China', 'Hovde'),
       (791, 495, '53 Northland Junction', '734-753', 'Chenyang', 'China', 'Corscot'),
       (456, 165, '17 Tennessee Pass', '328-851', 'Lengor', 'Indonesia', 'Fisk'),
       (383, 114, '2273 Dayton Court', '856-803', 'Shifang', 'China', 'Pankratz'),
       (472, 987, '669 Arrowood Center', '187-137', 'Bagong Sikat', 'Philippines', 'Bashford'),
       (935, 963, '81 Sunfield Point', '058-317', 'Saint Pierre', 'Mauritius', '6th'),
       (478, 978, '92486 Warrior Crossing', '523-877', 'Robatal', 'Indonesia', 'Sachtjen'),
       (396, 27, '83 Dottie Pass', '084-576', 'Ekimchan', 'Russia', 'Heath'),
       (98, 328, '71960 Lawn Terrace', '695-584', 'Pingshan', 'China', 'Jenna'),
       (658, 91, '42 Basil Place', '472-861', 'Tekeli', 'Kazakhstan', 'Westport'),
       (677, 113, '43655 Elka Terrace', '563-269', 'Prochnookopskaya', 'Russia', 'Scoville'),
       (522, 102, '5 Swallow Parkway', '746-960', 'Magong', 'China', 'Warner'),
       (213, 177, '38 Jenifer Parkway', '608-869', 'Sumbersari Wetan', 'Indonesia', 'Thierer'),
       (920, 464, '3629 Forest Run Plaza', '146-943', 'Porsgrunn', 'Norway', 'Sycamore'),
       (94, 830, '9259 Truax Avenue', '910-537', 'Potikosin', 'Indonesia', 'Merrick'),
       (52, 26, '13 Riverside Alley', '428-964', 'Cabo', 'Brazil', 'Pine View'),
       (12, 882, '4814 Ilene Avenue', '885-569', 'Dushang', 'China', 'International'),
       (970, 106, '090 Schmedeman Road', '855-654', 'Sharga', 'Mongolia', 'Delladonna'),
       (456, 638, '72 Sheridan Lane', '539-086', 'Sindangsuka', 'Indonesia', 'Rieder'),
       (990, 294, '8 Brown Point', '954-454', 'Ungsang', 'South Korea', 'Garrison'),
       (525, 256, '1 Hermina Hill', '051-447', 'Leworook', 'Indonesia', 'Service'),
       (90, 886, '359 Hauk Trail', '084-684', 'Majur', 'Serbia', 'Gerald'),
       (895, 733, '5088 Ridgeview Center', '732-453', 'Kajisara', 'Indonesia', 'Duke'),
       (561, 459, '59 Lakeland Hill', '977-955', 'Kool Tengah', 'Indonesia', 'Stang'),
       (136, 439, '6 Continental Place', '443-755', 'Kinsale', 'Ireland', 'North'),
       (637, 688, '4 Buell Court', '351-266', 'Robertsfors', 'Sweden', 'Nevada'),
       (259, 308, '59 Cascade Plaza', '264-404', 'Dondar Quu', 'Azerbaijan', 'Warrior'),
       (842, 840, '46262 Karstens Park', '046-792', 'Moravsk Nov Ves', 'Czech Republic', 'Kings'),
       (505, 2, '409 Crest Line Point', '374-888', 'Facatativ', 'Colombia', 'Bluejay'),
       (339, 418, '20694 Schlimgen Plaza', '777-747', 'Sassandra', 'Ivory Coast', 'Union'),
       (528, 739, '5 Dixon Lane', '243-800', 'Kurgan', 'Russia', 'Moulton'),
       (440, 832, '81204 Mallory Circle', '351-145', 'Privolzhskiy', 'Russia', 'Cody'),
       (138, 424, '96 Heath Avenue', '995-766', 'Urayasu', 'Japan', 'Hermina'),
       (660, 961, '898 Hoffman Trail', '554-629', 'Tarko-Sale', 'Russia', '1st'),
       (880, 604, '49724 Magdeline Point', '498-221', 'Yukuriawat', 'China', 'Namekagon'),
       (800, 917, '204 Clemons Street', '341-683', 'Lorena', 'Brazil', 'Pond'),
       (633, 780, '806 Farmco Circle', '703-854', 'Charlotte', 'United States', 'Pierstorff'),
       (496, 436, '7 Petterle Alley', '437-195', 'Zhuangtou', 'China', 'School'),
       (14, 541, '3754 Kropf Road', '975-705', 'Kasingan', 'Indonesia', 'Judy'),
       (336, 813, '03233 Hudson Court', '062-574', 'Gemblengmulyo', 'Indonesia', 'Schiller'),
       (195, 685, '243 Valley Edge Center', '149-881', 'Hallstahammar', 'Sweden', 'Bunting'),
       (213, 998, '8 South Circle', '657-485', 'Kunda', 'Estonia', 'Bluestem'),
       (870, 125, '08 Becker Avenue', '012-696', 'Banakaja', 'Indonesia', 'Longview'),
       (322, 679, '9751 Hauk Road', '698-009', 'Las Vegas', 'United States', 'Melby'),
       (880, 179, '1 Bunting Way', '005-800', 'Lomboy', 'Philippines', 'Amoth'),
       (908, 333, '603 Di Loreto Center', '892-319', 'Texguat', 'Honduras', 'Memorial'),
       (417, 898, '92 Maple Wood Point', '787-559', 'Sanhui', 'China', 'Morrow'),
       (691, 712, '1 Shoshone Junction', '646-736', 'Littleton', 'United States', 'Thackeray'),
       (889, 477, '5 Fairview Street', '140-016', 'Buthrad', 'Czech Republic', 'Nelson'),
       (662, 316, '029 Melby Pass', '868-133', 'Hutang', 'China', 'Bayside'),
       (745, 20, '7 Express Lane', '202-075', 'Nowshera', 'Pakistan', 'Menomonie'),
       (769, 263, '4490 Cody Terrace', '519-633', 'Badulla', 'Sri Lanka', 'Burrows'),
       (392, 332, '15100 Fair Oaks Parkway', '312-205', 'Daugavpils', 'Latvia', 'Sunfield'),
       (44, 637, '1875 2nd Street', '268-754', 'Alikalia', 'Sierra Leone', 'Lunder'),
       (665, 416, '910 Fremont Court', '519-384', 'Ukhta', 'Russia', 'Southridge'),
       (212, 435, '19845 Scott Plaza', '208-647', 'Chuntai', 'China', 'Gulseth'),
       (4, 104, '8 Eggendart Junction', '966-604', 'La Paz', 'Argentina', 'Pleasure'),
       (314, 883, '2992 Redwing Court', '205-186', 'Voskresenskoye', 'Russia', 'Delladonna'),
       (78, 722, '3 Graedel Parkway', '315-621', 'General Pico', 'Argentina', 'Warbler'),
       (296, 388, '6071 Redwing Point', '897-154', 'Sandur', 'Faroe Islands', 'Hallows'),
       (190, 179, '5603 Pepper Wood Crossing', '675-761', 'Kedrovoye', 'Russia', 'Marcy'),
       (593, 759, '92 Alpine Avenue', '667-616', 'Jobabo', 'Cuba', 'Tomscot'),
       (629, 949, '5808 Hanson Terrace', '745-491', 'Lipahan', 'Philippines', 'Aberg'),
       (98, 982, '13 Village Junction', '743-930', 'Jembe Timur', 'Indonesia', 'Hazelcrest'),
       (757, 221, '60 Dayton Avenue', '436-878', 'Mirador', 'Brazil', 'Fulton'),
       (786, 79, '5 Heath Alley', '957-052', 'Shimada', 'Japan', 'Anzinger'),
       (283, 261, '5025 Cherokee Street', '892-337', 'Cieldz', 'Poland', 'Randy'),
       (868, 118, '97887 Twin Pines Point', '609-780', 'Gobang', 'Indonesia', 'Charing Cross'),
       (745, 437, '28103 Esker Plaza', '731-242', 'Ilangay', 'Philippines', 'Hoffman'),
       (516, 561, '1743 Bunker Hill Way', '511-579', 'Oslo', 'Norway', 'Butterfield'),
       (18, 82, '448 Annamark Terrace', '551-807', 'Kaduengang', 'Indonesia', 'Butternut'),
       (627, 360, '547 Northwestern Alley', '941-128', 'Mozhaysk', 'Russia', 'Dayton'),
       (668, 107, '211 Washington Point', '949-609', 'Libertador General San Martn', 'Argentina', 'Towne'),
       (707, 191, '7315 Katie Junction', '837-121', 'Bagrm', 'Afghanistan', 'Linden'),
       (185, 501, '42 Valley Edge Parkway', '076-924', 'Kozmice', 'Czech Republic', 'Dottie'),
       (404, 34, '6 Alpine Crossing', '089-713', 'Gambo', 'Central African Republic', 'Trailsway'),
       (332, 530, '8063 Gulseth Trail', '049-749', 'Changjiang', 'China', 'Menomonie'),
       (948, 832, '9 Transport Court', '309-172', 'Tabogon', 'Philippines', 'Pearson'),
       (923, 319, '6 Cody Street', '906-420', 'Wakefield', 'Jamaica', 'Armistice'),
       (692, 793, '83703 Mccormick Lane', '449-954', 'San Felipe', 'Costa Rica', 'Sutherland'),
       (674, 877, '46294 Melody Drive', '236-097', 'Maromitsa', 'Russia', 'Tony'),
       (786, 424, '62 Nobel Parkway', '996-665', 'Zhenhai', 'China', 'Surrey'),
       (248, 862, '77307 Shelley Point', '721-778', 'Candelria', 'Portugal', 'Ridgeway'),
       (688, 511, '327 Birchwood Point', '775-341', 'Brganj', 'Nepal', 'Shoshone'),
       (254, 823, '73659 Ramsey Point', '058-760', 'Lemenhe', 'Portugal', 'Surrey'),
       (922, 166, '165 Mitchell Court', '251-937', 'Mandepa Barat', 'Indonesia', 'Starling'),
       (113, 354, '721 Glendale Circle', '706-435', 'Lutsk', 'Ukraine', 'Lakeland'),
       (113, 113, '56119 Waxwing Street', '741-791', 'Cakran', 'Albania', 'Anzinger'),
       (879, 327, '836 Anderson Alley', '752-911', 'Danyang', 'China', 'Hintze'),
       (381, 413, '9 Lake View Plaza', '361-084', 'Tomohon', 'Indonesia', 'Farwell'),
       (838, 741, '12484 Banding Street', '116-668', 'Nikolayevsk', 'Russia', 'Jana'),
       (933, 8, '1 Rieder Point', '364-277', 'Kln', 'Germany', 'Vahlen'),
       (180, 2, '027 Garrison Point', '545-839', 'Malakand', 'Pakistan', 'Kinsman'),
       (78, 371, '380 Cottonwood Parkway', '054-468', 'Santa Ignacia', 'Philippines', 'Warbler'),
       (15, 277, '882 Gerald Junction', '448-907', 'Shizikeng', 'China', 'Crowley'),
       (907, 840, '2 Hanover Court', '347-624', 'Kalyny', 'Ukraine', 'Pennsylvania'),
       (881, 112, '15 Hovde Place', '628-006', 'Qiaobian', 'China', 'Spohn'),
       (988, 519, '96666 Gateway Park', '996-770', 'Surovikino', 'Russia', 'Wayridge'),
       (5, 886, '1 Summerview Circle', '948-109', 'Dangshun', 'China', 'Texas'),
       (502, 506, '319 Calypso Street', '714-324', 'Guariba', 'Brazil', 'Graedel'),
       (295, 19, '6 North Drive', '632-026', 'Pelym', 'Russia', 'Toban'),
       (687, 914, '98 Meadow Ridge Avenue', '234-390', 'Koski Tl', 'Finland', 'New Castle'),
       (935, 48, '377 Meadow Ridge Plaza', '721-271', 'Camachile', 'Philippines', 'Bluejay'),
       (144, 399, '988 Bay Alley', '146-291', 'Rossosh', 'Russia', 'Grim'),
       (327, 836, '0 Service Hill', '253-285', 'Krojo', 'Indonesia', 'Erie'),
       (868, 374, '24 Judy Terrace', '095-399', 'Uchaly', 'Russia', 'Hazelcrest'),
       (284, 52, '478 Talmadge Street', '108-220', 'Nasavrky', 'Czech Republic', 'Portage'),
       (559, 550, '01134 Stone Corner Alley', '283-357', 'Cirompang', 'Indonesia', 'Crowley'),
       (239, 901, '9 Prairie Rose Plaza', '184-292', 'Lyubeshiv', 'Ukraine', 'Old Shore'),
       (156, 544, '03010 Randy Road', '924-209', 'Maco', 'Philippines', 'Orin'),
       (979, 991, '904 Nova Crossing', '838-475', 'Flrina', 'Greece', 'Fair Oaks'),
       (302, 198, '996 Fairfield Lane', '360-374', 'Ningyang', 'China', 'Bunker Hill'),
       (731, 243, '60 Maywood Pass', '539-905', 'Duwakbuter', 'Indonesia', 'Scofield'),
       (371, 809, '4 Superior Lane', '959-271', 'Mirebalais', 'Haiti', 'Fairfield'),
       (941, 468, '781 Mallory Way', '779-473', 'Waerana', 'Indonesia', 'Weeping Birch'),
       (4, 382, '90258 Evergreen Hill', '294-010', 'Guarumal', 'Panama', 'Atwood'),
       (866, 470, '3506 Bluejay Terrace', '171-987', 'Bang Bon', 'Thailand', 'Nobel'),
       (866, 518, '4 Talmadge Place', '964-362', 'Rovira', 'Colombia', 'Lindbergh'),
       (176, 373, '2 Judy Parkway', '008-744', 'Fray Bentos', 'Uruguay', 'Lighthouse Bay'),
       (250, 486, '124 Anzinger Lane', '092-440', 'Providencia', 'Mexico', 'Namekagon'),
       (841, 303, '45 Grim Pass', '550-310', 'Boyarka', 'Ukraine', 'Namekagon'),
       (342, 351, '8 Dakota Circle', '928-625', 'Dobruevo', 'Macedonia', 'Brickson Park'),
       (523, 710, '002 Elka Alley', '676-348', 'Zhulin', 'China', 'Hintze'),
       (616, 194, '22239 Fairview Plaza', '602-754', 'Javalera', 'Philippines', 'Canary'),
       (283, 200, '0 Myrtle Hill', '778-401', 'Tskhinvali', 'Georgia', 'Oneill'),
       (808, 117, '86 Cambridge Road', '339-966', 'Vsters', 'Sweden', 'Magdeline'),
       (797, 99, '6 Pleasure Alley', '775-703', 'Kolyshley', 'Russia', 'Waubesa'),
       (284, 729, '382 Rowland Lane', '384-622', 'Pinrang', 'Indonesia', 'Pennsylvania'),
       (336, 263, '921 Debra Terrace', '001-454', 'Terong', 'Indonesia', 'Monica'),
       (959, 422, '8496 Dakota Parkway', '806-570', 'Kanli', 'Greece', 'Tennessee'),
       (496, 548, '487 Chinook Drive', '917-663', 'Bukedea', 'Uganda', 'Fairfield'),
       (496, 12, '241 Sugar Pass', '784-559', 'Th Trn Tn Yn', 'Vietnam', 'Packers'),
       (261, 267, '8 Raven Plaza', '826-251', 'Kampong Chhnang', 'Cambodia', 'Green'),
       (103, 808, '163 Linden Crossing', '517-900', 'Gontar', 'Indonesia', 'American'),
       (388, 344, '25 Milwaukee Center', '644-978', 'Mahbourg', 'Mauritius', 'Memorial'),
       (727, 739, '17 Shopko Park', '077-073', 'Toba Tek Singh', 'Pakistan', 'Sachs'),
       (234, 734, '3729 Coolidge Terrace', '415-378', 'Nov Bydov', 'Czech Republic', 'Victoria'),
       (599, 256, '0121 Florence Parkway', '149-823', 'Dopang', 'Indonesia', 'Dakota'),
       (493, 512, '03 Gina Street', '160-712', 'Cinagrog Girang', 'Indonesia', 'Mariners Cove'),
       (138, 248, '36 Rowland Plaza', '538-874', 'Samothrki', 'Greece', 'North'),
       (242, 840, '5 Manitowish Crossing', '411-620', 'Dziadowo', 'Poland', 'Sutteridge'),
       (975, 434, '1 Hudson Court', '802-854', 'Novaya Tavolzhanka', 'Russia', 'Atwood'),
       (927, 791, '20374 Briar Crest Avenue', '429-519', 'Boise', 'United States', 'Briar Crest'),
       (23, 800, '8089 Sunfield Court', '377-913', 'Porto Feliz', 'Brazil', 'Hazelcrest'),
       (196, 948, '6927 Di Loreto Way', '031-529', 'Kokhanava', 'Belarus', 'High Crossing'),
       (912, 596, '4 Oxford Circle', '420-310', 'Jastrebarsko', 'Croatia', 'Coolidge'),
       (996, 250, '72368 Jay Center', '807-339', 'Velikiye Luki', 'Russia', 'Almo'),
       (891, 93, '894 Old Gate Point', '837-365', 'Maungatapere', 'New Zealand', 'Express'),
       (694, 696, '3982 Independence Center', '377-485', 'Obolensk', 'Russia', 'Steensland'),
       (980, 567, '58 Schiller Center', '200-959', 'Foz do Iguau', 'Brazil', 'Banding'),
       (20, 233, '15307 Bunker Hill Road', '122-902', 'Sembon', 'Indonesia', 'Packers'),
       (515, 114, '14096 Crest Line Pass', '041-256', 'Boston', 'United States', 'Tennessee'),
       (910, 134, '6 Melvin Hill', '168-448', 'Dznkharaa', 'Mongolia', 'Summerview'),
       (316, 858, '8 Meadow Vale Drive', '061-655', 'Khvnsr', 'Iran', 'Scott'),
       (350, 273, '778 Welch Terrace', '954-051', 'Mekarsari', 'Indonesia', 'International'),
       (214, 958, '675 Hintze Plaza', '182-875', 'Sangju', 'South Korea', 'Bellgrove'),
       (678, 510, '72 Arapahoe Alley', '423-634', 'Pekuwon', 'Indonesia', 'Truax'),
       (853, 877, '9 Farragut Lane', '641-083', 'Bolderaja', 'Latvia', 'Corscot'),
       (774, 379, '27022 Melby Crossing', '618-946', 'San Jose', 'Mexico', 'Jenifer'),
       (312, 830, '13941 Oak Valley Pass', '453-309', 'Paruro', 'Peru', 'Kings'),
       (709, 722, '8582 Ludington Court', '694-225', 'Novoarkhanhelsk', 'Ukraine', 'Crescent Oaks'),
       (65, 744, '7027 Declaration Trail', '349-248', 'Bebekan', 'Indonesia', 'Texas'),
       (298, 49, '14393 Haas Alley', '552-974', 'Culianin', 'Philippines', 'Coolidge'),
       (359, 177, '5 Haas Road', '542-992', 'Abut', 'Philippines', 'Lien'),
       (991, 655, '4209 Merrick Place', '860-998', 'Culacling', 'Philippines', 'Warner'),
       (537, 344, '04 Amoth Parkway', '543-368', 'Guashe', 'China', 'Division'),
       (845, 10, '5634 Walton Crossing', '745-304', 'Alta Gracia', 'Argentina', 'Acker'),
       (453, 213, '099 Prairie Rose Lane', '657-390', 'Landos', 'Portugal', 'Farragut'),
       (603, 523, '65 Stephen Crossing', '029-130', 'Sosnovaya Polyana', 'Russia', 'Lakewood Gardens'),
       (998, 123, '53 Moland Plaza', '474-783', 'Kov', 'Czech Republic', 'International'),
       (477, 426, '551 Dakota Junction', '320-772', 'Araal', 'Philippines', 'Carey'),
       (483, 39, '602 Miller Lane', '467-471', 'Trnovska Vas', 'Slovenia', 'Village Green'),
       (373, 446, '54948 Acker Hill', '489-646', 'Achertou', 'Cyprus', 'Di Loreto'),
       (612, 229, '0 Oriole Alley', '545-834', 'Jiuting', 'China', 'Troy'),
       (178, 995, '9 Kingsford Road', '949-667', 'Tlogotunggal', 'Indonesia', 'Reinke'),
       (646, 608, '87 Washington Trail', '255-479', 'Bosilovo', 'Macedonia', 'Mayer'),
       (789, 539, '14 Sheridan Hill', '592-596', 'Masingbi', 'Sierra Leone', 'Coolidge'),
       (960, 452, '02 Mcbride Point', '550-765', 'Casigua El Cubo', 'Venezuela', 'Fairfield'),
       (521, 581, '72 Waxwing Alley', '762-090', 'Saint Louis', 'United States', 'Forest'),
       (598, 253, '8809 Bay Pass', '417-183', 'Xinghai', 'China', 'Pearson'),
       (931, 266, '8 Village Green Junction', '971-771', 'akam', 'Jordan', 'Pearson'),
       (4, 554, '5 Cherokee Street', '996-135', 'Biris Daja', 'Indonesia', 'Crowley'),
       (572, 108, '00 Lindbergh Center', '010-373', 'Haixing', 'China', 'Buena Vista'),
       (130, 828, '2 Cambridge Trail', '165-085', 'Obrenovac', 'Serbia', 'Aberg'),
       (225, 204, '532 Fremont Road', '398-159', 'Petaling Jaya', 'Malaysia', 'Annamark'),
       (557, 949, '4612 Farwell Pass', '987-979', 'Alibago', 'Philippines', 'Westport'),
       (786, 43, '4511 Corry Street', '253-756', 'At Tall al Kabr', 'Egypt', 'Warner'),
       (790, 220, '44291 Elmside Place', '299-226', 'Likino-Dulevo', 'Russia', 'Talmadge'),
       (364, 688, '77651 Schlimgen Place', '808-824', 'Plymouth', 'Montserrat', '8th'),
       (656, 110, '86205 Brown Pass', '026-775', 'Majalengka', 'Indonesia', 'Mesta'),
       (45, 375, '58795 Caliangt Crossing', '211-824', 'Aveiras de Cima', 'Portugal', 'Stuart'),
       (224, 925, '9600 John Wall Center', '657-296', 'Gongxi', 'China', 'Welch'),
       (237, 348, '77925 Ruskin Court', '501-507', 'Taraco', 'Peru', 'Ronald Regan'),
       (177, 280, '674 Hanover Junction', '608-293', 'Hi An', 'Vietnam', 'Maywood'),
       (840, 194, '7 Trailsway Terrace', '217-470', 'Kaputian', 'Philippines', 'Hintze'),
       (427, 463, '799 Ramsey Pass', '711-951', 'Guadalupe', 'Peru', 'Barnett'),
       (693, 246, '9326 Roth Pass', '882-753', 'Bukid', 'Philippines', 'Londonderry'),
       (619, 708, '74009 Prairie Rose Pass', '103-790', 'Gualeguay', 'Argentina', 'Donald'),
       (843, 435, '44569 Monument Trail', '243-190', 'Nishor', 'Kosovo', 'Melby'),
       (326, 929, '1 Golf Course Way', '688-737', 'Chongkan', 'China', 'Harbort'),
       (274, 731, '01 Mayfield Pass', '532-371', 'Fengcun', 'China', 'Dryden'),
       (368, 688, '5011 Namekagon Trail', '240-886', 'Bidbid', 'Oman', 'Stone Corner'),
       (61, 271, '118 Calypso Circle', '034-942', 'Jianyangping', 'China', 'Hanson'),
       (52, 270, '8586 Russell Road', '029-668', 'Sopla', 'Indonesia', 'Twin Pines'),
       (415, 644, '4990 Utah Circle', '469-566', 'Bella Vista', 'Dominican Republic', 'Barby'),
       (193, 321, '135 Waubesa Lane', '047-898', 'Tajikeabati', 'China', 'Hansons'),
       (306, 878, '398 Kingsford Court', '232-294', 'Oslo', 'Norway', 'Fulton'),
       (304, 198, '9 Waxwing Trail', '756-105', 'Coln', 'Cuba', 'Mccormick'),
       (930, 455, '3 Lillian Street', '785-748', 'Lenart v Slov. Goricah', 'Slovenia', 'Melby'),
       (197, 154, '5677 Hoard Alley', '996-930', 'Corticeiro de Baixo', 'Portugal', 'Graceland'),
       (913, 152, '3 Carioca Hill', '679-204', 'Dateng', 'Indonesia', 'Porter'),
       (25, 348, '79795 Bartillon Park', '254-722', 'Huazhu', 'China', 'Pine View'),
       (521, 131, '995 Pierstorff Crossing', '737-275', 'Gorna Oryakhovitsa', 'Bulgaria', 'Brentwood'),
       (560, 263, '6281 Kennedy Street', '346-021', 'Svitlovodsk', 'Ukraine', 'Mifflin'),
       (334, 387, '69 Stephen Road', '433-024', 'Llorente', 'Philippines', 'Aberg'),
       (544, 857, '56 Memorial Trail', '391-809', 'Korop', 'Ukraine', 'Larry'),
       (233, 52, '2 Sutteridge Street', '188-156', 'Kartoulas', 'Greece', 'Amoth'),
       (783, 316, '1 Washington Hill', '347-014', 'Houston', 'United States', 'Reinke'),
       (124, 608, '352 Huxley Hill', '430-046', 'Balayang', 'Philippines', 'Lyons'),
       (539, 401, '98 Quincy Street', '204-675', 'Mnogoudobnoye', 'Russia', 'Dahle'),
       (106, 639, '24989 Columbus Way', '965-089', 'Maple Ridge', 'Canada', 'Erie'),
       (830, 185, '2065 Hoard Trail', '624-279', 'Menuma', 'Japan', 'Stang'),
       (739, 560, '50 Chinook Trail', '908-475', 'Radim', 'Czech Republic', 'Laurel'),
       (90, 514, '5065 Warbler Plaza', '182-978', 'Xialiao', 'China', 'Lindbergh'),
       (52, 733, '2 Ruskin Hill', '187-567', 'Ikaalinen', 'Finland', 'Darwin'),
       (470, 811, '17 Park Meadow Circle', '951-245', 'Liuduzhai', 'China', 'Lerdahl'),
       (126, 928, '2 Orin Plaza', '255-835', 'Yongfeng', 'China', 'Buell'),
       (587, 535, '8046 Park Meadow Junction', '504-333', 'Jatirejo', 'Indonesia', 'Anthes'),
       (275, 203, '150 Leroy Road', '447-392', 'Cabarroguis', 'Philippines', 'Forest Dale'),
       (394, 648, '2593 Laurel Plaza', '624-936', 'Tsimlyansk', 'Russia', 'Lake View'),
       (55, 646, '19 Dorton Junction', '310-112', 'Kbenhavn', 'Denmark', 'Summer Ridge'),
       (901, 541, '0 Welch Lane', '416-803', 'Dijon', 'France', 'Aberg'),
       (911, 941, '1584 Sachtjen Crossing', '910-954', 'Polanica-Zdrj', 'Poland', 'Oakridge'),
       (217, 300, '90 Kings Crossing', '578-826', 'Baoshui', 'China', 'Scott'),
       (602, 101, '1 Hanover Parkway', '042-928', 'Gniezno', 'Poland', 'Magdeline'),
       (712, 168, '2 Farmco Junction', '641-984', 'Montelbano', 'Colombia', 'Mayfield'),
       (861, 131, '678 Warrior Court', '106-933', 'Santa Ana', 'El Salvador', 'Eagle Crest'),
       (762, 363, '0592 Leroy Park', '670-955', 'Ziketan', 'China', 'Towne'),
       (604, 360, '8 Fuller Drive', '530-395', 'Lichengdao', 'China', 'Oak Valley'),
       (203, 742, '82231 Mcguire Park', '903-292', 'Norsborg', 'Sweden', 'Burning Wood'),
       (255, 421, '7170 Meadow Vale Hill', '915-690', 'Bone South', 'Philippines', 'Kenwood'),
       (41, 493, '714 Reindahl Trail', '674-104', 'Canmang', 'China', 'Warrior'),
       (161, 468, '46703 Heath Trail', '439-083', 'Santo Tom', 'Argentina', 'Karstens'),
       (726, 703, '92 Hollow Ridge Lane', '828-954', 'Margabakti', 'Indonesia', 'Sugar'),
       (759, 510, '474 Oneill Lane', '814-978', 'Tsilna', 'Russia', 'Springview'),
       (696, 854, '7 Clarendon Drive', '722-660', 'Xiangquan', 'China', 'Graedel'),
       (466, 292, '14 Cottonwood Street', '276-915', 'Blinsung', 'Philippines', 'Prentice'),
       (149, 915, '4 Carpenter Drive', '464-119', 'El Realejo', 'Nicaragua', 'Stone Corner'),
       (534, 397, '1665 Butterfield Point', '796-313', 'Kyllni', 'Greece', 'Loomis'),
       (125, 464, '94 Straubel Hill', '617-960', 'Zhangbagou', 'China', 'Stuart'),
       (700, 217, '0193 Vahlen Circle', '801-902', 'Niksiani', 'Greece', 'Jackson'),
       (909, 160, '2993 Clarendon Crossing', '263-752', 'Antsirabe', 'Madagascar', 'Randy'),
       (444, 788, '6 Annamark Park', '587-202', 'Mutsu', 'Japan', 'Helena'),
       (679, 639, '80 Carey Way', '102-548', 'Secang Barat', 'Indonesia', 'Carpenter'),
       (604, 169, '1439 Raven Street', '731-164', 'Bang Rakam', 'Thailand', 'Mariners Cove'),
       (608, 660, '419 Dottie Way', '353-908', 'Grazhdanskoye', 'Russia', 'Eggendart'),
       (227, 846, '7 Mesta Junction', '524-995', 'Sanjiao', 'China', 'Magdeline'),
       (287, 669, '2391 Nelson Alley', '471-011', 'Hovorany', 'Czech Republic', 'Manley'),
       (384, 742, '37 Montana Crossing', '427-877', 'Zhankhoteko', 'Russia', 'Express'),
       (585, 943, '979 Reindahl Point', '166-245', 'Guadalupe', 'Mexico', 'Twin Pines'),
       (620, 373, '93 Weeping Birch Park', '460-457', 'Saint-Marcellin', 'France', 'Russell'),
       (285, 677, '06415 Lindbergh Avenue', '985-883', 'Bolinao', 'Philippines', 'Ilene'),
       (898, 116, '3028 Sycamore Plaza', '231-165', 'Huangtian', 'China', 'Thompson'),
       (483, 620, '97 Sycamore Circle', '032-177', 'Sergelen', 'Mongolia', 'Trailsway'),
       (726, 8, '080 Glendale Court', '292-260', 'Haligue', 'Philippines', 'Cottonwood'),
       (872, 938, '17260 1st Trail', '556-747', 'Ciawi', 'Indonesia', 'Banding'),
       (182, 666, '602 Mifflin Crossing', '547-546', 'Spitak', 'Armenia', 'Charing Cross'),
       (282, 663, '130 Red Cloud Avenue', '136-400', 'Tabonok', 'Philippines', 'Kennedy'),
       (209, 78, '1367 Hoard Road', '836-504', 'Daxin', 'China', 'Monterey'),
       (914, 694, '67 Troy Crossing', '223-004', 'Budzw', 'Poland', '7th'),
       (546, 353, '02 Rutledge Point', '393-988', 'Soko', 'Indonesia', 'Sutherland'),
       (557, 317, '60497 Del Sol Hill', '789-177', 'Dstomo', 'Greece', 'Packers'),
       (15, 778, '1 Lotheville Center', '892-290', 'Joconal', 'Honduras', 'Huxley'),
       (825, 176, '802 Springview Trail', '609-248', 'Meghrashen', 'Armenia', 'Delladonna'),
       (956, 92, '7558 Eliot Place', '637-493', 'Brao do Norte', 'Brazil', 'Bayside'),
       (501, 810, '431 Chive Parkway', '339-984', 'Shalya', 'Russia', 'Red Cloud'),
       (600, 477, '9 Briar Crest Hill', '479-313', 'Non Suwan', 'Thailand', 'Maple Wood'),
       (713, 790, '79 Cambridge Hill', '835-030', 'Saladas', 'Argentina', 'Havey'),
       (289, 426, '77 Mccormick Circle', '988-409', 'Xintaimen', 'China', 'Monument'),
       (560, 372, '7844 Emmet Drive', '132-940', 'Caador', 'Brazil', 'Sugar'),
       (30, 454, '2 Drewry Crossing', '776-813', 'Xinhang', 'China', 'Lawn'),
       (137, 11, '99539 Muir Drive', '102-537', 'Camatagua', 'Venezuela', 'Washington'),
       (559, 108, '26 Crowley Park', '147-312', 'Lawesigalagala Timur', 'Indonesia', 'Lerdahl'),
       (3, 956, '40161 Nobel Parkway', '183-652', 'Xiaocun', 'China', 'Bartillon'),
       (8, 405, '57510 Sherman Parkway', '172-321', 'Cholet', 'France', 'Bultman'),
       (378, 810, '488 Shopko Hill', '943-029', 'Natal', 'Brazil', 'Rigney'),
       (462, 956, '31301 Spenser Trail', '126-794', 'Hadli', 'Pakistan', 'Reinke'),
       (686, 268, '659 Homewood Avenue', '283-791', 'Ingar', 'Sweden', 'Talisman'),
       (406, 675, '1 Swallow Point', '102-409', 'Ciro Redondo', 'Cuba', 'Rigney'),
       (614, 948, '6 Declaration Park', '871-333', 'Wanmu', 'China', 'Dawn'),
       (387, 541, '6 Starling Place', '072-352', 'Jnkping', 'Sweden', 'Larry'),
       (452, 883, '289 Goodland Parkway', '840-924', 'Poniatowa', 'Poland', 'Mayfield'),
       (575, 835, '6 Walton Pass', '738-287', 'Domsj', 'Sweden', 'Saint Paul'),
       (723, 401, '1123 Susan Point', '257-432', 'Stockholm', 'Sweden', 'Dwight'),
       (4, 335, '73933 John Wall Drive', '462-282', 'Xinjie', 'China', 'Golden Leaf'),
       (539, 908, '4603 Rowland Pass', '373-404', 'Quatro Barras', 'Brazil', 'Laurel'),
       (392, 14, '66 Petterle Road', '980-005', 'Pimentel', 'Dominican Republic', 'Vernon'),
       (68, 508, '91 Sugar Lane', '256-642', 'Enskede', 'Sweden', 'Mendota'),
       (181, 22, '7767 Heffernan Parkway', '725-563', 'Quixeramobim', 'Brazil', 'Northport'),
       (20, 472, '9 Arizona Alley', '422-119', 'Kedungbang', 'Indonesia', 'Dunning'),
       (935, 565, '82 Larry Way', '028-986', 'Roubaix', 'France', 'Debs'),
       (867, 454, '38 Rockefeller Terrace', '114-643', 'Dasht-e Arch', 'Afghanistan', 'South'),
       (690, 340, '48 Porter Avenue', '425-896', 'Bel Air Rivire Sche', 'Mauritius', 'Red Cloud'),
       (907, 562, '0264 Sycamore Court', '892-169', 'New York City', 'United States', 'Carioca'),
       (182, 697, '09 Butterfield Parkway', '623-143', 'Klembivka', 'Ukraine', 'Pearson'),
       (166, 178, '7387 Forest Alley', '225-637', 'Sulitair', 'Indonesia', 'Loomis'),
       (723, 586, '42247 Fair Oaks Drive', '421-896', 'Sevilla', 'Colombia', 'Mendota'),
       (29, 318, '40505 Stang Avenue', '163-101', 'Bokong Timur', 'Indonesia', 'Fairfield'),
       (460, 779, '40494 Fairfield Terrace', '542-469', 'Zhangqing', 'China', 'Lindbergh'),
       (800, 12, '699 Pine View Court', '387-680', 'Malasiqui', 'Philippines', 'Ronald Regan'),
       (575, 969, '800 Eastlawn Center', '554-003', 'Kemis', 'Ethiopia', 'Pankratz'),
       (218, 903, '0350 Surrey Center', '480-527', 'Tres Arroyos', 'Argentina', 'Prairieview'),
       (817, 647, '75 Thackeray Junction', '957-798', 'Zhonggang', 'China', 'Forest Run'),
       (670, 893, '1 Division Junction', '770-148', 'Narok', 'Kenya', 'Stuart'),
       (725, 689, '9 Arkansas Place', '617-640', 'Linkping', 'Sweden', 'Buell'),
       (616, 314, '87 Springview Circle', '914-965', 'Jiedu', 'China', 'Mcbride'),
       (506, 512, '369 Little Fleur Way', '797-707', 'Seremban', 'Malaysia', 'Eastlawn'),
       (455, 918, '03341 Milwaukee Center', '829-625', 'Dubrava', 'Croatia', 'Dovetail'),
       (141, 831, '43 Sachtjen Road', '913-102', 'Na Snta', 'Greece', 'Elka'),
       (969, 532, '9 Mariners Cove Place', '952-591', 'Ponta Delgada', 'Portugal', '4th'),
       (174, 103, '9449 Jackson Place', '224-704', 'Mend', 'Ethiopia', 'Village Green'),
       (280, 606, '3439 Russell Parkway', '510-068', 'Reno', 'United States', 'Eggendart'),
       (779, 63, '1 Hayes Avenue', '727-676', 'Cabanbanan', 'Philippines', 'Emmet'),
       (911, 488, '24031 Chinook Point', '724-126', 'Brengkok', 'Indonesia', 'Anhalt'),
       (851, 853, '441 Dunning Court', '759-740', 'Baklashi', 'Russia', 'Walton'),
       (730, 628, '97474 Loftsgordon Drive', '697-629', 'Kastav', 'Croatia', 'Muir'),
       (335, 770, '11052 David Street', '353-747', 'Sande So Martinho', 'Portugal', 'Goodland'),
       (693, 747, '2773 Aberg Drive', '575-014', 'Retenggoma', 'Indonesia', 'Meadow Vale'),
       (497, 238, '45 Darwin Court', '367-011', 'Bobonan', 'Philippines', 'Caliangt'),
       (844, 35, '8915 Novick Place', '638-577', 'Fria', 'Guinea', 'Tennyson'),
       (134, 278, '64 Kingsford Hill', '822-837', 'Cisewu', 'Indonesia', 'Merry'),
       (40, 432, '3724 Superior Drive', '674-323', 'Capandanan', 'Philippines', 'Spenser'),
       (770, 229, '36982 Park Meadow Park', '789-360', 'Kibondo', 'Tanzania', 'Old Gate'),
       (978, 170, '078 American Ash Avenue', '584-968', 'Qalyb', 'Egypt', 'Maryland'),
       (211, 149, '319 Monica Drive', '931-671', 'Ban Chang', 'Thailand', 'Starling'),
       (467, 966, '09275 Morningstar Park', '704-944', 'Khn Arnabah', 'Syria', 'Ridge Oak'),
       (595, 302, '8400 Farmco Road', '864-669', 'Preobrazhenka', 'Ukraine', 'Gina'),
       (810, 547, '3 Randy Hill', '056-960', 'Gunungpeundeuy', 'Indonesia', 'Clarendon'),
       (757, 137, '8 Hallows Alley', '473-351', 'San Manuel Chaparrn', 'Guatemala', 'Armistice'),
       (724, 322, '0119 Hazelcrest Parkway', '517-877', 'Gevgelija', 'Macedonia', 'Kensington'),
       (75, 402, '824 Ohio Avenue', '324-040', 'Bunut', 'Indonesia', 'Bobwhite'),
       (16, 765, '72 Kipling Pass', '713-874', 'Xiabeisi', 'China', 'Mosinee'),
       (250, 209, '772 Luster Circle', '977-588', 'Dhangarhi', 'Nepal', 'Saint Paul'),
       (469, 180, '11 Katie Avenue', '168-243', 'Daeosin Satu', 'Indonesia', 'Londonderry'),
       (657, 705, '84 Russell Junction', '838-862', 'Mesgi', 'Cyprus', '6th'),
       (575, 660, '4 Welch Road', '315-728', 'Sydney', 'Australia', 'Sunfield'),
       (601, 653, '954 Merrick Alley', '710-322', 'Isaka', 'Tanzania', 'Mitchell'),
       (492, 219, '32 Crowley Road', '808-542', 'Panadura', 'Sri Lanka', 'Buhler'),
       (61, 621, '405 Coleman Way', '968-989', 'Vsters', 'Sweden', 'Schlimgen'),
       (403, 381, '3 Fairfield Avenue', '313-609', 'Esquina', 'Argentina', 'Mayer'),
       (794, 665, '28 Mockingbird Trail', '070-085', 'Wanzhai', 'China', 'Elmside'),
       (153, 554, '00 Independence Park', '548-317', 'Vitanje', 'Slovenia', 'Heffernan'),
       (645, 36, '73913 Oak Valley Lane', '069-907', 'Krojo', 'Indonesia', 'Hermina'),
       (556, 748, '879 Homewood Crossing', '360-722', 'dam', 'Oman', 'Towne'),
       (1000, 792, '97390 Crescent Oaks Place', '673-426', 'Stockholm', 'Sweden', 'Oneill'),
       (257, 12, '21 Texas Pass', '887-559', 'Lomme', 'France', 'Eagle Crest'),
       (514, 177, '14588 Charing Cross Circle', '776-743', 'Puncakwangi', 'Indonesia', 'Waywood'),
       (150, 433, '7767 Pleasure Point', '607-268', 'Lijie', 'China', 'Duke'),
       (941, 175, '83585 Moland Road', '599-027', 'Ad Dujayl', 'Iraq', 'Orin'),
       (879, 623, '47123 Prairie Rose Road', '027-716', 'Faro', 'Portugal', 'Scott'),
       (41, 642, '657 Hallows Road', '007-242', 'Kotawaikabubak', 'Indonesia', 'La Follette'),
       (524, 31, '493 Dawn Court', '965-268', 'Wujian', 'China', 'Summer Ridge'),
       (386, 898, '3591 Jenifer Street', '464-881', 'Huazangsi', 'China', 'Sage'),
       (274, 629, '35460 Tomscot Place', '373-853', 'Tangzi', 'China', 'Mallory'),
       (101, 724, '9 Browning Court', '210-535', 'Guanchi', 'China', 'Corry'),
       (556, 397, '83 Sunbrook Circle', '576-878', 'Ramenki', 'Russia', 'Eliot'),
       (84, 279, '630 Starling Pass', '991-330', 'Saint Petersburg', 'United States', 'Dawn'),
       (652, 183, '33800 Sunfield Alley', '243-820', 'Imbituva', 'Brazil', 'Oxford'),
       (814, 631, '78 Mayfield Junction', '334-031', 'Taohuajiang', 'China', 'Calypso'),
       (834, 891, '55 Northland Street', '284-680', 'Fonte da Vaca', 'Portugal', 'West'),
       (598, 300, '09 Aberg Crossing', '851-999', 'Lihu', 'China', 'Hoard'),
       (697, 935, '47689 Graedel Street', '991-552', 'Ouyang', 'China', 'Morning'),
       (836, 856, '97 Daystar Court', '366-044', 'Lincheng', 'China', 'Meadow Valley'),
       (970, 678, '1924 Aberg Hill', '425-183', 'Zhizhong', 'China', 'Mendota'),
       (303, 458, '1 Sachs Junction', '989-906', 'Przyborw', 'Poland', 'Fisk'),
       (120, 652, '09 Cody Terrace', '761-093', 'Kotovsk', 'Ukraine', '5th'),
       (491, 3, '06 Pine View Crossing', '492-673', 'amberk', 'Czech Republic', 'Warrior'),
       (968, 149, '1 Springs Hill', '683-313', 'Gotovlje', 'Slovenia', 'Clemons'),
       (356, 913, '83 Duke Junction', '504-658', 'Kragujevac', 'Serbia', 'Dahle'),
       (330, 244, '70 Stoughton Alley', '770-204', 'Sheshory', 'Ukraine', 'Lukken'),
       (964, 596, '4540 Susan Lane', '715-588', 'Taishanmiao', 'China', '7th'),
       (415, 929, '060 Miller Street', '641-132', 'Vicente Guerrero', 'Mexico', 'Delladonna'),
       (379, 835, '3 Washington Hill', '524-606', 'Galveias', 'Portugal', 'Sycamore'),
       (241, 877, '4898 Bay Trail', '920-378', 'Spanish Wells', 'Bahamas', 'Charing Cross'),
       (881, 912, '17 Del Sol Center', '484-351', 'Kantharalak', 'Thailand', 'Dawn'),
       (692, 591, '3 Jana Parkway', '863-223', 'Knoxville', 'United States', 'Everett'),
       (288, 559, '036 Morrow Lane', '619-941', 'Hu', 'Vietnam', 'Dahle'),
       (208, 678, '38 Manitowish Trail', '713-645', 'Siguinon', 'Philippines', 'Buhler'),
       (825, 35, '5215 Graedel Crossing', '850-037', 'Gaoliang', 'China', 'Fisk'),
       (319, 977, '83 Dorton Park', '275-231', 'Uppsala', 'Sweden', 'Becker'),
       (284, 774, '7659 Tomscot Crossing', '338-660', 'Ordino', 'Andorra', 'Springs'),
       (740, 512, '97 Pierstorff Center', '578-604', 'Piastw', 'Poland', 'Cardinal'),
       (375, 466, '85095 Corscot Center', '488-662', 'Ferbane', 'Ireland', 'Scoville'),
       (946, 784, '1550 American Lane', '790-058', 'Eucaliptus', 'Bolivia', 'Rusk'),
       (639, 298, '960 Nevada Parkway', '659-218', 'Qiakeri', 'China', 'Lerdahl'),
       (437, 503, '54338 Dahle Hill', '376-649', 'Kamogatach-kamogata', 'Japan', 'Jackson'),
       (339, 215, '495 Ridgeview Pass', '672-770', 'Labge', 'France', 'Bartelt'),
       (632, 408, '03 Shasta Center', '056-376', 'Sendai', 'Japan', 'Texas'),
       (237, 848, '5469 Armistice Plaza', '507-219', 'Knitsa', 'Greece', 'Iowa'),
       (469, 966, '47 Thierer Terrace', '460-160', 'Tahilt', 'Mongolia', 'East'),
       (326, 358, '6 Burrows Park', '211-978', 'Ikaalinen', 'Finland', 'Atwood'),
       (487, 865, '4 Riverside Pass', '594-161', 'La Mesa', 'Panama', 'Macpherson'),
       (48, 870, '0 Melvin Drive', '652-238', 'Suisan', 'South Korea', 'Waxwing'),
       (29, 809, '69 Hovde Center', '645-250', 'Tengah', 'Indonesia', 'Main'),
       (48, 862, '003 Jay Junction', '441-432', 'Hostradice', 'Czech Republic', 'Bayside'),
       (18, 184, '247 Summerview Road', '470-483', 'Maoping', 'China', 'Summit'),
       (752, 380, '7100 Westend Alley', '746-217', 'Letsheng', 'Botswana', 'Tomscot'),
       (211, 40, '361 Ridge Oak Park', '480-259', 'Sayang Lauq', 'Indonesia', 'Sunbrook'),
       (252, 752, '23314 Corscot Park', '578-700', 'Wufeng', 'China', 'Scott'),
       (963, 861, '91 Warbler Drive', '364-694', 'Villa Regina', 'Argentina', 'Bartillon'),
       (753, 355, '828 Kennedy Alley', '647-664', 'Ampahana', 'Madagascar', 'Riverside'),
       (876, 482, '0234 Corben Lane', '183-778', 'Sindang', 'Indonesia', 'Norway Maple'),
       (483, 614, '46857 Beilfuss Court', '709-778', 'Xinjie', 'China', 'Elmside'),
       (196, 250, '0687 Cambridge Point', '874-517', 'Khartsyzk', 'Ukraine', 'Kennedy'),
       (700, 205, '9 Lotheville Alley', '859-221', 'Bin Yauri', 'Nigeria', 'Novick'),
       (410, 748, '9 Dovetail Street', '991-839', 'Lokossa', 'Benin', 'Elgar'),
       (486, 537, '28 Village Green Junction', '106-194', 'Marsa Alam', 'Egypt', 'Lakewood Gardens'),
       (298, 857, '1847 Jenifer Avenue', '578-920', 'Dhuusamarreeb', 'Somalia', 'Southridge'),
       (533, 833, '10 Shopko Avenue', '106-738', 'Washington', 'United States', 'Onsgard'),
       (174, 34, '11113 Tennyson Junction', '261-087', 'Tisno', 'Croatia', 'Anniversary'),
       (647, 950, '86591 Del Mar Center', '294-520', 'Hennenman', 'South Africa', 'Vera'),
       (947, 743, '2670 Morningstar Parkway', '532-143', 'Veinticinco de Mayo', 'Argentina', 'Dryden'),
       (754, 32, '5 Gulseth Pass', '439-821', 'Senhor do Bonfim', 'Brazil', 'Shasta'),
       (397, 681, '5667 Cambridge Pass', '066-761', 'Sidem', 'Indonesia', 'Florence'),
       (97, 743, '99863 John Wall Court', '035-650', 'Rosice', 'Czech Republic', 'Stephen'),
       (590, 271, '14615 Fairfield Junction', '965-868', 'Uppsala', 'Sweden', 'Brickson Park'),
       (649, 462, '42 Kenwood Place', '711-943', 'Sukaratu', 'Indonesia', 'Eagle Crest'),
       (538, 482, '41585 Parkside Drive', '834-427', 'Wugong', 'China', 'Aberg'),
       (90, 804, '50748 Kinsman Way', '550-056', 'Sspw', 'Poland', 'Pleasure'),
       (913, 310, '0585 Welch Lane', '650-533', 'Stebnyk', 'Ukraine', 'Heath'),
       (174, 679, '5 Fordem Junction', '065-475', 'Wotho', 'Marshall Islands', 'Lunder'),
       (399, 24, '78349 Farragut Place', '574-018', 'Baraais', 'Portugal', 'David'),
       (1000, 821, '83490 Columbus Court', '510-651', 'Pengshi', 'China', 'Duke'),
       (76, 198, '6 Green Ridge Trail', '198-079', 'Roshchino', 'Russia', 'Crowley'),
       (654, 116, '1 Mitchell Junction', '781-139', 'Pittsburgh', 'United States', 'Ramsey'),
       (325, 337, '614 Toban Park', '820-472', 'Ribeiro da Ilha', 'Brazil', 'Vermont'),
       (514, 779, '82670 Utah Drive', '422-786', 'Era', 'Indonesia', 'Bultman'),
       (249, 998, '88 Northfield Pass', '886-815', 'Welchman Hall', 'Barbados', 'Meadow Ridge'),
       (335, 763, '5 Spenser Hill', '087-462', 'Nacka', 'Sweden', 'School'),
       (507, 376, '1548 Mosinee Circle', '474-599', 'Livadiya', 'Ukraine', 'Schiller'),
       (71, 729, '5 American Ash Crossing', '291-529', 'Gaoshi', 'China', 'Colorado'),
       (583, 610, '97 Vidon Street', '698-603', 'Bremen', 'Germany', 'Stoughton'),
       (982, 688, '9 Merchant Pass', '930-668', 'Chagou', 'China', 'Stephen'),
       (407, 161, '0 Buhler Lane', '553-718', 'Xiushi', 'China', 'Del Mar'),
       (273, 158, '683 Bunker Hill Way', '586-329', 'Jaruco', 'Cuba', 'Bashford'),
       (632, 638, '82149 Fieldstone Plaza', '560-862', 'Cennan', 'China', 'Basil'),
       (728, 266, '5 Ruskin Way', '517-756', 'Tabio', 'Philippines', 'Sommers'),
       (320, 510, '2571 Thackeray Crossing', '038-458', 'Sarrebourg', 'France', 'Eggendart'),
       (469, 487, '30286 Dottie Point', '467-030', 'Chacarita', 'Costa Rica', 'Little Fleur'),
       (945, 137, '37248 Dottie Circle', '278-115', 'Lapinjrvi', 'Finland', 'Lotheville'),
       (188, 613, '9833 Shopko Point', '139-680', 'Antes', 'Portugal', 'Homewood'),
       (779, 366, '0 Everett Terrace', '397-250', 'Oslo', 'Norway', 'Springview'),
       (689, 96, '81 Moulton Junction', '607-534', 'Leppvirta', 'Finland', 'Division'),
       (104, 540, '20810 Anhalt Junction', '197-676', 'Aiguo', 'China', 'Dexter'),
       (716, 811, '2 Rowland Road', '256-372', 'Karabash', 'Russia', '3rd'),
       (795, 625, '797 Everett Way', '588-485', 'Tongan', 'China', 'Kropf'),
       (708, 16, '52 Lakewood Gardens Plaza', '132-037', 'Dublje', 'Serbia', 'Oneill'),
       (932, 428, '65 Schiller Street', '229-591', 'Bang Racham', 'Thailand', 'Scofield'),
       (568, 490, '23662 Utah Way', '765-890', 'Hobo', 'Philippines', 'Del Sol'),
       (439, 593, '04 Miller Crossing', '913-865', 'New Mrpur', 'Pakistan', 'Hoard'),
       (645, 853, '83 Hovde Parkway', '546-164', 'Sieniawa', 'Poland', 'Stephen'),
       (454, 934, '27831 Knutson Lane', '402-456', 'Krouna', 'Czech Republic', 'Rigney'),
       (192, 512, '701 Hoffman Pass', '646-072', 'Qiewa', 'China', 'Dunning'),
       (262, 510, '86 Moland Avenue', '245-181', 'Revolucion', 'Mexico', 'Haas'),
       (64, 496, '6792 Westend Place', '396-468', 'San Cristobal', 'Mexico', 'Bay'),
       (992, 526, '3048 Westend Plaza', '073-641', 'Bom Conselho', 'Brazil', 'Browning'),
       (645, 731, '918 Hooker Alley', '939-009', 'Shihuajian', 'China', 'Westridge'),
       (441, 179, '2 Fairfield Circle', '404-893', 'Gorelovo', 'Russia', 'Victoria'),
       (443, 908, '0251 Jana Circle', '188-082', 'Yafran', 'Libya', 'Commercial'),
       (278, 193, '1 Northview Junction', '579-287', 'Cigembong', 'Indonesia', 'Meadow Ridge'),
       (910, 895, '163 4th Hill', '876-777', 'Fuchang', 'China', 'Vernon'),
       (399, 99, '3 Jay Place', '974-020', 'Beoga', 'Indonesia', 'Waubesa'),
       (161, 473, '7 Springview Center', '527-467', 'Puning', 'China', 'Helena'),
       (222, 367, '4866 Morning Street', '733-411', 'Nzrkor', 'Guinea', 'Carioca'),
       (244, 292, '0 Harbort Hill', '693-098', 'Liche Stary', 'Poland', 'Waubesa'),
       (175, 122, '308 Rutledge Crossing', '138-643', 'Borek', 'Poland', 'Bobwhite'),
       (913, 613, '1 Transport Point', '221-093', 'Charlotte', 'United States', 'Independence'),
       (168, 781, '4346 Boyd Park', '003-649', 'Chumpi', 'Peru', 'Old Shore'),
       (68, 301, '65 Cody Park', '044-212', 'Jiusi', 'China', 'Wayridge'),
       (417, 359, '4216 Glacier Hill Point', '237-051', 'Zicheng', 'China', 'Grover'),
       (716, 447, '57 Melvin Trail', '752-490', 'Pomacanchi', 'Peru', 'Maryland'),
       (875, 4, '1201 Cody Lane', '412-260', 'Point Hill', 'Jamaica', '6th'),
       (576, 594, '99 Ronald Regan Junction', '563-856', 'Xinqiao', 'China', 'Mifflin'),
       (601, 41, '48138 Starling Center', '501-516', 'Niort', 'France', 'Dryden'),
       (158, 728, '3440 Ludington Court', '693-768', 'Verkhniye Oselki', 'Russia', 'Oxford'),
       (544, 486, '51707 Holmberg Crossing', '351-674', 'Bilea', 'Bosnia and Herzegovina', '3rd'),
       (790, 943, '69381 Reindahl Pass', '418-082', 'Bagrm', 'Afghanistan', 'Haas'),
       (758, 645, '8 Reinke Center', '530-376', 'Piraquara', 'Brazil', 'Westport'),
       (599, 387, '6 Lillian Center', '822-768', 'Dongfeng', 'China', 'Heffernan'),
       (522, 403, '3451 Del Sol Park', '425-365', 'No Kunda', 'Gambia', 'Meadow Ridge'),
       (453, 88, '34570 Clove Way', '724-173', 'San Miguel', 'Paraguay', 'Erie'),
       (66, 924, '77026 Debra Pass', '834-423', 'Dibba Al-Hisn', 'United Arab Emirates', 'Veith'),
       (349, 81, '490 Northview Trail', '450-520', 'Kolomanu', 'Indonesia', 'Acker'),
       (296, 364, '06940 Anniversary Lane', '991-574', 'Quwa', 'China', 'Schmedeman'),
       (551, 122, '8898 Graceland Road', '472-220', 'Cte-Saint-Luc', 'Canada', 'Burrows'),
       (466, 264, '8 Sunnyside Way', '714-728', 'Cicapar', 'Indonesia', 'Mandrake'),
       (94, 234, '35 Granby Trail', '662-636', 'Montecillo', 'Philippines', 'Norway Maple'),
       (866, 534, '7171 School Hill', '022-453', 'Renshan', 'China', 'Cordelia'),
       (44, 569, '1561 Barnett Trail', '441-055', 'Iza', 'Ukraine', 'Buell'),
       (881, 809, '73238 Sunnyside Point', '750-520', 'Tatabnya', 'Hungary', 'Fairview'),
       (454, 409, '46696 Division Junction', '074-002', 'Girona', 'Spain', 'Aberg'),
       (595, 369, '5 Dottie Court', '705-828', 'Namur', 'Belgium', 'Express'),
       (2, 446, '975 Novick Park', '729-528', 'Maastricht', 'Netherlands', 'Drewry'),
       (191, 368, '2 Oak Valley Plaza', '353-506', 'Zhangdian', 'China', 'Carioca'),
       (867, 73, '026 Brentwood Hill', '666-995', 'La Colorada', 'Panama', 'Burning Wood'),
       (523, 819, '3632 Prairieview Lane', '424-502', 'Caapava do Sul', 'Brazil', 'Carberry'),
       (17, 257, '4229 Waywood Street', '557-200', 'Osypenko', 'Ukraine', 'Kinsman'),
       (835, 674, '902 Parkside Parkway', '245-969', 'Utama Wetan', 'Indonesia', 'Dixon'),
       (697, 326, '0 Fremont Street', '598-337', 'La Cumbre', 'Argentina', 'Sycamore'),
       (469, 245, '2 Grayhawk Parkway', '723-579', 'Calabugao', 'Philippines', 'Summer Ridge'),
       (788, 569, '83 Porter Alley', '214-544', 'Ozerki', 'Russia', 'Helena'),
       (313, 401, '33 Northwestern Road', '927-720', 'Bayt Dajan', 'Palestinian Territory', 'Anhalt'),
       (739, 750, '20 Clyde Gallagher Center', '888-108', 'Aguas Verdes', 'Peru', 'Westend'),
       (615, 830, '9 Magdeline Junction', '015-147', 'Talayan', 'Philippines', 'Eliot'),
       (227, 362, '5380 Dunning Avenue', '525-935', 'Sudogda', 'Russia', 'Walton'),
       (429, 54, '555 Linden Trail', '673-993', 'Xagmakajor', 'China', 'Rusk'),
       (35, 322, '4903 Nancy Place', '418-688', 'Ume', 'Sweden', 'Wayridge'),
       (314, 424, '2788 Rieder Trail', '006-278', 'Pamatang', 'Indonesia', 'Comanche'),
       (951, 990, '4733 Lukken Road', '082-230', 'Alor Setar', 'Malaysia', 'Melody'),
       (45, 707, '7981 Canary Lane', '576-529', 'Birmingham', 'United States', 'Bellgrove'),
       (37, 481, '377 Walton Avenue', '724-858', 'Nantes', 'France', 'Kropf'),
       (557, 44, '40435 Buell Trail', '614-251', 'Batanghari', 'Indonesia', 'Village Green'),
       (417, 869, '32218 Stone Corner Parkway', '506-950', 'Pinghu', 'China', 'Gina'),
       (51, 160, '53355 Melrose Park', '595-516', 'Qorashina', 'Uzbekistan', 'Old Shore'),
       (944, 781, '3563 Gulseth Road', '491-871', 'Marseille', 'France', 'Rockefeller'),
       (556, 462, '67755 Lunder Park', '005-136', 'Aubagne', 'France', 'Vermont'),
       (972, 843, '01 Memorial Street', '694-931', 'Belajen', 'Indonesia', 'Golf Course'),
       (113, 804, '01 Crescent Oaks Hill', '404-674', 'Naprawa', 'Poland', 'Hazelcrest'),
       (174, 631, '777 Duke Terrace', '970-830', 'Ode', 'Nigeria', 'Corben'),
       (456, 708, '48 Cordelia Trail', '578-559', 'Velikovechnoye', 'Russia', 'Reinke'),
       (577, 241, '4 Express Place', '855-190', 'Listowel', 'Ireland', 'Jenifer'),
       (544, 18, '49 Birchwood Hill', '431-532', 'Vokhak', 'Greece', 'Victoria'),
       (130, 905, '12 Heffernan Avenue', '837-721', 'Tarogong', 'Indonesia', 'Jenifer'),
       (985, 49, '93293 Drewry Parkway', '014-307', 'Nuevo Berln', 'Uruguay', 'Arizona'),
       (590, 755, '7 Bayside Drive', '072-260', 'Bom Despacho', 'Brazil', 'Gateway'),
       (903, 119, '4 Heath Circle', '554-738', 'Zhutuo', 'China', 'Mesta'),
       (742, 117, '58 Golf Lane', '717-971', 'Licheng', 'China', 'Jenna'),
       (230, 661, '0994 Johnson Court', '055-990', 'Hllviken', 'Sweden', 'Glacier Hill'),
       (822, 692, '356 Heffernan Crossing', '210-335', 'Lentisqueira', 'Portugal', 'Karstens'),
       (611, 898, '2 Hagan Avenue', '783-036', 'Al Majd', 'Palestinian Territory', 'North'),
       (213, 432, '77293 Glendale Drive', '233-277', 'Xingyi', 'China', 'Forest Dale'),
       (263, 595, '11 Old Gate Circle', '503-452', 'Selizharovo', 'Russia', 'Sullivan'),
       (671, 698, '485 8th Lane', '743-939', 'Toyohashi', 'Japan', 'Independence'),
       (95, 61, '8 Grasskamp Point', '787-526', 'Nogueira', 'Portugal', 'Grim'),
       (192, 909, '9 Talmadge Alley', '375-330', 'Dofa', 'Indonesia', 'Loftsgordon'),
       (677, 264, '318 Magdeline Pass', '860-428', 'Mino', 'Japan', 'Moulton'),
       (889, 458, '3 Hallows Road', '706-358', 'Chahe', 'China', 'Ruskin'),
       (578, 12, '132 Pennsylvania Alley', '688-937', 'Pimenta Bueno', 'Brazil', 'Dakota'),
       (202, 109, '799 Oneill Place', '683-637', 'Brao do Norte', 'Brazil', 'Dayton'),
       (130, 347, '9488 Steensland Hill', '963-103', 'Tanagara', 'Indonesia', 'Clarendon'),
       (856, 933, '3965 Sugar Avenue', '147-042', 'Uniov', 'Czech Republic', 'Maryland'),
       (898, 974, '6836 Scott Circle', '735-498', 'Nangerang', 'Indonesia', 'Jana'),
       (215, 8, '8205 Susan Trail', '445-999', 'elezniki', 'Slovenia', 'Morrow'),
       (504, 866, '378 Ramsey Street', '874-708', 'Eira da Pedra', 'Portugal', 'Sugar'),
       (87, 315, '83 Hovde Way', '952-049', 'Ryczyw', 'Poland', 'Ridgeway'),
       (521, 941, '40 Amoth Point', '979-055', 'Podgorenskiy', 'Russia', 'Forest Run'),
       (530, 583, '774 Fairview Plaza', '883-856', 'Curahpacul Satu', 'Indonesia', 'Barby'),
       (613, 814, '70915 Bellgrove Hill', '988-188', 'Raleigh', 'United States', 'Towne'),
       (843, 237, '96976 Ilene Court', '024-272', 'Polanica-Zdrj', 'Poland', 'Mccormick'),
       (233, 607, '5703 Hayes Court', '411-009', 'Curitibanos', 'Brazil', 'Darwin'),
       (729, 411, '915 Longview Park', '970-887', 'Cortez', 'Philippines', 'Eagan'),
       (617, 35, '36 Cordelia Pass', '115-825', 'Baoquanshan', 'China', 'Clyde Gallagher'),
       (146, 974, '77 Bay Alley', '799-197', 'Babantar', 'Indonesia', 'Barby'),
       (957, 820, '835 Basil Street', '379-062', 'Milwaukee', 'United States', 'Calypso'),
       (644, 286, '2620 Donald Street', '283-714', 'Mcholupy', 'Czech Republic', 'Commercial'),
       (972, 131, '858 Lerdahl Circle', '538-316', 'Ewirgol', 'China', 'Longview'),
       (213, 810, '8 Springs Plaza', '932-822', 'Albi', 'France', 'Park Meadow'),
       (288, 321, '33 Carioca Park', '610-386', 'Estncia', 'Brazil', 'Maple Wood'),
       (626, 737, '3439 Elka Place', '435-377', 'Columbus', 'United States', 'Mendota'),
       (133, 407, '105 Dahle Alley', '839-293', 'Crteil', 'France', 'Morning'),
       (505, 895, '00 Anthes Road', '311-464', 'Roches Noire', 'Mauritius', 'Erie'),
       (62, 991, '2104 Pankratz Way', '827-479', 'Mapiripn', 'Colombia', 'Holmberg'),
       (133, 898, '49 Dapin Drive', '523-289', 'Sobang', 'Indonesia', 'Quincy'),
       (286, 935, '1 Farwell Junction', '261-485', 'Carmen de Viboral', 'Colombia', 'Stephen'),
       (101, 984, '2 Grayhawk Hill', '454-730', 'Carmen', 'Philippines', 'Green'),
       (275, 742, '9 Roth Terrace', '669-407', 'Shuihu', 'China', 'Farwell'),
       (708, 202, '349 Kensington Crossing', '022-519', 'Sindangsari', 'Indonesia', 'Maple'),
       (474, 315, '0770 Luster Terrace', '161-373', 'Lloydminster', 'Canada', 'Derek'),
       (64, 262, '8 Main Park', '839-268', 'Jrflla', 'Sweden', 'Parkside'),
       (349, 641, '30588 Wayridge Junction', '730-721', 'Changtang', 'China', 'Di Loreto'),
       (209, 435, '444 Daystar Center', '557-379', 'Salinas', 'Philippines', 'Sunnyside'),
       (484, 153, '10054 Charing Cross Drive', '920-180', 'Winseler', 'Luxembourg', 'Atwood'),
       (209, 85, '5032 Onsgard Hill', '167-515', 'Basyn', 'Egypt', 'Heffernan'),
       (939, 77, '8 Crescent Oaks Center', '603-870', 'Lamas', 'Portugal', 'Sheridan'),
       (71, 934, '6 Daystar Park', '020-902', 'Frantikovy Lzn', 'Czech Republic', 'Corry'),
       (280, 872, '443 Jay Plaza', '200-960', 'Melun', 'France', 'Marcy'),
       (720, 862, '8261 Loftsgordon Avenue', '643-868', 'Devesa', 'Portugal', 'Jenna'),
       (406, 301, '866 Warbler Court', '999-122', 'abac', 'Serbia', 'New Castle'),
       (486, 618, '87 Thierer Lane', '569-555', 'Mafra', 'Brazil', 'Spaight'),
       (916, 367, '4 Di Loreto Pass', '533-426', 'Sanhe', 'China', 'Warrior'),
       (825, 730, '7461 Barnett Road', '540-651', 'Nakovo', 'Serbia', 'Coleman'),
       (486, 421, '741 Green Ridge Drive', '425-889', 'Pocpo', 'Bolivia', 'Longview'),
       (509, 480, '98706 Sullivan Pass', '074-383', 'Meijiang', 'China', 'Lotheville'),
       (311, 901, '988 International Center', '909-645', 'El Cubolero', 'Honduras', 'Muir'),
       (128, 814, '743 Columbus Circle', '165-215', 'Zlatar', 'Croatia', 'Bunting'),
       (989, 764, '94607 South Plaza', '778-780', 'Gongnong', 'China', 'Trailsway'),
       (409, 318, '2 Parkside Plaza', '119-667', 'Kongsvinger', 'Norway', 'Transport'),
       (711, 626, '91 4th Park', '512-999', 'Toubao', 'China', 'Mallory'),
       (817, 351, '85 Pond Terrace', '725-503', 'Cuijiamatou', 'China', 'Dunning'),
       (969, 847, '27 Morrow Parkway', '821-309', 'Guadalupe', 'Costa Rica', 'Mitchell'),
       (251, 212, '55 Carberry Road', '265-876', 'Kardtsa', 'Greece', 'Center'),
       (78, 361, '31299 Northport Junction', '161-219', 'Wongka', 'Indonesia', 'Morningstar'),
       (533, 144, '82907 Acker Drive', '819-768', 'Mucumpiz', 'Venezuela', 'Scott'),
       (667, 202, '3 Gina Way', '659-757', 'San Andrs', 'Panama', 'Eagan'),
       (905, 424, '300 Jenna Terrace', '792-125', 'Cocieri', 'Moldova', 'Aberg'),
       (34, 334, '66 Maple Crossing', '806-667', 'Cabadiangan', 'Philippines', 'Myrtle'),
       (28, 998, '01562 Hooker Place', '132-239', 'Kushikino', 'Japan', 'Alpine'),
       (139, 904, '91 Kings Center', '716-186', 'Brnd', 'Aland Islands', 'Washington'),
       (745, 316, '2 Crescent Oaks Drive', '558-206', 'Ouidah', 'Benin', 'American Ash'),
       (570, 540, '908 Almo Road', '481-952', 'Mayumba', 'Gabon', 'Aberg'),
       (193, 864, '31 Forest Place', '908-118', 'Panjb', 'Afghanistan', 'Jana'),
       (186, 870, '22 Hintze Point', '382-340', 'Pitangui', 'Brazil', 'Oakridge'),
       (439, 362, '523 Golden Leaf Plaza', '288-506', 'Malichang', 'China', 'Sycamore'),
       (528, 220, '493 Brown Alley', '676-592', 'Velyki Kopany', 'Ukraine', 'Rockefeller'),
       (915, 38, '75285 Farragut Trail', '832-774', 'Wilkowice', 'Poland', 'Hazelcrest');

INSERT INTO Student_Emergency_Contact(student_ID, first_name, last_name, email, phone_number)
VALUES (582, 'North', 'Di Carli', 'ndicarli0@bloomberg.com', '5265587847'),
       (251, 'Rochelle', 'Turbefield', 'rturbefield1@wufoo.com', '8566034078'),
       (125, 'Skye', 'Swafford', 'sswafford2@youtu.be', '5406152079'),
       (583, 'Gustave', 'Center', 'gcenter3@ted.com', '4089744510'),
       (315, 'Rinaldo', 'Reeks', 'rreeks4@google.com.au', '6804132225'),
       (909, 'Ofelia', 'Cometson', 'ocometson5@vistaprint.com', '0942021729'),
       (953, 'Oliy', 'Hanburry', 'ohanburry6@drupal.org', '2457544416'),
       (900, 'Franciskus', 'McClory', 'fmcclory7@wufoo.com', '3212546113'),
       (443, 'Wylie', 'Yeoland', 'wyeoland8@mediafire.com', '7207910822'),
       (768, 'Nessa', 'Sichardt', 'nsichardt9@jugem.jp', '8241377544'),
       (205, 'Stern', 'Morecombe', 'smorecombea@seattletimes.com', '5569674316'),
       (425, 'Valencia', 'Lob', 'vlobb@github.io', '3204292630'),
       (628, 'Edin', 'Redferne', 'eredfernec@si.edu', '0879790310'),
       (149, 'Flossi', 'Coverdill', 'fcoverdilld@free.fr', '9147793933'),
       (924, 'Marthe', 'Stamper', 'mstampere@myspace.com', '7867760860'),
       (741, 'Norrie', 'Castellini', 'ncastellinif@guardian.co.uk', '1039363277'),
       (617, 'Feliks', 'Shervil', 'fshervilg@flavors.me', '4632639450'),
       (434, 'Gillian', 'Bretherick', 'gbretherickh@live.com', '9707400166'),
       (568, 'Auberta', 'Olliff', 'aolliffi@yellowbook.com', '7666263673'),
       (355, 'Dorry', 'Ebbutt', 'debbuttj@xrea.com', '4780607295'),
       (408, 'Tam', 'Birts', 'tbirtsk@hugedomains.com', '0433585808'),
       (124, 'Griffith', 'Pepperrall', 'gpepperralll@xing.com', '3237893168'),
       (652, 'Shoshana', 'Mowatt', 'smowattm@ucsd.edu', '0253433164'),
       (417, 'Caren', 'Paynes', 'cpaynesn@forbes.com', '3432509108'),
       (591, 'Isadora', 'O''Corhane', 'iocorhaneo@blinklist.com', '6308511498'),
       (721, 'Bond', 'Bradbury', 'bbradburyp@cbc.ca', '9590795433'),
       (912, 'Lottie', 'Dealy', 'ldealyq@rediff.com', '8812994670'),
       (738, 'Quinn', 'Thacke', 'qthacker@merriam-webster.com', '7863864879'),
       (380, 'Demetri', 'Baskwell', 'dbaskwells@php.net', '5804529478'),
       (483, 'Bartel', 'Boays', 'bboayst@narod.ru', '3262825396'),
       (554, 'Efrem', 'Norfolk', 'enorfolku@economist.com', '1383412438'),
       (30, 'Oriana', 'Bromige', 'obromigev@ustream.tv', '0580030773'),
       (725, 'Boniface', 'Bixley', 'bbixleyw@instagram.com', '8950603553'),
       (803, 'Lanae', 'Baily', 'lbailyx@adobe.com', '8459373945'),
       (556, 'Colet', 'Hinstock', 'chinstocky@slideshare.net', '8419817844'),
       (992, 'Jerrie', 'Louder', 'jlouderz@jimdo.com', '3517117916'),
       (643, 'Beverley', 'Moret', 'bmoret10@loc.gov', '0500867936'),
       (283, 'Thaine', 'Zieme', 'tzieme11@redcross.org', '9959539698'),
       (591, 'Cordula', 'Aggio', 'caggio12@networkadvertising.org', '2914535747'),
       (166, 'Nicoli', 'McGarry', 'nmcgarry13@yellowbook.com', '6200908734'),
       (566, 'Rania', 'Earngy', 'rearngy14@amazon.co.jp', '3804572581'),
       (882, 'Udell', 'Lattin', 'ulattin15@livejournal.com', '8242933679'),
       (912, 'Harmonie', 'O''Loghlen', 'hologhlen16@1und1.de', '7523643813'),
       (665, 'Josee', 'Pollard', 'jpollard17@uol.com.br', '3430017792'),
       (9, 'Rozamond', 'Outlaw', 'routlaw18@mozilla.org', '0512175516'),
       (949, 'Brenn', 'Labat', 'blabat19@printfriendly.com', '4773199524'),
       (237, 'Perren', 'Mundford', 'pmundford1a@weebly.com', '8138698074'),
       (453, 'Abbe', 'Mablestone', 'amablestone1b@japanpost.jp', '1640803816'),
       (63, 'Katee', 'Duckels', 'kduckels1c@newyorker.com', '2138394120'),
       (566, 'Ailina', 'Crellim', 'acrellim1d@yellowpages.com', '0475284517'),
       (185, 'Caroline', 'Wark', 'cwark1e@i2i.jp', '5587749216'),
       (490, 'Roseanne', 'Hawick', 'rhawick1f@amazon.de', '1932655143'),
       (512, 'Stacee', 'Utley', 'sutley1g@wisc.edu', '3379946777'),
       (603, 'Jasun', 'Geach', 'jgeach1h@wufoo.com', '2511642317'),
       (686, 'Igor', 'Raunds', 'iraunds1i@instagram.com', '4274167216'),
       (885, 'Tammie', 'Jovis', 'tjovis1j@studiopress.com', '5568777577'),
       (900, 'Cale', 'Ferronet', 'cferronet1k@eventbrite.com', '8429976731'),
       (104, 'Dominica', 'Norcross', 'dnorcross1l@cnn.com', '5194170679'),
       (44, 'Ariel', 'Pawley', 'apawley1m@timesonline.co.uk', '2359252108'),
       (333, 'Pepito', 'Andryushchenko', 'pandryushchenko1n@blinklist.com', '6980345683'),
       (35, 'Misha', 'Predohl', 'mpredohl1o@nih.gov', '9839695415'),
       (692, 'Durante', 'Hollingdale', 'dhollingdale1p@chicagotribune.com', '9171663137'),
       (923, 'Ertha', 'Chaney', 'echaney1q@cisco.com', '3305884764'),
       (471, 'Cleon', 'Hatherall', 'chatherall1r@pbs.org', '0281234652'),
       (579, 'Brittani', 'Vaz', 'bvaz1s@about.me', '2213359081'),
       (536, 'Thom', 'Weiser', 'tweiser1t@skype.com', '0132250593'),
       (668, 'Emerson', 'Orr', 'eorr1u@skyrock.com', '5040284439'),
       (329, 'Lexi', 'Godridge', 'lgodridge1v@howstuffworks.com', '7625373168'),
       (579, 'Billie', 'Harme', 'bharme1w@sourceforge.net', '3345346153'),
       (791, 'Dun', 'Cline', 'dcline1x@mapy.cz', '9916161801'),
       (396, 'Deeyn', 'Francke', 'dfrancke1y@elpais.com', '8554299247'),
       (69, 'Cornell', 'Lidgertwood', 'clidgertwood1z@simplemachines.org', '5229399722'),
       (865, 'Hugo', 'Groucutt', 'hgroucutt20@illinois.edu', '1500004917'),
       (673, 'Jessie', 'Whyke', 'jwhyke21@fc2.com', '1260815309'),
       (99, 'Oralee', 'Jerwood', 'ojerwood22@discuz.net', '2296773251'),
       (86, 'Tom', 'Crammy', 'tcrammy23@sourceforge.net', '3470270776'),
       (694, 'Winnifred', 'Elecum', 'welecum24@ca.gov', '4745061946'),
       (44, 'Avram', 'Lyfield', 'alyfield25@bing.com', '6122526146'),
       (31, 'Alden', 'Oram', 'aoram26@is.gd', '7513355490'),
       (117, 'Ram', 'Martelet', 'rmartelet27@deviantart.com', '6268008492'),
       (97, 'Jordanna', 'Guerrazzi', 'jguerrazzi28@alibaba.com', '4781538208'),
       (803, 'Tedie', 'Ventum', 'tventum29@opera.com', '7278621154'),
       (339, 'Tadeas', 'Molines', 'tmolines2a@ft.com', '9557535624'),
       (347, 'Gui', 'Leebetter', 'gleebetter2b@themeforest.net', '4332376185'),
       (889, 'Ranee', 'Goatcher', 'rgoatcher2c@issuu.com', '4245050693'),
       (643, 'Gordy', 'Hendrix', 'ghendrix2d@squarespace.com', '3408391319'),
       (735, 'Joceline', 'Maciak', 'jmaciak2e@flavors.me', '2620821694'),
       (63, 'Sapphira', 'Beedon', 'sbeedon2f@illinois.edu', '6273264138'),
       (638, 'Elita', 'Figures', 'efigures2g@icio.us', '9131796620'),
       (934, 'Gerald', 'Patsall', 'gpatsall2h@homestead.com', '2107524240'),
       (420, 'Gerty', 'Hudd', 'ghudd2i@exblog.jp', '5699331210'),
       (197, 'Joella', 'Ert', 'jert2j@wikia.com', '0764527480'),
       (798, 'Gradeigh', 'Prinn', 'gprinn2k@mysql.com', '3395352677'),
       (918, 'Neils', 'MacKniely', 'nmackniely2l@google.co.uk', '0979799572'),
       (242, 'Jorgan', 'Vedenyapin', 'jvedenyapin2m@tinyurl.com', '1214740387'),
       (236, 'Rosaline', 'Bineham', 'rbineham2n@indiegogo.com', '7287612821'),
       (834, 'Lammond', 'Neill', 'lneill2o@sakura.ne.jp', '8859619193'),
       (516, 'Rick', 'Clinton', 'rclinton2p@netlog.com', '0701530185'),
       (965, 'Sheilah', 'Meeke', 'smeeke2q@g.co', '5721402366'),
       (949, 'Say', 'Ciepluch', 'sciepluch2r@ow.ly', '7246486108'),
       (104, 'Adey', 'Bennie', 'abennie2s@tripadvisor.com', '1108061235'),
       (989, 'Britni', 'Mains', 'bmains2t@msu.edu', '2006031730'),
       (233, 'Emmi', 'Wickey', 'ewickey2u@usa.gov', '0796680978'),
       (886, 'Rori', 'Klewi', 'rklewi2v@geocities.com', '2665772542'),
       (728, 'Aron', 'Sheringham', 'asheringham2w@psu.edu', '3994950011'),
       (23, 'Minny', 'Simonett', 'msimonett2x@mozilla.org', '8165459229'),
       (544, 'Gwenora', 'Filinkov', 'gfilinkov2y@illinois.edu', '5516995801'),
       (283, 'Brewer', 'McPhail', 'bmcphail2z@kickstarter.com', '4376948400'),
       (576, 'Neale', 'Wederell', 'nwederell30@fda.gov', '0225420627'),
       (150, 'Lauren', 'Evershed', 'levershed31@friendfeed.com', '5944413524'),
       (507, 'Kizzie', 'Pedder', 'kpedder32@statcounter.com', '9072804455'),
       (423, 'Bonita', 'Blaney', 'bblaney33@noaa.gov', '0899292624'),
       (437, 'Philippine', 'Quidenham', 'pquidenham34@mail.ru', '4095975150'),
       (613, 'Bayard', 'Ciciari', 'bciciari35@nature.com', '1971120152'),
       (944, 'Maia', 'Romanetti', 'mromanetti36@dagondesign.com', '4823116193'),
       (385, 'Jana', 'Kill', 'jkill37@xing.com', '7524708880'),
       (507, 'Conney', 'Letchford', 'cletchford38@huffingtonpost.com', '3215021065'),
       (305, 'Boone', 'Niche', 'bniche39@webnode.com', '3756245863'),
       (952, 'Bria', 'Wellington', 'bwellington3a@sciencedirect.com', '5529891016'),
       (789, 'Giovanna', 'Brocklebank', 'gbrocklebank3b@angelfire.com', '9083077591'),
       (280, 'Feliza', 'Oakley', 'foakley3c@cloudflare.com', '9978106376'),
       (264, 'Licha', 'Howgate', 'lhowgate3d@tmall.com', '1291561406'),
       (554, 'Jasper', 'Ferrey', 'jferrey3e@nymag.com', '7672264459'),
       (166, 'Anders', 'Sebire', 'asebire3f@tinypic.com', '4962460373'),
       (12, 'Stephani', 'Greenside', 'sgreenside3g@etsy.com', '3883680243'),
       (764, 'Evie', 'Fosdyke', 'efosdyke3h@ibm.com', '1974129629'),
       (717, 'Bella', 'Dunseath', 'bdunseath3i@fc2.com', '5632167361'),
       (207, 'Burty', 'Hayland', 'bhayland3j@home.pl', '1269925678'),
       (220, 'Tyne', 'McKelvie', 'tmckelvie3k@homestead.com', '6627896754'),
       (539, 'Ardis', 'Embleton', 'aembleton3l@deliciousdays.com', '5079357814'),
       (73, 'Vere', 'O''Murtagh', 'vomurtagh3m@acquirethisname.com', '1324874060'),
       (514, 'Elston', 'Sloyan', 'esloyan3n@surveymonkey.com', '9012925221'),
       (609, 'Free', 'Blasl', 'fblasl3o@japanpost.jp', '9623901557'),
       (772, 'Darsey', 'Elles', 'delles3p@a8.net', '6371059023'),
       (700, 'Eugine', 'Dickings', 'edickings3q@delicious.com', '4351233331'),
       (929, 'Paulie', 'Seyler', 'pseyler3r@fema.gov', '1581440872'),
       (730, 'Rois', 'Prantl', 'rprantl3s@diigo.com', '8847150056'),
       (36, 'Kylila', 'Courtenay', 'kcourtenay3t@drupal.org', '9447224483'),
       (227, 'Crystie', 'Jozefczak', 'cjozefczak3u@instagram.com', '1824998589'),
       (966, 'Sterne', 'Sumner', 'ssumner3v@youtu.be', '8225296491'),
       (934, 'Dareen', 'Patek', 'dpatek3w@typepad.com', '9023620325'),
       (890, 'Wilhelmina', 'Birchall', 'wbirchall3x@domainmarket.com', '6984848073'),
       (861, 'Izzy', 'Gibling', 'igibling3y@shutterfly.com', '9211324949'),
       (346, 'Tove', 'Dannehl', 'tdannehl3z@jiathis.com', '7677210200'),
       (725, 'Lyell', 'Mattiazzo', 'lmattiazzo40@domainmarket.com', '5648969632'),
       (821, 'Skyler', 'Codner', 'scodner41@weather.com', '2648476871'),
       (437, 'Orlan', 'Haslin', 'ohaslin42@loc.gov', '1980322019'),
       (647, 'Leola', 'de Wilde', 'ldewilde43@lulu.com', '5150194685'),
       (839, 'Kayle', 'Clemo', 'kclemo44@narod.ru', '2128321542'),
       (835, 'Ambrosi', 'Vearncomb', 'avearncomb45@disqus.com', '4919431558'),
       (432, 'Lucienne', 'Dumbarton', 'ldumbarton46@wikispaces.com', '5931916639'),
       (202, 'Thoma', 'Kitchener', 'tkitchener47@jigsy.com', '6163615338'),
       (746, 'Sena', 'Kirkebye', 'skirkebye48@drupal.org', '3840866806'),
       (697, 'Vinnie', 'Swann', 'vswann49@cornell.edu', '4752475376'),
       (284, 'Imogen', 'Edworthy', 'iedworthy4a@1und1.de', '6366091167'),
       (573, 'Billi', 'Donaho', 'bdonaho4b@example.com', '9945769661'),
       (262, 'Zara', 'Checchetelli', 'zchecchetelli4c@odnoklassniki.ru', '9740267469'),
       (787, 'Durant', 'Henriksson', 'dhenriksson4d@cam.ac.uk', '9792097237'),
       (629, 'Simona', 'Ockendon', 'sockendon4e@posterous.com', '8329123005'),
       (758, 'Thebault', 'Tynan', 'ttynan4f@tinyurl.com', '0716757116'),
       (659, 'Miles', 'Rouse', 'mrouse4g@slideshare.net', '8164398346'),
       (239, 'Tobe', 'McNally', 'tmcnally4h@smugmug.com', '8779455088'),
       (177, 'Anatole', 'Stive', 'astive4i@columbia.edu', '7747819637'),
       (581, 'Bonnibelle', 'Dudny', 'bdudny4j@nasa.gov', '8847935013'),
       (502, 'Cody', 'Knobell', 'cknobell4k@latimes.com', '8724789621'),
       (732, 'Terencio', 'McGoldrick', 'tmcgoldrick4l@nih.gov', '1436486305'),
       (617, 'Conny', 'Woolmer', 'cwoolmer4m@paypal.com', '6051170563'),
       (503, 'Shaun', 'Derill', 'sderill4n@infoseek.co.jp', '2401425954'),
       (242, 'Baillie', 'Jakucewicz', 'bjakucewicz4o@linkedin.com', '8574757784'),
       (536, 'Karly', 'Ibel', 'kibel4p@harvard.edu', '9683995959'),
       (155, 'Mahmoud', 'Goodburn', 'mgoodburn4q@google.de', '7444846132'),
       (111, 'Ezmeralda', 'MacCauley', 'emaccauley4r@spiegel.de', '4714133829'),
       (479, 'Thorvald', 'Harcombe', 'tharcombe4s@theglobeandmail.com', '6306618150'),
       (512, 'Berkeley', 'Itzkov', 'bitzkov4t@reuters.com', '5492846514'),
       (664, 'Bjorn', 'Sewill', 'bsewill4u@oracle.com', '7059718178'),
       (718, 'Benedikt', 'Jancic', 'bjancic4v@blinklist.com', '0345098180'),
       (877, 'Dyane', 'Brinkler', 'dbrinkler4w@list-manage.com', '0667452613'),
       (170, 'Titos', 'Madine', 'tmadine4x@yale.edu', '0206637262'),
       (138, 'Lynna', 'Hurcombe', 'lhurcombe4y@upenn.edu', '0769860474'),
       (273, 'Halimeda', 'Glaisner', 'hglaisner4z@4shared.com', '9242437608'),
       (772, 'Delilah', 'Widdowson', 'dwiddowson50@free.fr', '5556661348'),
       (476, 'Layne', 'Simecek', 'lsimecek51@mozilla.org', '4188485636'),
       (812, 'Siffre', 'Kirtley', 'skirtley52@ask.com', '9212129542'),
       (697, 'Gerald', 'Budgett', 'gbudgett53@cornell.edu', '2356823821'),
       (713, 'Murdock', 'Purkess', 'mpurkess54@mlb.com', '4141623590'),
       (961, 'Antonietta', 'Jillett', 'ajillett55@mlb.com', '1994118426'),
       (566, 'Adler', 'Salway', 'asalway56@yelp.com', '9309387333'),
       (901, 'Noellyn', 'Dowears', 'ndowears57@cnn.com', '2706571468'),
       (433, 'Clemmy', 'Winterton', 'cwinterton58@tuttocitta.it', '1103016129'),
       (551, 'Randell', 'Lissimore', 'rlissimore59@blogger.com', '5615205535'),
       (557, 'Abramo', 'Whebell', 'awhebell5a@toplist.cz', '0600473685'),
       (712, 'Murdock', 'Jurisic', 'mjurisic5b@addthis.com', '5040511979'),
       (644, 'Willette', 'Dudmarsh', 'wdudmarsh5c@tiny.cc', '1158623491'),
       (617, 'Tomi', 'Toope', 'ttoope5d@etsy.com', '5677974950'),
       (302, 'Ramon', 'Leifer', 'rleifer5e@github.io', '3154478206'),
       (276, 'Petr', 'Benech', 'pbenech5f@nih.gov', '7612398590'),
       (439, 'Guilbert', 'Cyples', 'gcyples5g@microsoft.com', '4851858913'),
       (757, 'Brenn', 'Clewes', 'bclewes5h@bloglovin.com', '1981990118'),
       (436, 'Conrade', 'Bloxland', 'cbloxland5i@sitemeter.com', '3262042849'),
       (695, 'Maryjane', 'Boneham', 'mboneham5j@domainmarket.com', '3323001589'),
       (836, 'Aubry', 'Polkinghorne', 'apolkinghorne5k@purevolume.com', '5590953344'),
       (43, 'Weider', 'Bernardot', 'wbernardot5l@salon.com', '8878265163'),
       (609, 'Kit', 'Flieg', 'kflieg5m@slate.com', '5848617973'),
       (281, 'Perl', 'Syrie', 'psyrie5n@mozilla.org', '0832086466'),
       (907, 'Melisenda', 'Balloch', 'mballoch5o@china.com.cn', '7790264623'),
       (538, 'Auria', 'MacCaughan', 'amaccaughan5p@surveymonkey.com', '3141272847'),
       (381, 'Christalle', 'Fittes', 'cfittes5q@360.cn', '7004501724'),
       (857, 'Reinaldo', 'Duly', 'rduly5r@liveinternet.ru', '6679437775'),
       (46, 'Kathy', 'Jordine', 'kjordine5s@accuweather.com', '2321979740'),
       (179, 'Mendie', 'Picard', 'mpicard5t@boston.com', '8588002830'),
       (408, 'Nelli', 'Simeon', 'nsimeon5u@goo.ne.jp', '0083737949'),
       (594, 'Broddy', 'Kirkam', 'bkirkam5v@examiner.com', '9429554496'),
       (169, 'Gayleen', 'Zapater', 'gzapater5w@woothemes.com', '1280721752'),
       (754, 'Candace', 'Lunny', 'clunny5x@bloomberg.com', '9003925670'),
       (169, 'Eda', 'Meni', 'emeni5y@nsw.gov.au', '1787446599'),
       (719, 'Aldus', 'Ashlin', 'aashlin5z@istockphoto.com', '3957128237'),
       (373, 'Carlene', 'Silburn', 'csilburn60@myspace.com', '4240514314'),
       (501, 'Jade', 'Cunnah', 'jcunnah61@hp.com', '0679940855'),
       (722, 'Charmian', 'Twentyman', 'ctwentyman62@theguardian.com', '2427581482'),
       (255, 'Pollyanna', 'Cavan', 'pcavan63@youtu.be', '6067041642'),
       (605, 'Ula', 'Burtwhistle', 'uburtwhistle64@indiatimes.com', '0190268351'),
       (487, 'Marysa', 'Caisley', 'mcaisley65@boston.com', '8228434764'),
       (509, 'Orran', 'Gillivrie', 'ogillivrie66@smugmug.com', '9719915843'),
       (701, 'Lorenzo', 'Gaine of England', 'lgaineofengland67@facebook.com', '1036798226'),
       (747, 'Kiah', 'Hatje', 'khatje68@sphinn.com', '0590050971'),
       (716, 'Marcelline', 'Almond', 'malmond69@hexun.com', '6264867601'),
       (703, 'Billi', 'Brandham', 'bbrandham6a@google.com', '8329972419'),
       (233, 'Bernadene', 'Nern', 'bnern6b@psu.edu', '1925468790'),
       (673, 'Katheryn', 'Alcoran', 'kalcoran6c@tumblr.com', '7543441023'),
       (226, 'Ameline', 'Rallings', 'arallings6d@sohu.com', '5192196872'),
       (643, 'Romeo', 'Iacovaccio', 'riacovaccio6e@joomla.org', '7812996421'),
       (33, 'Yehudit', 'Burgess', 'yburgess6f@princeton.edu', '8761522232'),
       (480, 'Charla', 'Dyet', 'cdyet6g@senate.gov', '0996720362'),
       (198, 'Helene', 'Gossling', 'hgossling6h@bizjournals.com', '5084407923'),
       (594, 'Darleen', 'Wildes', 'dwildes6i@pagesperso-orange.fr', '0367932932'),
       (723, 'Petrina', 'Cardinale', 'pcardinale6j@blogspot.com', '2602205696'),
       (390, 'Rasia', 'Alastair', 'ralastair6k@godaddy.com', '0625375199'),
       (281, 'Waverly', 'Zamora', 'wzamora6l@eepurl.com', '7543801540'),
       (193, 'Becki', 'Bartolomeotti', 'bbartolomeotti6m@google.de', '0852532241'),
       (762, 'Nikita', 'Curnock', 'ncurnock6n@barnesandnoble.com', '7874857528'),
       (727, 'Kay', 'Kettlestringe', 'kkettlestringe6o@ustream.tv', '3176234730'),
       (41, 'Kim', 'Cristofolo', 'kcristofolo6p@pinterest.com', '6274120216'),
       (990, 'Lia', 'Bock', 'lbock6q@businessweek.com', '7087499688'),
       (786, 'Phillipe', 'Mugridge', 'pmugridge6r@japanpost.jp', '8552072092'),
       (264, 'Sibel', 'Bolf', 'sbolf6s@bluehost.com', '6390256070'),
       (43, 'Sibelle', 'Blaszczynski', 'sblaszczynski6t@seattletimes.com', '9866498480'),
       (523, 'Ashia', 'Faldoe', 'afaldoe6u@behance.net', '4604041968'),
       (238, 'Rossy', 'Habbal', 'rhabbal6v@princeton.edu', '7168532502'),
       (592, 'Fernande', 'Mebs', 'fmebs6w@sina.com.cn', '0648919791'),
       (225, 'Minne', 'Le Surf', 'mlesurf6x@rakuten.co.jp', '9094695617'),
       (917, 'Beaufort', 'Cavilla', 'bcavilla6y@mysql.com', '8729264557'),
       (286, 'Arty', 'Agius', 'aagius6z@networkadvertising.org', '6720375585'),
       (180, 'Jeremie', 'Tinson', 'jtinson70@businesswire.com', '5433328924'),
       (779, 'Shelden', 'Maffin', 'smaffin71@chron.com', '4409591207'),
       (139, 'Ulrica', 'Winslade', 'uwinslade72@hexun.com', '9998920489'),
       (23, 'Dori', 'Phillpotts', 'dphillpotts73@blogtalkradio.com', '5984960365'),
       (975, 'Hilda', 'Vanne', 'hvanne74@dmoz.org', '0886746943'),
       (186, 'Adelheid', 'Hartopp', 'ahartopp75@comcast.net', '3347960288'),
       (290, 'Ferdinand', 'Jaime', 'fjaime76@addtoany.com', '9402079615'),
       (885, 'Willard', 'Mansford', 'wmansford77@wordpress.com', '0881119363'),
       (665, 'Deanne', 'Goreway', 'dgoreway78@ihg.com', '3377202001'),
       (382, 'Alley', 'Cuncliffe', 'acuncliffe79@google.co.jp', '5838086414'),
       (607, 'Rufe', 'Stellman', 'rstellman7a@blinklist.com', '9281700909'),
       (838, 'Valencia', 'Chidlow', 'vchidlow7b@buzzfeed.com', '9438794145'),
       (575, 'Conchita', 'O''Bradden', 'cobradden7c@tinyurl.com', '2999869283'),
       (448, 'Crin', 'Feldhorn', 'cfeldhorn7d@blogtalkradio.com', '9373712243'),
       (82, 'Orsa', 'Kuhnt', 'okuhnt7e@cargocollective.com', '1184165472'),
       (735, 'Darline', 'Zanardii', 'dzanardii7f@amazon.com', '1089876317'),
       (676, 'Carol', 'Rowlands', 'crowlands7g@tmall.com', '7521386462'),
       (180, 'Glenda', 'Dionis', 'gdionis7h@netvibes.com', '2505268161'),
       (922, 'Jae', 'Klimkovich', 'jklimkovich7i@wired.com', '5164685408'),
       (563, 'Zena', 'Lackner', 'zlackner7j@berkeley.edu', '7530442566'),
       (783, 'Tarrance', 'Bernini', 'tbernini7k@flickr.com', '1193940985'),
       (141, 'Juana', 'Axcell', 'jaxcell7l@fc2.com', '7296563320'),
       (580, 'Salmon', 'Matchett', 'smatchett7m@hexun.com', '2088107181'),
       (879, 'Toby', 'Stendall', 'tstendall7n@jugem.jp', '5021397121'),
       (272, 'Erastus', 'Bartholat', 'ebartholat7o@redcross.org', '2364260328'),
       (549, 'Brew', 'Jiggins', 'bjiggins7p@elpais.com', '8427747294'),
       (425, 'Aron', 'Laneham', 'alaneham7q@loc.gov', '9855646789'),
       (648, 'Milka', 'Spurden', 'mspurden7r@washington.edu', '3234856160'),
       (601, 'Aluin', 'Pridmore', 'apridmore7s@mysql.com', '7002439846'),
       (27, 'Malorie', 'Alcott', 'malcott7t@tmall.com', '7659626594'),
       (540, 'Hercules', 'Macak', 'hmacak7u@cnet.com', '3152267178'),
       (908, 'Alena', 'Pervoe', 'apervoe7v@cornell.edu', '7748199805'),
       (774, 'Sax', 'Pechold', 'spechold7w@histats.com', '1074020206'),
       (524, 'Darcy', 'Dutson', 'ddutson7x@google.cn', '8831812632'),
       (141, 'Germayne', 'Fludder', 'gfludder7y@opera.com', '6571696485'),
       (355, 'Giacopo', 'Lehon', 'glehon7z@sohu.com', '0331086023'),
       (500, 'Gregorius', 'Pecht', 'gpecht80@fastcompany.com', '8191208330'),
       (4, 'Janette', 'Clayson', 'jclayson81@cloudflare.com', '9464563243'),
       (96, 'Lavinie', 'Scrace', 'lscrace82@goodreads.com', '9884471694'),
       (873, 'Christina', 'Lifton', 'clifton83@samsung.com', '9870304931'),
       (491, 'Augustina', 'Butner', 'abutner84@disqus.com', '7743523239'),
       (779, 'Artemas', 'Casel', 'acasel85@smugmug.com', '2244834040'),
       (892, 'Donelle', 'Brighty', 'dbrighty86@nytimes.com', '6679206099'),
       (79, 'Win', 'Loachhead', 'wloachhead87@cbc.ca', '0731317496'),
       (775, 'Lance', 'Ledley', 'lledley88@alexa.com', '6972453174'),
       (543, 'Anett', 'Malsher', 'amalsher89@webnode.com', '1059569531'),
       (582, 'Peadar', 'Guichard', 'pguichard8a@google.com.hk', '3567794010'),
       (749, 'Anatollo', 'Deavin', 'adeavin8b@cam.ac.uk', '9051123660'),
       (48, 'Hyman', 'Campo', 'hcampo8c@liveinternet.ru', '1745481749'),
       (866, 'Nigel', 'Louthe', 'nlouthe8d@jigsy.com', '7345871069'),
       (145, 'Judith', 'Hills', 'jhills8e@tmall.com', '1093216599'),
       (625, 'Sabra', 'Bruhn', 'sbruhn8f@mayoclinic.com', '4139495840'),
       (501, 'Ivonne', 'Hedderly', 'ihedderly8g@instagram.com', '3792741674'),
       (53, 'Dorry', 'Raithmill', 'draithmill8h@wsj.com', '1437278603'),
       (339, 'Delphinia', 'Doughill', 'ddoughill8i@home.pl', '6430247711'),
       (452, 'Sissie', 'Briggdale', 'sbriggdale8j@diigo.com', '3145181575'),
       (83, 'Ronnie', 'Blaiklock', 'rblaiklock8k@goo.ne.jp', '3757301818'),
       (826, 'Tiffanie', 'Lebrun', 'tlebrun8l@free.fr', '8628454359'),
       (44, 'Gawen', 'Drinkhill', 'gdrinkhill8m@nature.com', '1448906386'),
       (664, 'Von', 'Brabbs', 'vbrabbs8n@nationalgeographic.com', '5441485424'),
       (242, 'Tabitha', 'Perks', 'tperks8o@live.com', '5750972717'),
       (116, 'Goldi', 'Dietzler', 'gdietzler8p@marriott.com', '5498682497'),
       (569, 'Cullan', 'Hatherleigh', 'chatherleigh8q@123-reg.co.uk', '6692621453'),
       (427, 'Daloris', 'Woodrow', 'dwoodrow8r@wikimedia.org', '3083456337'),
       (837, 'Annmarie', 'Dyke', 'adyke8s@nih.gov', '0754580822'),
       (516, 'Bellina', 'O''Scollee', 'boscollee8t@usnews.com', '8507541067'),
       (574, 'Neill', 'Killbey', 'nkillbey8u@clickbank.net', '7074867757'),
       (510, 'Gwenny', 'Grundey', 'ggrundey8v@smh.com.au', '2193426661'),
       (640, 'Jammie', 'Ivanonko', 'jivanonko8w@dion.ne.jp', '3059782408'),
       (67, 'Keefe', 'Wilstead', 'kwilstead8x@csmonitor.com', '4979467842'),
       (52, 'Julio', 'Diem', 'jdiem8y@hexun.com', '8612082071'),
       (945, 'Mommy', 'Durante', 'mdurante8z@yahoo.com', '8689694276'),
       (876, 'Arri', 'Gianinotti', 'agianinotti90@hc360.com', '7784146457'),
       (55, 'Minne', 'Wrightson', 'mwrightson91@narod.ru', '5028207103'),
       (668, 'Trude', 'MacNamee', 'tmacnamee92@hexun.com', '9822840638'),
       (705, 'Avis', 'Radnedge', 'aradnedge93@acquirethisname.com', '0365302106'),
       (978, 'Averil', 'Smorfit', 'asmorfit94@princeton.edu', '8207883274'),
       (89, 'Abigail', 'Plaister', 'aplaister95@tripadvisor.com', '2217345825'),
       (660, 'Craggy', 'Shovell', 'cshovell96@people.com.cn', '8596488895'),
       (785, 'Nanine', 'Noke', 'nnoke97@unc.edu', '0360148867'),
       (597, 'Isidora', 'Grinov', 'igrinov98@twitter.com', '3445457735'),
       (274, 'Mayor', 'Willford', 'mwillford99@flavors.me', '5877706075'),
       (432, 'Paten', 'Carlile', 'pcarlile9a@microsoft.com', '6019929202'),
       (29, 'Beverlie', 'Sheaber', 'bsheaber9b@miitbeian.gov.cn', '0960660246'),
       (588, 'Stillmann', 'Doogood', 'sdoogood9c@facebook.com', '7651846739'),
       (286, 'Tabina', 'Aickin', 'taickin9d@google.de', '8645760952'),
       (533, 'Ada', 'Hauck', 'ahauck9e@whitehouse.gov', '5680824947'),
       (540, 'Nertie', 'Lindenboim', 'nlindenboim9f@china.com.cn', '5586272628'),
       (865, 'Fina', 'Cheatle', 'fcheatle9g@dropbox.com', '0535091027'),
       (384, 'Oliver', 'Delicate', 'odelicate9h@gmpg.org', '2495633384'),
       (263, 'Newton', 'Pietraszek', 'npietraszek9i@va.gov', '6960766813'),
       (847, 'Loralie', 'Stalley', 'lstalley9j@economist.com', '5564241929'),
       (837, 'Julio', 'Deverick', 'jdeverick9k@123-reg.co.uk', '9647374803'),
       (24, 'Goldarina', 'Downse', 'gdownse9l@washington.edu', '0722482869'),
       (28, 'Jordain', 'Botly', 'jbotly9m@ezinearticles.com', '0814924661'),
       (852, 'Matthew', 'Rogerot', 'mrogerot9n@boston.com', '4518271930'),
       (942, 'Lenci', 'Danby', 'ldanby9o@bbc.co.uk', '4720922198'),
       (958, 'Cacilie', 'Edden', 'cedden9p@goodreads.com', '0777685942'),
       (884, 'Nataline', 'Fissenden', 'nfissenden9q@indiegogo.com', '1181184201'),
       (255, 'Uriel', 'Blower', 'ublower9r@microsoft.com', '8994101002'),
       (431, 'Ronalda', 'Wilcox', 'rwilcox9s@ameblo.jp', '0137555825'),
       (975, 'Erl', 'Piatti', 'epiatti9t@is.gd', '6122038727'),
       (195, 'Tamra', 'Toleman', 'ttoleman9u@google.nl', '5724987073'),
       (530, 'Jasun', 'Yeend', 'jyeend9v@redcross.org', '6209234112'),
       (841, 'Sabrina', 'Reimer', 'sreimer9w@topsy.com', '8920090255'),
       (962, 'Hetti', 'Caunce', 'hcaunce9x@github.io', '7050408378'),
       (323, 'Ellery', 'Raubenheim', 'eraubenheim9y@exblog.jp', '3118129686'),
       (579, 'Hyacinthia', 'Pickworth', 'hpickworth9z@irs.gov', '0899343589'),
       (744, 'Gwendolyn', 'Leathard', 'gleatharda0@independent.co.uk', '8798403854'),
       (311, 'Rorie', 'Diggons', 'rdiggonsa1@dedecms.com', '2429048955'),
       (147, 'Milissent', 'Collyear', 'mcollyeara2@ycombinator.com', '2736264636'),
       (49, 'Nanon', 'Bartlomiejczyk', 'nbartlomiejczyka3@myspace.com', '0801450007'),
       (692, 'Rich', 'Groucutt', 'rgroucutta4@wikia.com', '3364535553'),
       (690, 'Charissa', 'Burle', 'cburlea5@wikispaces.com', '6979191510'),
       (629, 'Clayson', 'Marner', 'cmarnera6@scientificamerican.com', '8067023309'),
       (919, 'Boris', 'Lanchbury', 'blanchburya7@wsj.com', '8988891893'),
       (452, 'Goober', 'Pinare', 'gpinarea8@ebay.co.uk', '6735154869'),
       (125, 'Fergus', 'Penhale', 'fpenhalea9@creativecommons.org', '8078823248'),
       (127, 'Nettie', 'Mountjoy', 'nmountjoyaa@so-net.ne.jp', '8008495396'),
       (706, 'Daphene', 'MacClenan', 'dmacclenanab@opera.com', '0292656204'),
       (291, 'Micheal', 'Roux', 'mrouxac@nba.com', '9568367944'),
       (133, 'Cynthie', 'Ambrozewicz', 'cambrozewiczad@fc2.com', '6231287187'),
       (444, 'Ardath', 'Irnys', 'airnysae@virginia.edu', '6833101661'),
       (981, 'Marji', 'Wetherald', 'mwetheraldaf@addtoany.com', '1111710344'),
       (89, 'Harriott', 'McCluskey', 'hmccluskeyag@e-recht24.de', '8333444878'),
       (292, 'Adena', 'Sparrowe', 'asparroweah@ow.ly', '7865922332'),
       (985, 'Thom', 'Hunnisett', 'thunnisettai@comsenz.com', '9995160551'),
       (258, 'Naomi', 'Sandars', 'nsandarsaj@hp.com', '8893302396'),
       (239, 'Eloisa', 'Neave', 'eneaveak@is.gd', '2472062909'),
       (969, 'Ruthi', 'Kleinhaus', 'rkleinhausal@booking.com', '9748665350'),
       (595, 'Brewer', 'Hendrickx', 'bhendrickxam@joomla.org', '0352686506'),
       (519, 'Krystal', 'Oppery', 'kopperyan@homestead.com', '9342510789'),
       (131, 'Carolan', 'Grafton-Herbert', 'cgraftonherbertao@fastcompany.com', '0348860644'),
       (259, 'Nolie', 'Gamage', 'ngamageap@woothemes.com', '6105929221'),
       (399, 'Eadie', 'Blancowe', 'eblancoweaq@w3.org', '5772811604'),
       (133, 'Lu', 'Wavell', 'lwavellar@barnesandnoble.com', '5579334094'),
       (600, 'Ana', 'Nortcliffe', 'anortcliffeas@craigslist.org', '1772197323'),
       (397, 'Jethro', 'Curryer', 'jcurryerat@newsvine.com', '0455013506'),
       (315, 'Allison', 'Enrique', 'aenriqueau@wisc.edu', '4278749099'),
       (90, 'Faustina', 'Gajownik', 'fgajownikav@ucla.edu', '5320480837'),
       (71, 'Maegan', 'Ikins', 'mikinsaw@springer.com', '8184921349'),
       (162, 'Trevor', 'Ivamy', 'tivamyax@prnewswire.com', '3132625888'),
       (530, 'Verena', 'Prover', 'vproveray@cpanel.net', '7492731554'),
       (763, 'Angelica', 'Linggard', 'alinggardaz@ehow.com', '3393090132'),
       (374, 'Nicolette', 'Blethyn', 'nblethynb0@devhub.com', '0918582572'),
       (700, 'Andres', 'Burness', 'aburnessb1@nps.gov', '2689790558'),
       (986, 'Mil', 'Dulany', 'mdulanyb2@issuu.com', '3550011069'),
       (197, 'Auberta', 'Pendrich', 'apendrichb3@google.de', '9624625786'),
       (623, 'Ethelind', 'Shapiro', 'eshapirob4@house.gov', '1647731278'),
       (159, 'Peadar', 'Radnage', 'pradnageb5@dell.com', '6700591502'),
       (259, 'Barbabas', 'Woolvin', 'bwoolvinb6@ustream.tv', '8798850804'),
       (556, 'Otto', 'Chelnam', 'ochelnamb7@studiopress.com', '7855816438'),
       (721, 'Townie', 'Sutworth', 'tsutworthb8@hhs.gov', '6160873660'),
       (161, 'Elysia', 'Kellegher', 'ekellegherb9@merriam-webster.com', '0968735156'),
       (234, 'Bianka', 'Scown', 'bscownba@prlog.org', '9372887288'),
       (889, 'Eadith', 'Bumphries', 'ebumphriesbb@youtu.be', '8130623631'),
       (208, 'Licha', 'Itzkovich', 'litzkovichbc@netvibes.com', '7327753970'),
       (572, 'Findlay', 'Gentner', 'fgentnerbd@scientificamerican.com', '8783545049'),
       (752, 'Job', 'Delwater', 'jdelwaterbe@weebly.com', '4220245367'),
       (691, 'Bjorn', 'Palfreman', 'bpalfremanbf@abc.net.au', '3499354686'),
       (688, 'Viola', 'Andrat', 'vandratbg@hao123.com', '6366112126'),
       (424, 'Rustin', 'Bartley', 'rbartleybh@icio.us', '4341459867'),
       (675, 'Lulu', 'Gaiter', 'lgaiterbi@123-reg.co.uk', '9872645412'),
       (148, 'Briggs', 'Fuke', 'bfukebj@shutterfly.com', '2308660244'),
       (319, 'Dahlia', 'Thiem', 'dthiembk@narod.ru', '3006486272'),
       (953, 'Agnese', 'Sent', 'asentbl@cmu.edu', '3577263847'),
       (735, 'Crystal', 'Barrat', 'cbarratbm@un.org', '9121289235'),
       (788, 'Zenia', 'Moneti', 'zmonetibn@addthis.com', '8500146219'),
       (972, 'Kellen', 'Clemes', 'kclemesbo@ucsd.edu', '8445956733'),
       (737, 'Donni', 'Jeves', 'djevesbp@wired.com', '1796740067'),
       (974, 'Travers', 'Minghi', 'tminghibq@weibo.com', '1537657537'),
       (233, 'Feliks', 'Dumbelton', 'fdumbeltonbr@twitpic.com', '5067679378'),
       (862, 'Carlynn', 'Althorp', 'calthorpbs@live.com', '1917407158'),
       (385, 'Blondie', 'Armand', 'barmandbt@marriott.com', '6815817552'),
       (313, 'Aveline', 'Iczokvitz', 'aiczokvitzbu@hc360.com', '2645748757'),
       (2, 'Trent', 'Rylatt', 'trylattbv@toplist.cz', '8317002956'),
       (142, 'Eveleen', 'Putten', 'eputtenbw@nbcnews.com', '5347528714'),
       (555, 'Herb', 'Aldine', 'haldinebx@slashdot.org', '1370345810'),
       (645, 'Evita', 'Hazeldene', 'ehazeldeneby@howstuffworks.com', '1468670290'),
       (611, 'Glenn', 'Faughey', 'gfaugheybz@wisc.edu', '2250059410'),
       (651, 'Nissy', 'Lockier', 'nlockierc0@scientificamerican.com', '0278717190'),
       (309, 'Kitty', 'Doumic', 'kdoumicc1@hhs.gov', '8910068821'),
       (659, 'Gottfried', 'Seelbach', 'gseelbachc2@free.fr', '0158857498'),
       (128, 'Laurence', 'Flintoft', 'lflintoftc3@buzzfeed.com', '2302415486'),
       (191, 'Tome', 'Padly', 'tpadlyc4@dion.ne.jp', '7420341491'),
       (42, 'Shae', 'Mucklo', 'smuckloc5@soup.io', '3189740184'),
       (523, 'Roch', 'Headech', 'rheadechc6@rediff.com', '1974487747'),
       (787, 'Burt', 'Estabrook', 'bestabrookc7@goo.ne.jp', '8005629065'),
       (197, 'Ajay', 'Sallans', 'asallansc8@technorati.com', '7264708987'),
       (919, 'Orren', 'Bartlet', 'obartletc9@t-online.de', '6941447449'),
       (946, 'Sande', 'Whacket', 'swhacketca@shinystat.com', '5914381636'),
       (919, 'Bran', 'Farlamb', 'bfarlambcb@toplist.cz', '5207489482'),
       (474, 'Barrie', 'Gaffon', 'bgaffoncc@redcross.org', '0007545913'),
       (557, 'Ulrick', 'Busfield', 'ubusfieldcd@amazon.de', '7479202894'),
       (952, 'Fabe', 'Butterworth', 'fbutterworthce@dell.com', '8150415822'),
       (616, 'Leonie', 'Prose', 'lprosecf@reference.com', '5035902850'),
       (144, 'Lira', 'Falls', 'lfallscg@mail.ru', '4293248405'),
       (867, 'Rab', 'Butterley', 'rbutterleych@godaddy.com', '0425278603'),
       (833, 'Romonda', 'Paulisch', 'rpaulischci@arstechnica.com', '4592183268'),
       (701, 'Ramona', 'McConnulty', 'rmcconnultycj@arizona.edu', '9285368485'),
       (192, 'Emmeline', 'Neeve', 'eneeveck@uiuc.edu', '0691030833'),
       (887, 'Natala', 'Clerc', 'nclerccl@illinois.edu', '1949712801'),
       (603, 'Prentiss', 'Davis', 'pdaviscm@npr.org', '5675880752'),
       (648, 'Beniamino', 'Askell', 'baskellcn@biblegateway.com', '4289599473'),
       (142, 'Velma', 'Poulsen', 'vpoulsenco@adobe.com', '7615043319'),
       (487, 'Cynthy', 'Domini', 'cdominicp@columbia.edu', '1128183172'),
       (476, 'Allix', 'Cruickshank', 'acruickshankcq@cisco.com', '8767129057'),
       (840, 'Kathy', 'Innett', 'kinnettcr@vk.com', '5048325994'),
       (363, 'Elna', 'Giraudy', 'egiraudycs@w3.org', '1183769454'),
       (611, 'Eduino', 'Creasy', 'ecreasyct@g.co', '8125265768'),
       (744, 'Owen', 'Levine', 'olevinecu@sciencedaily.com', '1652609843'),
       (363, 'Edlin', 'Vannozzii', 'evannozziicv@myspace.com', '2317835723'),
       (515, 'Leese', 'Zorzutti', 'lzorzutticw@dedecms.com', '6279708731'),
       (381, 'Hayes', 'Gatfield', 'hgatfieldcx@plala.or.jp', '7785049609'),
       (596, 'Concettina', 'Habbon', 'chabboncy@cyberchimps.com', '4628384259'),
       (394, 'Sissy', 'Chaucer', 'schaucercz@wikimedia.org', '8701012064'),
       (748, 'Rebecka', 'Compfort', 'rcompfortd0@amazon.de', '7620507211'),
       (24, 'Karel', 'Turbern', 'kturbernd1@netscape.com', '0973369316'),
       (385, 'Corrina', 'Gomery', 'cgomeryd2@hao123.com', '0441278937'),
       (542, 'Stacie', 'Vlasenkov', 'svlasenkovd3@comsenz.com', '6937946058'),
       (260, 'Melessa', 'Lawtey', 'mlawteyd4@yahoo.co.jp', '3796364803'),
       (563, 'Raddie', 'Dance', 'rdanced5@issuu.com', '9531268389'),
       (459, 'Orazio', 'Redford', 'oredfordd6@usnews.com', '8700102919'),
       (967, 'Mannie', 'Pavkovic', 'mpavkovicd7@biglobe.ne.jp', '8426721474'),
       (330, 'Bernita', 'Muldrew', 'bmuldrewd8@mapquest.com', '6133598744'),
       (294, 'Haslett', 'Eilhersen', 'heilhersend9@hibu.com', '7946654446'),
       (399, 'Nerte', 'McCullogh', 'nmcculloghda@exblog.jp', '5239852214'),
       (614, 'Rebekkah', 'Bottrell', 'rbottrelldb@cloudflare.com', '1600906095'),
       (281, 'Briant', 'Kibbee', 'bkibbeedc@ning.com', '4679928823'),
       (70, 'Rivkah', 'Oxherd', 'roxherddd@disqus.com', '4880534292'),
       (929, 'Tanya', 'Barff', 'tbarffde@hatena.ne.jp', '0821721258'),
       (833, 'Ashlan', 'Towers', 'atowersdf@printfriendly.com', '4655323679'),
       (249, 'Sheree', 'Mourton', 'smourtondg@earthlink.net', '7828484214'),
       (88, 'Winona', 'Maciak', 'wmaciakdh@ucoz.com', '7912386496'),
       (687, 'Reider', 'Ivanenko', 'rivanenkodi@usa.gov', '8692200224'),
       (586, 'Nora', 'De Andreis', 'ndeandreisdj@php.net', '2040534882'),
       (908, 'Skippie', 'Wessel', 'swesseldk@unicef.org', '0159078995'),
       (636, 'Vyky', 'Milan', 'vmilandl@fema.gov', '1401459479'),
       (343, 'Kania', 'Harradine', 'kharradinedm@friendfeed.com', '5596722013'),
       (607, 'Dianemarie', 'Thing', 'dthingdn@state.tx.us', '1740427024'),
       (451, 'Lynsey', 'Carrodus', 'lcarrodusdo@hatena.ne.jp', '4899472587'),
       (656, 'Kippy', 'Asaaf', 'kasaafdp@multiply.com', '9002504605'),
       (621, 'L,urette', 'Serle', 'lserledq@tumblr.com', '5316380995'),
       (596, 'Boy', 'Baudouin', 'bbaudouindr@opera.com', '9147044726'),
       (99, 'Reinald', 'Ugolini', 'rugolinids@dyndns.org', '2861655074'),
       (457, 'Orran', 'Dering', 'oderingdt@loc.gov', '0809300089'),
       (876, 'Louis', 'Pentelow', 'lpentelowdu@imdb.com', '2840335670'),
       (389, 'Keith', 'Kops', 'kkopsdv@360.cn', '9069514687'),
       (528, 'Tucker', 'Earngy', 'tearngydw@lulu.com', '7791640389'),
       (319, 'Kalina', 'O''Cassidy', 'kocassidydx@blogger.com', '2751488802'),
       (191, 'Nathan', 'Stocken', 'nstockendy@unesco.org', '9583138596'),
       (919, 'Cooper', 'Anster', 'cansterdz@google.nl', '8635394515'),
       (119, 'Stephie', 'Praundl', 'spraundle0@feedburner.com', '9897424502'),
       (533, 'Lynde', 'Meyrick', 'lmeyricke1@cafepress.com', '8509084270'),
       (133, 'Terza', 'Loble', 'tloblee2@indiatimes.com', '3909541395'),
       (860, 'Milli', 'Garside', 'mgarsidee3@com.com', '0474868851'),
       (317, 'Francois', 'Valentin', 'fvalentine4@pbs.org', '8037702317'),
       (798, 'Celina', 'Fanning', 'cfanninge5@opera.com', '4832358691'),
       (739, 'Jules', 'Klemenz', 'jklemenze6@networkadvertising.org', '4954734968'),
       (357, 'Blanch', 'Searles', 'bsearlese7@mac.com', '3884739412'),
       (199, 'Stanly', 'McCaskell', 'smccaskelle8@ebay.co.uk', '7167958937'),
       (905, 'Wilbert', 'Carrington', 'wcarringtone9@bluehost.com', '3539423815'),
       (68, 'Ephraim', 'Duxbarry', 'eduxbarryea@redcross.org', '0251965045'),
       (552, 'Ricky', 'Taggerty', 'rtaggertyeb@ovh.net', '5675928171'),
       (406, 'Nicolai', 'Daenen', 'ndaenenec@tiny.cc', '8793777335'),
       (807, 'Coriss', 'Parnby', 'cparnbyed@sakura.ne.jp', '7654674527'),
       (884, 'Dyanne', 'Morrison', 'dmorrisonee@google.de', '6057900523'),
       (433, 'Tarra', 'Thwaites', 'tthwaitesef@feedburner.com', '9083809295'),
       (483, 'Randie', 'Blacksland', 'rblackslandeg@cam.ac.uk', '2379072068'),
       (574, 'Becky', 'Leavold', 'bleavoldeh@pcworld.com', '9215290221'),
       (658, 'Marlane', 'Ellerker', 'mellerkerei@ihg.com', '2632168455'),
       (672, 'Chevalier', 'Lismer', 'clismerej@bbc.co.uk', '7507573930'),
       (856, 'Husein', 'Bosley', 'hbosleyek@sakura.ne.jp', '3691786931'),
       (428, 'Maia', 'Udale', 'mudaleel@technorati.com', '9158617368'),
       (194, 'Maridel', 'Kemm', 'mkemmem@tumblr.com', '4430418109'),
       (81, 'Michelina', 'Wayon', 'mwayonen@hatena.ne.jp', '5015774317'),
       (550, 'Jayme', 'Torns', 'jtornseo@alexa.com', '4306566555'),
       (774, 'Gilda', 'Thickins', 'gthickinsep@howstuffworks.com', '6038753741'),
       (683, 'Sawyer', 'Bencher', 'sbenchereq@tuttocitta.it', '2615948746'),
       (464, 'Kristin', 'Gregoletti', 'kgregolettier@biglobe.ne.jp', '3411399089'),
       (289, 'Gabriella', 'Gerbi', 'ggerbies@dedecms.com', '4589108653'),
       (324, 'Aurora', 'Trevor', 'atrevoret@woothemes.com', '4822947085'),
       (575, 'Flemming', 'Poxson', 'fpoxsoneu@comsenz.com', '0743290311'),
       (883, 'Hallie', 'McCarlich', 'hmccarlichev@elpais.com', '7916887269'),
       (578, 'Morris', 'Fantone', 'mfantoneew@tiny.cc', '0514274028'),
       (154, 'Krystle', 'Czaple', 'kczapleex@dion.ne.jp', '1293623680'),
       (998, 'Brandy', 'Vigurs', 'bvigursey@youku.com', '7161385876'),
       (801, 'Ebba', 'McGaughie', 'emcgaughieez@addtoany.com', '2374692264'),
       (3, 'Delmore', 'Simnell', 'dsimnellf0@patch.com', '1058746581'),
       (455, 'Emilio', 'O''Carrol', 'eocarrolf1@cbsnews.com', '5181796308'),
       (361, 'Osmond', 'Cushion', 'ocushionf2@csmonitor.com', '6790140982'),
       (138, 'Paten', 'Wandrach', 'pwandrachf3@printfriendly.com', '2993950917'),
       (931, 'Hildagarde', 'Castille', 'hcastillef4@google.com', '3454854250'),
       (785, 'Bobinette', 'Doward', 'bdowardf5@who.int', '8963603052'),
       (830, 'Morgana', 'Jacquemet', 'mjacquemetf6@wikia.com', '1377830098'),
       (756, 'Jacky', 'Kemmis', 'jkemmisf7@lulu.com', '1669002154'),
       (982, 'Ruth', 'Kernley', 'rkernleyf8@trellian.com', '1309521090'),
       (486, 'Eustace', 'Miell', 'emiellf9@unicef.org', '4344408268'),
       (276, 'Ashli', 'Hoolaghan', 'ahoolaghanfa@jugem.jp', '6837938936'),
       (370, 'Jaquelyn', 'Deniskevich', 'jdeniskevichfb@independent.co.uk', '6428156900'),
       (753, 'Sharleen', 'Askell', 'saskellfc@chron.com', '1470054996'),
       (516, 'Cornall', 'Ketley', 'cketleyfd@deliciousdays.com', '9014812967'),
       (199, 'Rufe', 'Fleg', 'rflegfe@ezinearticles.com', '0418581595'),
       (855, 'Bastien', 'Surgeon', 'bsurgeonff@sohu.com', '2815932574'),
       (30, 'Jacqui', 'Steane', 'jsteanefg@ustream.tv', '1945822183'),
       (347, 'Ysabel', 'Slader', 'ysladerfh@ucsd.edu', '5414645989'),
       (343, 'Jacqui', 'Stobo', 'jstobofi@jigsy.com', '3219064625'),
       (784, 'Trevor', 'Buglass', 'tbuglassfj@canalblog.com', '8755293715'),
       (532, 'Caro', 'Toward', 'ctowardfk@tmall.com', '9577505940'),
       (274, 'Fulton', 'Antonnikov', 'fantonnikovfl@bloomberg.com', '3813152211'),
       (918, 'Belicia', 'Lewzey', 'blewzeyfm@ow.ly', '4328766982'),
       (606, 'Richy', 'Coundley', 'rcoundleyfn@nifty.com', '7553763480'),
       (429, 'Mervin', 'Parfrey', 'mparfreyfo@cnet.com', '2941301868'),
       (371, 'Bradly', 'Galbreth', 'bgalbrethfp@vistaprint.com', '5797669949'),
       (650, 'Dwight', 'Coath', 'dcoathfq@un.org', '8758584358'),
       (537, 'Gilligan', 'Couroy', 'gcouroyfr@google.com.br', '4592182139'),
       (170, 'Callida', 'Ellwand', 'cellwandfs@biblegateway.com', '3546778599'),
       (168, 'Bert', 'Lasham', 'blashamft@ed.gov', '0426380049'),
       (665, 'Gerti', 'Bachmann', 'gbachmannfu@xing.com', '1107896028'),
       (904, 'Marijo', 'Masson', 'mmassonfv@slate.com', '9068651961'),
       (980, 'Tabbitha', 'MacArdle', 'tmacardlefw@umn.edu', '7405760079'),
       (690, 'Verene', 'Towndrow', 'vtowndrowfx@engadget.com', '1800132778'),
       (514, 'Blake', 'Nelissen', 'bnelissenfy@ucoz.com', '7802613930'),
       (43, 'Noell', 'Le Ball', 'nleballfz@t-online.de', '5343902937'),
       (705, 'Giff', 'Ravenhills', 'gravenhillsg0@blinklist.com', '7240906836'),
       (368, 'Graig', 'Trevenu', 'gtrevenug1@homestead.com', '0238755096'),
       (432, 'Niall', 'Semrad', 'nsemradg2@examiner.com', '2998261829'),
       (650, 'Nonnah', 'Goodale', 'ngoodaleg3@cbc.ca', '3925484852'),
       (34, 'Davine', 'Hendrik', 'dhendrikg4@mit.edu', '6062256782'),
       (185, 'Rasla', 'Storres', 'rstorresg5@tumblr.com', '6966456591'),
       (143, 'Audre', 'Philippsohn', 'aphilippsohng6@ehow.com', '6920711356'),
       (43, 'Cherlyn', 'Stollenbecker', 'cstollenbeckerg7@nasa.gov', '5942672319'),
       (109, 'Liva', 'Pinfold', 'lpinfoldg8@oakley.com', '3783147608'),
       (225, 'Fonzie', 'Fuke', 'ffukeg9@cnbc.com', '2904911205'),
       (224, 'Nerissa', 'Raulin', 'nraulinga@marriott.com', '8493716961'),
       (564, 'Barbabra', 'Holgan', 'bholgangb@wufoo.com', '5336373765'),
       (789, 'Brig', 'Rengger', 'brenggergc@ihg.com', '6133185335'),
       (799, 'Tanhya', 'Brugsma', 'tbrugsmagd@tripadvisor.com', '8975921127'),
       (141, 'Vale', 'Cabena', 'vcabenage@blogger.com', '5700998511'),
       (691, 'Shaylah', 'Nickels', 'snickelsgf@cargocollective.com', '9897992572'),
       (389, 'Marcelia', 'Bastin', 'mbastingg@delicious.com', '7289064731'),
       (361, 'Lorianna', 'Mascall', 'lmascallgh@issuu.com', '3054703132'),
       (821, 'Fianna', 'Harniman', 'fharnimangi@mlb.com', '8618862576'),
       (759, 'Debbie', 'Francello', 'dfrancellogj@imgur.com', '3533515364'),
       (270, 'Lorie', 'Huton', 'lhutongk@omniture.com', '6221817247'),
       (240, 'Eyde', 'Linn', 'elinngl@spotify.com', '6425274359'),
       (599, 'Robenia', 'Pillington', 'rpillingtongm@sciencedirect.com', '8558147809'),
       (308, 'Kendall', 'Morden', 'kmordengn@xrea.com', '1899765432'),
       (530, 'Danielle', 'Swendell', 'dswendellgo@lulu.com', '0866031137'),
       (90, 'Trey', 'Windless', 'twindlessgp@wufoo.com', '4196972258'),
       (840, 'Cassandre', 'Scopyn', 'cscopyngq@icq.com', '9103757575'),
       (538, 'Birgitta', 'Gallier', 'bgalliergr@cargocollective.com', '9824599102'),
       (20, 'Lorianna', 'Collyer', 'lcollyergs@people.com.cn', '1360613564'),
       (974, 'Normie', 'Boland', 'nbolandgt@princeton.edu', '0466586724'),
       (955, 'Granville', 'MacAlpine', 'gmacalpinegu@columbia.edu', '1745736695'),
       (462, 'Aurora', 'Brunskill', 'abrunskillgv@aboutads.info', '1612761152'),
       (632, 'Lindsay', 'Marguerite', 'lmargueritegw@wunderground.com', '7367119202'),
       (756, 'Marielle', 'Patience', 'mpatiencegx@japanpost.jp', '8590164368'),
       (130, 'Bettina', 'Luckcuck', 'bluckcuckgy@sina.com.cn', '7602855710'),
       (522, 'Rosina', 'Rothschild', 'rrothschildgz@cornell.edu', '8254378799'),
       (383, 'Engelbert', 'Brash', 'ebrashh0@dion.ne.jp', '2846185965'),
       (132, 'Emmett', 'Trulock', 'etrulockh1@craigslist.org', '2511958524'),
       (779, 'Nelle', 'Curson', 'ncursonh2@artisteer.com', '8219862484'),
       (870, 'Daron', 'Pogue', 'dpogueh3@instagram.com', '3704407163'),
       (120, 'Reta', 'Digginson', 'rdigginsonh4@wufoo.com', '6941263280'),
       (894, 'Fred', 'Ludee', 'fludeeh5@paypal.com', '1119392888'),
       (792, 'Gordon', 'Pecha', 'gpechah6@addtoany.com', '9353671311'),
       (949, 'Esmeralda', 'Cauderlie', 'ecauderlieh7@imgur.com', '3852360810'),
       (138, 'Abelard', 'Crossgrove', 'acrossgroveh8@zimbio.com', '9985694036'),
       (604, 'Tim', 'Coogan', 'tcooganh9@prweb.com', '2911871164'),
       (147, 'Lyndy', 'Wallwork', 'lwallworkha@ca.gov', '1461878672'),
       (36, 'Harmony', 'Houtbie', 'hhoutbiehb@umn.edu', '2734985624'),
       (472, 'Emelia', 'Dando', 'edandohc@hud.gov', '1824687170'),
       (662, 'Roberta', 'Barnsley', 'rbarnsleyhd@fastcompany.com', '8072317033'),
       (41, 'Elicia', 'Martinot', 'emartinothe@google.it', '3566003641'),
       (518, 'Neala', 'Glidden', 'ngliddenhf@wikimedia.org', '1218000297'),
       (570, 'Wenda', 'Milkins', 'wmilkinshg@npr.org', '7882818893'),
       (693, 'Ardath', 'Cavil', 'acavilhh@upenn.edu', '2903077556'),
       (740, 'Joel', 'Dannel', 'jdannelhi@vk.com', '7301517410'),
       (397, 'Elie', 'Stable', 'establehj@myspace.com', '0011547276'),
       (743, 'Johannah', 'Girardetti', 'jgirardettihk@si.edu', '6580403348'),
       (695, 'Christyna', 'Leghorn', 'cleghornhl@digg.com', '5295987850'),
       (511, 'Enrico', 'Sprey', 'espreyhm@mozilla.com', '2210904088'),
       (699, 'Anson', 'Sally', 'asallyhn@ebay.co.uk', '1565137735'),
       (811, 'Lona', 'Bolsteridge', 'lbolsteridgeho@icq.com', '0821629830'),
       (893, 'Regina', 'Beauvais', 'rbeauvaishp@eventbrite.com', '5022689605'),
       (993, 'Bertrando', 'Pargeter', 'bpargeterhq@discuz.net', '3504653076'),
       (310, 'Waneta', 'Conlon', 'wconlonhr@japanpost.jp', '9472750055'),
       (146, 'Helyn', 'Kording', 'hkordinghs@narod.ru', '1703181563'),
       (563, 'Bud', 'Bulbeck', 'bbulbeckht@xinhuanet.com', '8237437846'),
       (945, 'Anabella', 'Comino', 'acominohu@multiply.com', '7036631896'),
       (907, 'Charisse', 'MacCague', 'cmaccaguehv@alexa.com', '1316357064'),
       (564, 'Sibyl', 'Dreini', 'sdreinihw@people.com.cn', '5741204862'),
       (445, 'Margarete', 'Walesa', 'mwalesahx@paginegialle.it', '1976165154'),
       (322, 'Vivianne', 'McIlvoray', 'vmcilvorayhy@digg.com', '6475737574'),
       (524, 'Clive', 'Doghartie', 'cdoghartiehz@xing.com', '6846423188'),
       (3, 'Milo', 'Rollinshaw', 'mrollinshawi0@earthlink.net', '5372306338'),
       (513, 'Hadria', 'Khristoforov', 'hkhristoforovi1@yelp.com', '7987200602'),
       (662, 'Arte', 'Caldecutt', 'acaldecutti2@github.io', '9386023407'),
       (232, 'Chiquia', 'Diggar', 'cdiggari3@privacy.gov.au', '2721391370'),
       (177, 'Dru', 'Bickers', 'dbickersi4@plala.or.jp', '5905396182'),
       (122, 'Allie', 'Duchesne', 'aduchesnei5@pinterest.com', '6028079339'),
       (907, 'Malorie', 'Plumley', 'mplumleyi6@deliciousdays.com', '0674372821'),
       (578, 'Edee', 'Beyn', 'ebeyni7@cbc.ca', '6856181697'),
       (883, 'Ernesta', 'Wiltshire', 'ewiltshirei8@bluehost.com', '3320019090'),
       (62, 'Falkner', 'Akam', 'fakami9@xing.com', '7380646130'),
       (456, 'Ardyth', 'Itzchaki', 'aitzchakiia@g.co', '5724165460'),
       (229, 'Jemima', 'Sessions', 'jsessionsib@cnet.com', '6066976633'),
       (955, 'Hagan', 'Kastel', 'hkastelic@oakley.com', '2320995367'),
       (230, 'Angil', 'Alexsandrowicz', 'aalexsandrowiczid@wordpress.org', '4705454089'),
       (936, 'Virgie', 'Tennewell', 'vtennewellie@webnode.com', '0105017217'),
       (102, 'Frans', 'Littleover', 'flittleoverif@naver.com', '3641202739'),
       (685, 'Magdalene', 'Canario', 'mcanarioig@moonfruit.com', '9187094931'),
       (294, 'Hazel', 'McCadden', 'hmccaddenih@princeton.edu', '5384022334'),
       (52, 'Dani', 'Furman', 'dfurmanii@ifeng.com', '9626760371'),
       (44, 'Brigit', 'Bowsher', 'bbowsherij@mac.com', '7952793690'),
       (472, 'Thomasin', 'Askew', 'taskewik@yahoo.com', '7872897916'),
       (915, 'Gregoor', 'Woodthorpe', 'gwoodthorpeil@icio.us', '5258374150'),
       (187, 'Jennee', 'Dmitriev', 'jdmitrievim@hatena.ne.jp', '0627215441'),
       (31, 'Tierney', 'Pabst', 'tpabstin@amazonaws.com', '5602631977'),
       (865, 'Muffin', 'McCraine', 'mmccraineio@aol.com', '4085884492'),
       (197, 'Emmery', 'Simonett', 'esimonettip@flickr.com', '1954604330'),
       (78, 'Mirabelle', 'Alwin', 'malwiniq@jugem.jp', '2387331006'),
       (705, 'Georgianna', 'Haslock', 'ghaslockir@etsy.com', '7357978722'),
       (35, 'Helenka', 'Houldey', 'hhouldeyis@oakley.com', '0271241352'),
       (295, 'Norma', 'Latore', 'nlatoreit@sourceforge.net', '5371015567'),
       (675, 'Carlo', 'Gambrell', 'cgambrelliu@yahoo.com', '1426313187'),
       (947, 'Ertha', 'Kerslake', 'ekerslakeiv@360.cn', '8680982481'),
       (213, 'Christy', 'Cursons', 'ccursonsiw@sphinn.com', '9653160097'),
       (577, 'Briana', 'Naulls', 'bnaullsix@ezinearticles.com', '5336861279'),
       (691, 'Florian', 'Adderson', 'faddersoniy@pen.io', '6402384017'),
       (363, 'Corina', 'Cleare', 'ccleareiz@state.gov', '0451870226'),
       (914, 'Shari', 'Bovis', 'sbovisj0@joomla.org', '8652480361'),
       (791, 'Calvin', 'McKeighan', 'cmckeighanj1@youku.com', '5458166716'),
       (15, 'Rorie', 'Gavrielli', 'rgavriellij2@homestead.com', '9365536295'),
       (538, 'Nat', 'Jaffrey', 'njaffreyj3@shutterfly.com', '7137027119'),
       (966, 'Eal', 'Dikes', 'edikesj4@miitbeian.gov.cn', '5525821841'),
       (968, 'Sergent', 'Hukins', 'shukinsj5@sciencedirect.com', '1238862082'),
       (343, 'Bram', 'Hartill', 'bhartillj6@dagondesign.com', '2923944766'),
       (217, 'Dodie', 'Thody', 'dthodyj7@xinhuanet.com', '4190690185'),
       (274, 'Nikolaus', 'Sterland', 'nsterlandj8@virginia.edu', '3031226081'),
       (777, 'Pandora', 'Coote', 'pcootej9@timesonline.co.uk', '4456253543'),
       (900, 'Normand', 'Pilcher', 'npilcherja@theguardian.com', '4653454741'),
       (97, 'Maud', 'Darell', 'mdarelljb@dailymail.co.uk', '3053320065'),
       (346, 'Leonhard', 'Dounbare', 'ldounbarejc@jiathis.com', '0198439081'),
       (878, 'Robinett', 'Tabourel', 'rtaboureljd@cbc.ca', '2248587600'),
       (90, 'Claudelle', 'Slowgrave', 'cslowgraveje@google.com.hk', '4341621132'),
       (889, 'Willi', 'Strafen', 'wstrafenjf@qq.com', '8516155000'),
       (938, 'Jeralee', 'Adshede', 'jadshedejg@army.mil', '2649698103'),
       (281, 'Elna', 'Hostan', 'ehostanjh@nature.com', '9578995368'),
       (408, 'Petey', 'Dootson', 'pdootsonji@over-blog.com', '8117627081'),
       (798, 'Abram', 'Raddan', 'araddanjj@mashable.com', '0992821725'),
       (255, 'Stacey', 'Zambonini', 'szamboninijk@cnbc.com', '2823733958'),
       (373, 'Patsy', 'McGregor', 'pmcgregorjl@globo.com', '8756340736'),
       (914, 'Lamont', 'Douthwaite', 'ldouthwaitejm@soundcloud.com', '5139972245'),
       (235, 'Annaliese', 'Batte', 'abattejn@harvard.edu', '8184891701'),
       (823, 'Lindsey', 'Markson', 'lmarksonjo@oracle.com', '3930577228'),
       (198, 'Leopold', 'Eidelman', 'leidelmanjp@aol.com', '1084374274'),
       (408, 'Austin', 'Brader', 'abraderjq@goodreads.com', '7160898447'),
       (129, 'Kaitlyn', 'Pagel', 'kpageljr@ebay.com', '6564028901'),
       (825, 'Frankie', 'Dunbabin', 'fdunbabinjs@google.com.au', '1811365517'),
       (505, 'Ellynn', 'Fruser', 'efruserjt@typepad.com', '2445326387'),
       (504, 'Gilberte', 'Tarbin', 'gtarbinju@forbes.com', '3917925253'),
       (994, 'Balduin', 'Naris', 'bnarisjv@springer.com', '1110172307'),
       (487, 'Stephenie', 'Ruprich', 'sruprichjw@hugedomains.com', '6803981708'),
       (956, 'Berna', 'Beinisch', 'bbeinischjx@reuters.com', '5662404143'),
       (702, 'Marchelle', 'Martinovsky', 'mmartinovskyjy@prlog.org', '6470183255'),
       (934, 'Dolly', 'Calf', 'dcalfjz@naver.com', '0086700529'),
       (69, 'Jaclyn', 'Lewens', 'jlewensk0@virginia.edu', '3252397050'),
       (19, 'Edgard', 'Kleint', 'ekleintk1@geocities.com', '3708191510'),
       (185, 'Umberto', 'Adamowitz', 'uadamowitzk2@prnewswire.com', '8350100030'),
       (302, 'Ellette', 'Chamberlen', 'echamberlenk3@theglobeandmail.com', '7223215460'),
       (156, 'Caren', 'Chadbourne', 'cchadbournek4@yelp.com', '6655400373'),
       (304, 'Clara', 'Kiwitz', 'ckiwitzk5@xinhuanet.com', '2152472277'),
       (269, 'Brianne', 'Linnard', 'blinnardk6@elpais.com', '9584444717'),
       (991, 'Merissa', 'Kennifeck', 'mkennifeckk7@mail.ru', '5435536383'),
       (41, 'Archaimbaud', 'Charlton', 'acharltonk8@studiopress.com', '9541920005'),
       (579, 'Duncan', 'Coatsworth', 'dcoatsworthk9@craigslist.org', '9483169267'),
       (899, 'Adrian', 'Skotcher', 'askotcherka@abc.net.au', '8211232665'),
       (372, 'Jon', 'Andrzejak', 'jandrzejakkb@meetup.com', '1792981935'),
       (965, 'Karel', 'Leyshon', 'kleyshonkc@storify.com', '7544930592'),
       (510, 'Aharon', 'Ludovici', 'aludovicikd@wisc.edu', '8193164275'),
       (588, 'Holden', 'Searston', 'hsearstonke@github.io', '0665355622'),
       (635, 'Nikolai', 'Cotty', 'ncottykf@nifty.com', '9905928481'),
       (921, 'Francois', 'Clausen-Thue', 'fclausenthuekg@theguardian.com', '0783074356'),
       (339, 'Georg', 'Gommowe', 'ggommowekh@sciencedirect.com', '5358101380'),
       (725, 'Tammie', 'Roderick', 'troderickki@nsw.gov.au', '9945416325'),
       (951, 'Constantina', 'Cholerton', 'ccholertonkj@psu.edu', '8495636815'),
       (434, 'Marlo', 'Beininck', 'mbeininckkk@slate.com', '5371216145'),
       (816, 'Alexandros', 'McCreath', 'amccreathkl@phoca.cz', '2969888147'),
       (908, 'Vonni', 'Le Surf', 'vlesurfkm@plala.or.jp', '4796546442'),
       (580, 'Roselle', 'Monnery', 'rmonnerykn@google.cn', '4481559305'),
       (360, 'Rosette', 'Aslum', 'raslumko@fema.gov', '8682948424'),
       (868, 'Tillie', 'Cheale', 'tchealekp@yandex.ru', '2550611295'),
       (337, 'Zacharia', 'Capelin', 'zcapelinkq@yellowpages.com', '7933943927'),
       (232, 'Maybelle', 'Vaar', 'mvaarkr@tripadvisor.com', '6912776681'),
       (642, 'Beatrice', 'Spoward', 'bspowardks@hatena.ne.jp', '8098386810'),
       (319, 'Marcelle', 'Conwell', 'mconwellkt@blogtalkradio.com', '0116052810'),
       (955, 'Ira', 'Areles', 'iarelesku@nytimes.com', '6299391821'),
       (151, 'Jen', 'Leuren', 'jleurenkv@gnu.org', '3743745731'),
       (106, 'Mercedes', 'Catanheira', 'mcatanheirakw@bing.com', '6234985702'),
       (138, 'Murielle', 'McGurk', 'mmcgurkkx@desdev.cn', '8440680671'),
       (929, 'Rosalia', 'Rogister', 'rrogisterky@elpais.com', '5425110740'),
       (45, 'Reinald', 'Bernardin', 'rbernardinkz@squidoo.com', '3737361804'),
       (916, 'Lukas', 'Franke', 'lfrankel0@blogspot.com', '1592187821'),
       (396, 'Dewain', 'Gouny', 'dgounyl1@japanpost.jp', '5409785966'),
       (274, 'Micky', 'Iley', 'mileyl2@blogspot.com', '4847223941'),
       (194, 'Fernandina', 'Clapshaw', 'fclapshawl3@wordpress.com', '5155068619'),
       (22, 'Alasteir', 'Kimmitt', 'akimmittl4@nih.gov', '0868412098'),
       (121, 'Michell', 'Gasking', 'mgaskingl5@t-online.de', '1803844827'),
       (520, 'Berri', 'Sindle', 'bsindlel6@virginia.edu', '4702416133'),
       (646, 'Dorree', 'Chapple', 'dchapplel7@freewebs.com', '1323036683'),
       (29, 'Constantine', 'Tyght', 'ctyghtl8@instagram.com', '0720558672'),
       (718, 'Osgood', 'Kinastan', 'okinastanl9@symantec.com', '0245125892'),
       (535, 'Glenn', 'Soldner', 'gsoldnerla@miibeian.gov.cn', '6326175620'),
       (178, 'Syman', 'Damper', 'sdamperlb@latimes.com', '4867037225'),
       (940, 'Tanhya', 'Letham', 'tlethamlc@ftc.gov', '1489511570'),
       (424, 'Ella', 'Weatherburn', 'eweatherburnld@yellowpages.com', '7887958869'),
       (196, 'Garey', 'De Bernardis', 'gdebernardisle@biglobe.ne.jp', '4691687424'),
       (896, 'Caroljean', 'Sagar', 'csagarlf@google.nl', '7749450469'),
       (403, 'Nita', 'Klaussen', 'nklaussenlg@nba.com', '1169505120'),
       (546, 'Cherlyn', 'Newlands', 'cnewlandslh@chron.com', '2538244764'),
       (990, 'Collette', 'Conley', 'cconleyli@studiopress.com', '8614704142'),
       (314, 'Cass', 'Klicher', 'cklicherlj@themeforest.net', '0302240511'),
       (249, 'Onfroi', 'Boate', 'oboatelk@nih.gov', '3748612220'),
       (701, 'Roderigo', 'Gallon', 'rgallonll@prweb.com', '0013400127'),
       (455, 'Nerti', 'Paddison', 'npaddisonlm@usnews.com', '6126692696'),
       (575, 'Penny', 'Setchell', 'psetchellln@usatoday.com', '6342977917'),
       (403, 'Morlee', 'Buye', 'mbuyelo@msu.edu', '2153168041'),
       (945, 'Dulcie', 'Norsworthy', 'dnorsworthylp@google.co.uk', '2705544856'),
       (497, 'Conny', 'Perello', 'cperellolq@google.com.hk', '1581824396'),
       (660, 'Silvio', 'Haglinton', 'shaglintonlr@cam.ac.uk', '5890680647'),
       (638, 'Antonius', 'Painter', 'apainterls@merriam-webster.com', '8964726232'),
       (998, 'Tate', 'Santer', 'tsanterlt@github.io', '2784966509'),
       (43, 'Lionel', 'Tingle', 'ltinglelu@paginegialle.it', '7229711701'),
       (680, 'Jenica', 'Gatty', 'jgattylv@cmu.edu', '6097208288'),
       (849, 'Bjorn', 'Starrs', 'bstarrslw@moonfruit.com', '4847225041'),
       (337, 'Ezri', 'Hessentaler', 'ehessentalerlx@e-recht24.de', '8140492431'),
       (438, 'Hewet', 'Cawt', 'hcawtly@comcast.net', '8339179790'),
       (523, 'Ashil', 'Birchill', 'abirchilllz@pen.io', '7000295190'),
       (517, 'Sylvester', 'Chinnock', 'schinnockm0@parallels.com', '8120528353'),
       (561, 'Kort', 'Heliot', 'kheliotm1@bbc.co.uk', '0080876384'),
       (91, 'Dru', 'Womersley', 'dwomersleym2@flickr.com', '8022641288'),
       (842, 'Rachael', 'Whatford', 'rwhatfordm3@nyu.edu', '2445748869'),
       (257, 'Sibeal', 'Pudge', 'spudgem4@alexa.com', '7329599413'),
       (257, 'Hesther', 'Winthrop', 'hwinthropm5@studiopress.com', '2468583062'),
       (508, 'Renado', 'Freke', 'rfrekem6@thetimes.co.uk', '8875156919'),
       (209, 'Darrick', 'Letchmore', 'dletchmorem7@cisco.com', '6409457956'),
       (870, 'Kalila', 'Laxton', 'klaxtonm8@t-online.de', '9662364004'),
       (496, 'Thornton', 'Dewis', 'tdewism9@phpbb.com', '9057166795'),
       (378, 'Walden', 'Tudge', 'wtudgema@jiathis.com', '9505260604'),
       (782, 'Clementia', 'Witherow', 'cwitherowmb@opensource.org', '1335915263'),
       (731, 'Garold', 'Taggert', 'gtaggertmc@google.co.jp', '7511698645'),
       (852, 'Patricio', 'Sykes', 'psykesmd@linkedin.com', '8641341829'),
       (680, 'Cortney', 'Murcutt', 'cmurcuttme@shutterfly.com', '2479581638'),
       (80, 'Chrystel', 'Schultz', 'cschultzmf@scientificamerican.com', '7951140876'),
       (296, 'Raye', 'Pally', 'rpallymg@ameblo.jp', '7998952916'),
       (804, 'Araldo', 'Winser', 'awinsermh@blogtalkradio.com', '2700780214'),
       (484, 'Maxie', 'Petrillo', 'mpetrillomi@facebook.com', '5231760557'),
       (374, 'Tanner', 'Hanner', 'thannermj@wikia.com', '3794839063'),
       (940, 'Colleen', 'Cooney', 'ccooneymk@weibo.com', '6798987953'),
       (154, 'Ellwood', 'Grunwald', 'egrunwaldml@ycombinator.com', '6732140383'),
       (574, 'Carlene', 'De Ruel', 'cderuelmm@springer.com', '6756881944'),
       (242, 'Alberto', 'Gian', 'agianmn@rakuten.co.jp', '3508119171'),
       (833, 'Pattie', 'Sheehy', 'psheehymo@sbwire.com', '6515644406'),
       (928, 'Corby', 'Berkeley', 'cberkeleymp@a8.net', '9228051016'),
       (803, 'Jazmin', 'Grigorushkin', 'jgrigorushkinmq@blogspot.com', '2072977535'),
       (756, 'Constantin', 'Braunthal', 'cbraunthalmr@huffingtonpost.com', '0805392762'),
       (846, 'Russ', 'Rubanenko', 'rrubanenkoms@techcrunch.com', '3950885859'),
       (236, 'Adeline', 'Spare', 'asparemt@latimes.com', '3864967926'),
       (102, 'Freeland', 'Mullenger', 'fmullengermu@cbslocal.com', '7558170446'),
       (457, 'Katie', 'Andresen', 'kandresenmv@cnet.com', '4660515351'),
       (458, 'Orin', 'Fullegar', 'ofullegarmw@miitbeian.gov.cn', '9245239654'),
       (346, 'Jeanna', 'Dun', 'jdunmx@jugem.jp', '5841759766'),
       (494, 'Myrwyn', 'Schenkel', 'mschenkelmy@google.nl', '2157631327'),
       (265, 'Karel', 'Shelton', 'ksheltonmz@foxnews.com', '3736437561'),
       (295, 'Godfree', 'Killingback', 'gkillingbackn0@seattletimes.com', '4656814431'),
       (814, 'Genna', 'Lawman', 'glawmann1@skype.com', '6363925702'),
       (535, 'Padraic', 'Aujean', 'paujeann2@arstechnica.com', '2297599288'),
       (763, 'Danni', 'Neilson', 'dneilsonn3@slate.com', '3167681580'),
       (13, 'Ashia', 'Slatten', 'aslattenn4@mail.ru', '7256840675'),
       (55, 'Aretha', 'Riccione', 'ariccionen5@gmpg.org', '6113106791'),
       (836, 'Kipper', 'Kefford', 'kkeffordn6@cpanel.net', '3873635109'),
       (857, 'Novelia', 'Poon', 'npoonn7@soup.io', '4862941184'),
       (894, 'Lucila', 'Vanyushkin', 'lvanyushkinn8@posterous.com', '4032760866'),
       (811, 'Karney', 'Coggings', 'kcoggingsn9@adobe.com', '7036497001'),
       (812, 'Emylee', 'Kellough', 'ekelloughna@networkadvertising.org', '1428365134'),
       (378, 'Sherwin', 'MacBain', 'smacbainnb@fotki.com', '3408803665'),
       (318, 'Ronnie', 'Ilyasov', 'rilyasovnc@rediff.com', '8004680128'),
       (512, 'Rebeka', 'Extance', 'rextancend@who.int', '9656351452'),
       (16, 'Lila', 'Chiddy', 'lchiddyne@spiegel.de', '5455485163'),
       (396, 'Hilly', 'Mangham', 'hmanghamnf@a8.net', '9036656473'),
       (18, 'Byram', 'Crawcour', 'bcrawcourng@deliciousdays.com', '8355863485'),
       (176, 'Webster', 'Seabert', 'wseabertnh@mysql.com', '4946536861'),
       (715, 'Timothy', 'Gulc', 'tgulcni@tripadvisor.com', '6739388713'),
       (365, 'Sigmund', 'Arthy', 'sarthynj@reddit.com', '1430183423'),
       (337, 'Pat', 'Oke', 'pokenk@wunderground.com', '2175457232'),
       (954, 'Opal', 'Wetherburn', 'owetherburnnl@fastcompany.com', '8725709854'),
       (127, 'Tabor', 'Thomann', 'tthomannnm@nyu.edu', '8608646872'),
       (80, 'Trip', 'Eliet', 'telietnn@ask.com', '5633708322'),
       (373, 'Cristin', 'Peever', 'cpeeverno@psu.edu', '9067378650'),
       (942, 'Orton', 'Southan', 'osouthannp@arstechnica.com', '9732058764'),
       (629, 'Nesta', 'Zoane', 'nzoanenq@loc.gov', '5302457003'),
       (956, 'Bentlee', 'Staynes', 'bstaynesnr@bbb.org', '7553131996'),
       (143, 'Natalee', 'Pickerin', 'npickerinns@mlb.com', '1286929129'),
       (872, 'Bert', 'Ridout', 'bridoutnt@about.me', '6512576823'),
       (900, 'Inge', 'Soppit', 'isoppitnu@google.com.au', '5718155285'),
       (114, 'Zebedee', 'Dunks', 'zdunksnv@rambler.ru', '9255267535'),
       (650, 'Ciro', 'Springthorpe', 'cspringthorpenw@reuters.com', '8670820507'),
       (353, 'Martha', 'Rannald', 'mrannaldnx@apple.com', '6168819289'),
       (808, 'Miran', 'Chapman', 'mchapmanny@slideshare.net', '0925757925'),
       (987, 'Alfred', 'Salling', 'asallingnz@stanford.edu', '7141725972'),
       (857, 'Paco', 'Hestrop', 'phestropo0@shareasale.com', '3880299189'),
       (65, 'Gareth', 'O'' Donohoe', 'godonohoeo1@reverbnation.com', '4621203737'),
       (171, 'Elwira', 'Swanton', 'eswantono2@miitbeian.gov.cn', '5975277907'),
       (264, 'Cleon', 'Corragan', 'ccorragano3@pbs.org', '1898182349'),
       (512, 'Etta', 'Gladdolph', 'egladdolpho4@theglobeandmail.com', '9826937065'),
       (568, 'Conni', 'Beeze', 'cbeezeo5@gravatar.com', '3355034487'),
       (556, 'Elberta', 'Bridel', 'ebridelo6@google.es', '0008834985'),
       (540, 'Alene', 'Shivell', 'ashivello7@amazon.de', '3595510024'),
       (924, 'Amery', 'Burley', 'aburleyo8@ca.gov', '5228457040'),
       (101, 'Cathryn', 'McGannon', 'cmcgannono9@unc.edu', '5793863025'),
       (91, 'Venus', 'Widdicombe', 'vwiddicombeoa@bigcartel.com', '7468059350'),
       (852, 'Loren', 'Kisting', 'lkistingob@moonfruit.com', '7952351033'),
       (715, 'Kylie', 'Scarce', 'kscarceoc@multiply.com', '9571218465'),
       (878, 'Marion', 'Boland', 'mbolandod@paginegialle.it', '1025717917'),
       (205, 'Pooh', 'Morey', 'pmoreyoe@unicef.org', '6639433173'),
       (93, 'Granger', 'Fowlie', 'gfowlieof@salon.com', '5931228128'),
       (852, 'Patton', 'Jaram', 'pjaramog@hibu.com', '7843753806'),
       (382, 'Giralda', 'Grastye', 'ggrastyeoh@rambler.ru', '8209500301'),
       (724, 'Bron', 'Pauwel', 'bpauweloi@nydailynews.com', '1538941692'),
       (234, 'Tandie', 'Pudsall', 'tpudsalloj@pbs.org', '4510318869'),
       (759, 'Jenda', 'Minear', 'jminearok@hhs.gov', '9162795099'),
       (869, 'Arabele', 'Ridesdale', 'aridesdaleol@photobucket.com', '8321928070'),
       (398, 'Alvinia', 'A''Barrow', 'aabarrowom@columbia.edu', '3658054698'),
       (889, 'Donnajean', 'Tuite', 'dtuiteon@salon.com', '1859456020'),
       (95, 'Cosmo', 'Oakeby', 'coakebyoo@flickr.com', '9604484732'),
       (20, 'Dionysus', 'Ranaghan', 'dranaghanop@zdnet.com', '4786580530'),
       (792, 'Jackquelin', 'Ceaplen', 'jceaplenoq@digg.com', '0901204868'),
       (893, 'Kailey', 'Felgat', 'kfelgator@auda.org.au', '2478401729'),
       (845, 'Raddy', 'Harower', 'rharoweros@time.com', '5310246299'),
       (295, 'Madalyn', 'Mohammed', 'mmohammedot@chron.com', '2426988455'),
       (696, 'Rossy', 'Heineking', 'rheinekingou@wikipedia.org', '6377267638'),
       (425, 'Obediah', 'Osmon', 'oosmonov@yahoo.com', '3610215979'),
       (964, 'Trstram', 'Prentice', 'tprenticeow@ow.ly', '4980960137'),
       (170, 'Levey', 'Beenham', 'lbeenhamox@booking.com', '3267664404'),
       (766, 'Evvy', 'Farley', 'efarleyoy@tmall.com', '7728079764'),
       (460, 'Chilton', 'Steinham', 'csteinhamoz@mysql.com', '0872962026'),
       (39, 'Bondon', 'Warrick', 'bwarrickp0@wiley.com', '5827282427'),
       (748, 'Alta', 'Sumner', 'asumnerp1@lulu.com', '9090426164'),
       (391, 'Orv', 'Bagguley', 'obagguleyp2@illinois.edu', '0128099667'),
       (822, 'Marni', 'Emmins', 'memminsp3@sphinn.com', '0325876638'),
       (745, 'Hermine', 'Snoddin', 'hsnoddinp4@cornell.edu', '0699588311'),
       (725, 'Tamar', 'Bengochea', 'tbengocheap5@fda.gov', '6869930762'),
       (467, 'Rabi', 'Saunders', 'rsaundersp6@odnoklassniki.ru', '4102318554'),
       (525, 'Fernandina', 'Heindle', 'fheindlep7@gnu.org', '2845006331'),
       (864, 'Kennie', 'Ferguson', 'kfergusonp8@dropbox.com', '3574641038'),
       (837, 'Ivie', 'Skyppe', 'iskyppep9@barnesandnoble.com', '8637523366'),
       (453, 'Prentiss', 'Easman', 'peasmanpa@cbslocal.com', '0533286292'),
       (242, 'Killy', 'Colliar', 'kcolliarpb@is.gd', '5795451039'),
       (72, 'Hercule', 'Whiteley', 'hwhiteleypc@histats.com', '3826694740'),
       (96, 'Tim', 'Gladdifh', 'tgladdifhpd@istockphoto.com', '0807087904'),
       (385, 'Tatiana', 'Southwood', 'tsouthwoodpe@engadget.com', '8468420879'),
       (286, 'Liz', 'Chadney', 'lchadneypf@smugmug.com', '9248732084'),
       (671, 'Ricki', 'Le Estut', 'rleestutpg@cnn.com', '1843909825'),
       (596, 'Sutherland', 'Ruxton', 'sruxtonph@theatlantic.com', '5114160378'),
       (300, 'Christophe', 'O''Mullally', 'comullallypi@joomla.org', '3524844153'),
       (132, 'Farr', 'De Michetti', 'fdemichettipj@cnet.com', '1209319980'),
       (871, 'Emmie', 'Wollers', 'ewollerspk@deliciousdays.com', '2283300797'),
       (763, 'Trey', 'Croal', 'tcroalpl@tumblr.com', '6283622846'),
       (955, 'Aubine', 'Costin', 'acostinpm@stumbleupon.com', '3852916620'),
       (861, 'Nerty', 'Feilden', 'nfeildenpn@hp.com', '5068337557'),
       (113, 'Camila', 'Gornar', 'cgornarpo@1688.com', '3630283855'),
       (955, 'Elva', 'Killelea', 'ekilleleapp@illinois.edu', '0515264549'),
       (76, 'Agnese', 'Vasechkin', 'avasechkinpq@phoca.cz', '0663934613'),
       (252, 'Jolynn', 'Lydiate', 'jlydiatepr@howstuffworks.com', '8955631318'),
       (932, 'Lief', 'Tours', 'ltoursps@addtoany.com', '8602895693'),
       (269, 'Wilt', 'Bonas', 'wbonaspt@scientificamerican.com', '8957823105'),
       (77, 'Aileen', 'Stuchbery', 'astuchberypu@youtube.com', '0364411962'),
       (440, 'Walton', 'Langstone', 'wlangstonepv@deviantart.com', '3846738018'),
       (29, 'Brenn', 'Arman', 'barmanpw@yolasite.com', '9042095460'),
       (454, 'Vern', 'Precious', 'vpreciouspx@sogou.com', '0584458596'),
       (787, 'Joshia', 'Patria', 'jpatriapy@vistaprint.com', '8983084706'),
       (139, 'Nicki', 'Cappineer', 'ncappineerpz@sogou.com', '5176604169'),
       (271, 'Willa', 'Talman', 'wtalmanq0@google.de', '9201572772'),
       (539, 'Selig', 'Yaxley', 'syaxleyq1@cocolog-nifty.com', '1032989389'),
       (608, 'Davin', 'Marians', 'dmariansq2@imageshack.us', '0512880317'),
       (971, 'Floria', 'Heinonen', 'fheinonenq3@sphinn.com', '4740028846'),
       (472, 'Lindsay', 'Nystrom', 'lnystromq4@ebay.com', '3111072868'),
       (816, 'Stella', 'Sandells', 'ssandellsq5@aboutads.info', '1651520867'),
       (15, 'Janaye', 'Atwater', 'jatwaterq6@howstuffworks.com', '3768482451'),
       (885, 'Brander', 'Heinle', 'bheinleq7@springer.com', '4274489892'),
       (973, 'Nickie', 'Ollerearnshaw', 'nollerearnshawq8@topsy.com', '2974996887'),
       (795, 'Ernestine', 'Eland', 'eelandq9@people.com.cn', '6956486754'),
       (630, 'Sibyl', 'Fitchen', 'sfitchenqa@china.com.cn', '5772245233'),
       (477, 'Errol', 'Dreier', 'edreierqb@amazonaws.com', '1297886097'),
       (753, 'Georgianna', 'Burstow', 'gburstowqc@weather.com', '0999803367'),
       (855, 'Garry', 'Bendixen', 'gbendixenqd@theguardian.com', '7676151119'),
       (779, 'Gordy', 'Waszczykowski', 'gwaszczykowskiqe@shareasale.com', '7837047727'),
       (456, 'Jeanine', 'Cufley', 'jcufleyqf@xing.com', '3117233244'),
       (396, 'Stefan', 'Marlowe', 'smarloweqg@artisteer.com', '0811386046'),
       (711, 'Mariette', 'Wile', 'mwileqh@instagram.com', '9556800936'),
       (927, 'Brunhilda', 'Strawbridge', 'bstrawbridgeqi@free.fr', '0034874944'),
       (22, 'Skipp', 'Inderwick', 'sinderwickqj@google.com.au', '0482502578'),
       (737, 'Ruy', 'Farlane', 'rfarlaneqk@dion.ne.jp', '1151814102'),
       (401, 'Theo', 'O''Kenny', 'tokennyql@shutterfly.com', '3943248586'),
       (114, 'Barnard', 'Guy', 'bguyqm@phoca.cz', '2001618230'),
       (687, 'Paulette', 'Shimoni', 'pshimoniqn@blinklist.com', '1102797032'),
       (572, 'Thacher', 'Brawson', 'tbrawsonqo@lycos.com', '1566026344'),
       (416, 'Nisse', 'Sherville', 'nshervilleqp@time.com', '9578113151'),
       (192, 'Chrisse', 'Gatchell', 'cgatchellqq@wiley.com', '2935443092'),
       (861, 'Devina', 'Chestnutt', 'dchestnuttqr@tmall.com', '2240520073'),
       (680, 'Elwood', 'Alden', 'ealdenqs@nsw.gov.au', '7774961585'),
       (846, 'Kristofer', 'Cribbins', 'kcribbinsqt@toplist.cz', '5673967445'),
       (782, 'Mariya', 'Trusse', 'mtrussequ@issuu.com', '0573516495'),
       (903, 'Eugenia', 'Kinnear', 'ekinnearqv@constantcontact.com', '9723780112'),
       (14, 'Bidget', 'Neljes', 'bneljesqw@irs.gov', '6907480756'),
       (133, 'Wendie', 'Charlot', 'wcharlotqx@marriott.com', '2408280682'),
       (358, 'Selie', 'Skule', 'sskuleqy@twitter.com', '9305412448'),
       (537, 'Bibbye', 'Chainey', 'bchaineyqz@zdnet.com', '9928710310'),
       (170, 'Ana', 'Ridout', 'aridoutr0@telegraph.co.uk', '9000471607'),
       (926, 'Tye', 'Gossan', 'tgossanr1@amazon.co.uk', '5274174405'),
       (759, 'Peder', 'Greder', 'pgrederr2@globo.com', '1740144675'),
       (737, 'Erv', 'Edington', 'eedingtonr3@bbb.org', '4871624017'),
       (771, 'Peder', 'Janouch', 'pjanouchr4@hostgator.com', '9030093655'),
       (104, 'Gaspar', 'Drife', 'gdrifer5@delicious.com', '3590795687'),
       (859, 'Steven', 'Alwin', 'salwinr6@1und1.de', '3934569963'),
       (301, 'Janella', 'Godin', 'jgodinr7@princeton.edu', '0177143501'),
       (631, 'Candide', 'Piatti', 'cpiattir8@theatlantic.com', '3068536804'),
       (275, 'Conny', 'Dutson', 'cdutsonr9@arizona.edu', '0794714550'),
       (715, 'Chelsae', 'Rigate', 'crigatera@virginia.edu', '9889675272'),
       (607, 'Bria', 'Drake', 'bdrakerb@elpais.com', '4096200328'),
       (297, 'Sharai', 'Cogswell', 'scogswellrc@com.com', '3789236194'),
       (767, 'Wake', 'Krolle', 'wkrollerd@narod.ru', '4613703048'),
       (895, 'Brett', 'Philipeaux', 'bphilipeauxre@dion.ne.jp', '5242066313'),
       (519, 'Jonis', 'Bilborough', 'jbilboroughrf@cargocollective.com', '1511427265'),
       (47, 'Cathrin', 'Siddaley', 'csiddaleyrg@51.la', '5067353098'),
       (847, 'Matilda', 'Extence', 'mextencerh@comcast.net', '3227117059'),
       (296, 'Reuven', 'Robottom', 'rrobottomri@meetup.com', '6993066268'),
       (481, 'Creighton', 'Senussi', 'csenussirj@lycos.com', '4800003677'),
       (136, 'Andonis', 'Gipp', 'agipprk@webs.com', '5294422256'),
       (715, 'Catha', 'Attard', 'cattardrl@booking.com', '6650623912'),
       (728, 'Chelsie', 'Marfe', 'cmarferm@nasa.gov', '6120075629'),
       (855, 'Olly', 'MacAlaster', 'omacalasterrn@dmoz.org', '8883192585'),
       (749, 'Yetty', 'Klagge', 'yklaggero@bloglines.com', '6755587809'),
       (805, 'Chancey', 'Sendall', 'csendallrp@dot.gov', '9280078660'),
       (807, 'Ruddie', 'Gorcke', 'rgorckerq@t-online.de', '4119634498'),
       (347, 'Margie', 'Freschi', 'mfreschirr@reference.com', '1790698831');

INSERT INTO Teacher (ID, first_name, last_name, birth_date, wage)
VALUES (1, 'Coretta', 'Levins', '1977-06-10', 45149),
       (2, 'Dominica', 'Lembke', '1971-06-18', 1154),
       (3, 'Hanni', 'MacGowan', '1977-09-17', 38767),
       (4, 'Sandra', 'Thorne', '1965-12-06', 29744),
       (5, 'Katya', 'Kalb', '1980-06-12', 32605),
       (6, 'Gardie', 'Mahody', '1978-05-19', 35282),
       (7, 'Mollie', 'Hessing', '1984-06-16', 37495),
       (8, 'Laryssa', 'Goodliff', '1971-09-05', 48862),
       (9, 'Samaria', 'Ball', '1961-01-24', 25465),
       (10, 'Hirsch', 'Shimon', '1974-05-26', 41444),
       (11, 'Cissiee', 'Capitano', '1981-02-25', 43145),
       (12, 'Harvey', 'Marchelli', '1963-08-31', 30049),
       (13, 'Erin', 'L''Hommeau', '1980-10-01', 32972),
       (14, 'Mickie', 'Antognelli', '1965-11-05', 33951),
       (15, 'Cher', 'Swindley', '1974-10-10', 10483),
       (16, 'Tiena', 'Vasser', '2013-11-19', 47675),
       (17, 'Alysa', 'Rogliero', '1994-07-10', 21063),
       (18, 'Noah', 'Edmand', '1968-06-26', 11261),
       (19, 'Mei', 'Tremble', '2018-03-04', 21634),
       (20, 'Roosevelt', 'O'' Lone', '2014-07-15', 46202),
       (21, 'Ingaborg', 'Weeden', '1962-09-04', 17662),
       (22, 'Rosaleen', 'Jillings', '2016-01-21', 45077),
       (23, 'Nancey', 'Donett', '1964-09-12', 43293),
       (24, 'Rodd', 'Deedes', '1975-07-25', 31964),
       (25, 'Ozzy', 'Matelaitis', '2004-02-08', 25688),
       (26, 'Claudian', 'Ciardo', '1968-07-01', 12935),
       (27, 'Jolyn', 'Tyce', '2022-05-19', 10828),
       (28, 'Erda', 'Kobpa', '2020-09-23', 36230),
       (29, 'Laverne', 'Halloran', '1984-12-10', 21591),
       (30, 'Gerianna', 'Gatherell', '1989-05-02', 49518),
       (31, 'Pavia', 'Rutt', '2001-11-04', 21073),
       (32, 'Gerick', 'Riby', '1990-10-17', 31405),
       (33, 'Maje', 'Charpin', '1968-11-21', 3303),
       (34, 'Tannie', 'Pervew', '1968-06-04', 8307),
       (35, 'Dulcine', 'Towle', '1967-04-25', 28821),
       (36, 'Vallie', 'Penning', '1961-05-26', 29048),
       (37, 'Carmel', 'Eady', '1984-12-18', 36790),
       (38, 'Jannel', 'Shyres', '1967-02-12', 1312),
       (39, 'Faydra', 'Melody', '1969-06-24', 11741),
       (40, 'Britt', 'Leuty', '1969-07-25', 35607),
       (41, 'Calhoun', 'Guirard', '1990-09-04', 45563),
       (42, 'Merill', 'Demead', '2007-03-01', 1485),
       (43, 'Heath', 'Puttock', '1992-06-26', 21817),
       (44, 'Siobhan', 'Folshom', '1975-11-16', 28238),
       (45, 'Marlin', 'Frankcomb', '2014-02-28', 48643),
       (46, 'Oby', 'Americi', '1983-02-15', 13927),
       (47, 'Kipp', 'Imm', '2004-03-07', 2414),
       (48, 'Melvin', 'Bonnefin', '1988-12-15', 6863),
       (49, 'Charmane', 'Vice', '2007-04-02', 15522),
       (50, 'Art', 'Crudginton', '1970-02-22', 38183),
       (51, 'Camella', 'Hurdidge', '2017-12-31', 14528),
       (52, 'Eugine', 'Yannikov', '1974-08-22', 21478),
       (53, 'Ase', 'Kevis', '1992-08-24', 2602),
       (54, 'Colleen', 'Vamplers', '1987-07-30', 31814),
       (55, 'Jeni', 'Myford', '1980-09-12', 12170),
       (56, 'Gabby', 'Gidney', '1996-11-14', 42909),
       (57, 'Ramsey', 'Czaja', '2023-06-22', 43668),
       (58, 'Iorgos', 'Packington', '1990-11-24', 5414),
       (59, 'Billi', 'Rodell', '2017-02-13', 8808),
       (60, 'Huey', 'Bowkley', '1992-11-18', 12729),
       (61, 'Lorrin', 'Darington', '1982-06-24', 37390),
       (62, 'Kally', 'Pashba', '2010-10-09', 31899),
       (63, 'Eddie', 'Ruslen', '2012-05-11', 29340),
       (64, 'Osborne', 'Quincey', '1994-08-09', 18375),
       (65, 'Rheba', 'Scully', '1987-06-25', 24728),
       (66, 'Marta', 'Marklund', '1987-08-09', 42025),
       (67, 'Orella', 'Snedden', '1962-12-04', 34186),
       (68, 'Kinnie', 'Lune', '2023-04-06', 29253),
       (69, 'Tito', 'Cattemull', '1979-06-21', 6868),
       (70, 'Jayson', 'Duxfield', '2015-04-25', 12086),
       (71, 'Brit', 'Danilowicz', '1963-07-09', 29566),
       (72, 'Jeromy', 'MacRitchie', '2020-05-01', 38612),
       (73, 'Zach', 'Frosdick', '2003-02-13', 32448),
       (74, 'Manda', 'Godfroy', '1976-03-06', 26322),
       (75, 'Standford', 'Rumbellow', '2001-06-23', 27929),
       (76, 'Russ', 'Kings', '2005-09-13', 37970),
       (77, 'Kelila', 'Dyka', '1970-12-29', 18595),
       (78, 'Lulu', 'Rillstone', '1969-05-08', 43480),
       (79, 'Ezekiel', 'Luckcock', '1996-06-11', 33667),
       (80, 'Garrott', 'Kingman', '1966-05-25', 41327),
       (81, 'Bert', 'Ottawell', '1995-04-23', 7079),
       (82, 'Dave', 'Saby', '1992-11-30', 47407),
       (83, 'Denna', 'Spencook', '1992-09-17', 27713),
       (84, 'Quintina', 'Turnbull', '2020-08-22', 13679),
       (85, 'Jacinda', 'Mahedy', '2009-08-08', 5510),
       (86, 'Vaclav', 'Wield', '2007-01-05', 39322),
       (87, 'Pennie', 'Ratazzi', '1982-09-18', 42779),
       (88, 'Ulrick', 'Farrent', '1985-11-23', 14143),
       (89, 'Gates', 'Cawthry', '2023-10-02', 42129),
       (90, 'Damaris', 'Korf', '2000-09-09', 32814),
       (91, 'Fina', 'Jordin', '1970-09-09', 10271),
       (92, 'Tedman', 'Vanyard', '1973-08-10', 18620),
       (93, 'Augustina', 'Rothert', '2012-10-06', 48431),
       (94, 'Jermain', 'Riddington', '2016-04-25', 13187),
       (95, 'Sibbie', 'Marryatt', '1970-11-04', 45308),
       (96, 'Tabbi', 'Fumagallo', '1990-12-23', 31909),
       (97, 'Rebekkah', 'Romi', '1977-07-25', 20221),
       (98, 'Viola', 'Bottinelli', '1979-10-22', 4989),
       (99, 'Danni', 'Wakelam', '1973-04-03', 47033),
       (100, 'Inigo', 'Leander', '1995-05-25', 38079);

INSERT INTO Teacher_Phone_Number(teacher_ID, phone_number)
VALUES (99, '0631132032'),
       (94, '5727076647'),
       (72, '9425162922'),
       (30, '7044305535'),
       (93, '6734713408'),
       (35, '1137165896'),
       (77, '7674250882'),
       (46, '0288076777'),
       (67, '6573203767'),
       (66, '0950231433'),
       (80, '4111930659'),
       (29, '7413153432'),
       (22, '2239722912'),
       (91, '0066383619'),
       (7, '5272322634'),
       (58, '5290132412'),
       (78, '9482439317'),
       (1, '6790348101'),
       (20, '1769808631'),
       (33, '5516726689'),
       (91, '8453090307'),
       (34, '0247859407'),
       (66, '3522131263'),
       (100, '7096562011'),
       (90, '7692542843'),
       (34, '2580531044'),
       (83, '0133325588'),
       (67, '3996403290'),
       (1, '1713564769'),
       (41, '5164477347'),
       (72, '2533705237'),
       (14, '5488596588'),
       (68, '4358992147'),
       (71, '5551139912'),
       (2, '9876702661'),
       (9, '7834803546'),
       (15, '0632948959'),
       (42, '9950169373'),
       (12, '5369608691'),
       (83, '0982038966'),
       (100, '3414982532'),
       (63, '2717432717'),
       (17, '2129609485'),
       (66, '8715289030'),
       (17, '1738483469'),
       (77, '4591386196'),
       (56, '4806646414'),
       (14, '4570685428'),
       (72, '4035458410'),
       (45, '7117963535'),
       (56, '3509574264'),
       (44, '3876944703'),
       (49, '1303101891'),
       (70, '7407367952'),
       (29, '2886436846'),
       (39, '3999912913'),
       (18, '1851465771'),
       (50, '0044017262'),
       (87, '1403813166'),
       (46, '0292877159'),
       (69, '4420965620'),
       (63, '7625514347'),
       (4, '2914688925'),
       (36, '3626617981'),
       (38, '5702645902'),
       (76, '3722180595'),
       (70, '7909741444'),
       (21, '2590422786'),
       (25, '0659269887'),
       (58, '2501287780'),
       (11, '5500021303'),
       (33, '7275676436'),
       (93, '3455800508'),
       (14, '2254965366'),
       (77, '2135249941'),
       (71, '9670248469'),
       (98, '3242823117'),
       (57, '4605021468'),
       (37, '8843612091'),
       (21, '6744816194'),
       (52, '5770147784'),
       (13, '5768131540'),
       (91, '0918205085'),
       (16, '3620088099'),
       (55, '7873443375'),
       (56, '8436579282'),
       (28, '2922029889'),
       (85, '6902771111'),
       (6, '2854099185'),
       (5, '9826151032'),
       (38, '3920794828'),
       (21, '1785214474'),
       (73, '0616449103'),
       (6, '4404306160'),
       (13, '3589968811'),
       (92, '0045514732'),
       (20, '6214392399'),
       (74, '0030652622'),
       (29, '8726457920'),
       (27, '6666798933'),
       (40, '5066585629'),
       (40, '1467847002'),
       (71, '6178236229'),
       (51, '0836117423'),
       (4, '5385213149'),
       (40, '1383178413'),
       (53, '6137127646'),
       (8, '0970228761'),
       (31, '0851272432'),
       (31, '1723337472'),
       (88, '6115907140'),
       (4, '7258988505'),
       (96, '8517739931'),
       (96, '4339631643'),
       (83, '0804962869'),
       (40, '7249106355'),
       (85, '3795362235'),
       (65, '0612756213'),
       (60, '1443661855'),
       (22, '2918022530'),
       (52, '3633350348'),
       (100, '4636333101'),
       (1, '3165777103'),
       (2, '0451001625'),
       (30, '8971118638'),
       (74, '3541987602'),
       (59, '6120931395'),
       (66, '7561081579'),
       (75, '1178865741'),
       (17, '3443446255'),
       (56, '9131348268'),
       (10, '4278679632'),
       (2, '2338069133'),
       (46, '9433214091'),
       (3, '4077422514'),
       (4, '9050867021'),
       (96, '3412939677'),
       (99, '7374766635'),
       (21, '6301787986'),
       (25, '7069022700'),
       (44, '3990178795'),
       (24, '9189541607'),
       (35, '7048993038'),
       (21, '7979574182'),
       (19, '0674658514'),
       (52, '7638091155'),
       (62, '3929211758'),
       (70, '7155380019'),
       (84, '0144436093');

INSERT INTO Teacher_Email(teacher_ID, email)
VALUES (60, 'mcorder0@furl.net'),
       (84, 'cdalgety1@quantcast.com'),
       (72, 'hlynds2@springer.com'),
       (94, 'abarrell3@qq.com'),
       (73, 'hcankett4@naver.com'),
       (72, 'dcapron5@jimdo.com'),
       (32, 'mmarchington6@apache.org'),
       (66, 'vclohessy7@imgur.com'),
       (43, 'fmcmeekan8@sina.com.cn'),
       (12, 'gfawlkes9@vinaora.com'),
       (46, 'lwealthalla@earthlink.net'),
       (23, 'bcasacciab@businesswire.com'),
       (91, 'jgagerc@howstuffworks.com'),
       (18, 'aledramd@dailymail.co.uk'),
       (32, 'bquinione@free.fr'),
       (80, 'blambrookf@cbslocal.com'),
       (95, 'pstoeckg@lycos.com'),
       (49, 'frottcherh@lulu.com'),
       (60, 'tcolbruni@blogger.com'),
       (5, 'lclemoesj@reuters.com'),
       (78, 'lbonomek@google.co.uk'),
       (39, 'rgazel@skyrock.com'),
       (30, 'pkearm@amazon.com'),
       (28, 'chaldenn@rakuten.co.jp'),
       (39, 'delloito@issuu.com'),
       (20, 'smcalinep@nyu.edu'),
       (12, 'mgrimesq@dell.com'),
       (13, 'ajelkesr@issuu.com'),
       (21, 'cwinterss@uiuc.edu'),
       (99, 'jhawksleyt@epa.gov'),
       (72, 'asimonatou@utexas.edu'),
       (46, 'ldanfordv@nationalgeographic.com'),
       (69, 'bdebruijnew@liveinternet.ru'),
       (25, 'acrosettox@ucla.edu'),
       (8, 'ldowdingy@cocolog-nifty.com'),
       (32, 'oearwickerz@sciencedaily.com'),
       (53, 'cleavold10@newsvine.com'),
       (8, 'abusain11@networksolutions.com'),
       (37, 'adimbleby12@tmall.com'),
       (68, 'cpostlewhite13@msn.com'),
       (54, 'boakinfold14@ebay.com'),
       (29, 'bhumphery15@mysql.com'),
       (23, 'lginnane16@twitter.com'),
       (50, 'vbrashaw17@twitpic.com'),
       (73, 'tchevin18@newsvine.com'),
       (76, 'wjohnsee19@blogtalkradio.com'),
       (79, 'cfarragher1a@gov.uk'),
       (12, 'agandrich1b@technorati.com'),
       (51, 'obeardwood1c@rakuten.co.jp'),
       (91, 'mwhittuck1d@japanpost.jp'),
       (38, 'tskipperbottom1e@google.com'),
       (2, 'svigneron1f@addtoany.com'),
       (1, 'emcpaik1g@issuu.com'),
       (61, 'gbompas1h@usa.gov'),
       (57, 'alowdham1i@marketwatch.com'),
       (81, 'whunton1j@com.com'),
       (8, 'claroux1k@dailymail.co.uk'),
       (93, 'hbarnett1l@taobao.com'),
       (48, 'kanespie1m@newyorker.com'),
       (54, 'lmeekings1n@umich.edu'),
       (98, 'ccouve1o@time.com'),
       (12, 'ecornew1p@foxnews.com'),
       (1, 'derrichelli1q@ft.com'),
       (59, 'blynett1r@clickbank.net'),
       (1, 'agowthrop1s@exblog.jp'),
       (71, 'ejosephov1t@hexun.com'),
       (79, 'sbiggans1u@intel.com'),
       (32, 'pquirk1v@msn.com'),
       (98, 'jshadbolt1w@artisteer.com'),
       (42, 'gcomiam1x@vimeo.com'),
       (68, 'jrounsefell1y@ifeng.com'),
       (60, 'mschulter1z@admin.ch'),
       (32, 'amcguffie20@istockphoto.com'),
       (47, 'tgrimsley21@gmpg.org'),
       (7, 'pgeator22@amazon.co.uk'),
       (35, 'bgoodluck23@nytimes.com'),
       (50, 'lragless24@google.ca'),
       (34, 'hmcmonies25@theguardian.com'),
       (100, 'rmcgarel26@bravesites.com'),
       (60, 'apyner27@census.gov'),
       (65, 'kmclernon28@sohu.com'),
       (24, 'vbanfill29@reverbnation.com'),
       (69, 'aaysh2a@mtv.com'),
       (12, 'abysouth2b@reference.com'),
       (50, 'otofful2c@hostgator.com'),
       (2, 'gdewdney2d@scribd.com'),
       (30, 'dewenson2e@epa.gov'),
       (82, 'nswallwell2f@scientificamerican.com'),
       (13, 'nglendining2g@bloglines.com'),
       (33, 'lbinning2h@nyu.edu'),
       (54, 'hpresslie2i@usa.gov'),
       (1, 'rleighton2j@archive.org'),
       (80, 'rloosley2k@reddit.com'),
       (3, 'myeiles2l@bravesites.com'),
       (74, 'ccohr2m@naver.com'),
       (56, 'kurwin2n@behance.net'),
       (74, 'bwrightham2o@spiegel.de'),
       (8, 'tnaire2p@artisteer.com'),
       (78, 'cpaolinelli2q@soundcloud.com'),
       (13, 'mlockett2r@woothemes.com'),
       (12, 'smcterry2s@edublogs.org'),
       (41, 'esievewright2t@cbslocal.com'),
       (82, 'ktoolan2u@bandcamp.com'),
       (25, 'asawnwy2v@sakura.ne.jp'),
       (67, 'nmorforth2w@sciencedirect.com'),
       (71, 'cfrangione2x@canalblog.com'),
       (48, 'msouttar2y@dot.gov'),
       (49, 'pyeiles2z@businesswire.com'),
       (29, 'fcoyett30@imdb.com'),
       (65, 'jslowey31@deliciousdays.com'),
       (52, 'cseyler32@joomla.org'),
       (85, 'cwagen33@devhub.com'),
       (2, 'shanscom34@facebook.com'),
       (56, 'rsandyfirth35@theatlantic.com'),
       (42, 'bwebb36@cmu.edu'),
       (93, 'kkeme37@harvard.edu'),
       (85, 'rmcness38@is.gd'),
       (22, 'agouny39@comsenz.com'),
       (14, 'jsmethurst3a@hostgator.com'),
       (87, 'mtwidle3b@ezinearticles.com'),
       (22, 'bmadre3c@goo.gl'),
       (51, 'nroff3d@biblegateway.com'),
       (12, 'salcock3e@infoseek.co.jp'),
       (69, 'cgyver3f@noaa.gov'),
       (23, 'ghallowell3g@bluehost.com'),
       (64, 'kfetherstan3h@linkedin.com'),
       (47, 'rfedoronko3i@bloglovin.com'),
       (72, 'wcage3j@photobucket.com'),
       (81, 'itrevain3k@so-net.ne.jp'),
       (39, 'schampkin3l@berkeley.edu'),
       (15, 'kbeste3m@dropbox.com'),
       (91, 'mixer3n@redcross.org'),
       (98, 'aandrin3o@wikipedia.org'),
       (20, 'ncleynman3p@thetimes.co.uk'),
       (50, 'fchristal3q@soup.io'),
       (19, 'dhalleday3r@mysql.com'),
       (45, 'kcutsforth3s@zimbio.com'),
       (40, 'jpietrowicz3t@omniture.com'),
       (5, 'aroskeilly3u@si.edu'),
       (76, 'rabbado3v@bandcamp.com'),
       (28, 'dirvin3w@samsung.com'),
       (6, 'eschneidar3x@hc360.com'),
       (95, 'kbenardet3y@com.com'),
       (99, 'cdominka3z@networksolutions.com'),
       (62, 'tacuna40@rakuten.co.jp'),
       (51, 'clacroutz41@buzzfeed.com'),
       (38, 'jsiemon42@springer.com'),
       (54, 'ggoncaves43@delicious.com'),
       (1, 'sscambler44@amazon.de'),
       (90, 'freynoollds45@state.gov'),
       (77, 'lvenning46@ox.ac.uk'),
       (94, 'tmearns47@networksolutions.com'),
       (87, 'dmeany48@taobao.com'),
       (4, 'hdahlberg49@amazon.de'),
       (84, 'gmilnes4a@epa.gov'),
       (15, 'rharmour4b@pbs.org'),
       (86, 'bkaysor4c@harvard.edu'),
       (13, 'hkillingback4d@webs.com'),
       (91, 'bkeyse4e@cornell.edu'),
       (65, 'roxtoby4f@rambler.ru'),
       (65, 'hdarville4g@harvard.edu'),
       (33, 'hfasham4h@go.com'),
       (72, 'lellings4i@github.io'),
       (6, 'pabrahm4j@amazon.co.jp'),
       (73, 'lcases4k@chronoengine.com'),
       (74, 'aborne4l@uiuc.edu'),
       (95, 'hshugg4m@uol.com.br'),
       (48, 'fdomenichelli4n@smugmug.com'),
       (100, 'nlautie4o@51.la'),
       (22, 'sreadmire4p@trellian.com'),
       (89, 'mratke4q@sakura.ne.jp'),
       (47, 'afall4r@bandcamp.com'),
       (48, 'rblofield4s@so-net.ne.jp'),
       (18, 'kszimon4t@hc360.com'),
       (50, 'jlavallie4u@house.gov'),
       (38, 'rilyinski4v@independent.co.uk'),
       (22, 'mhallstone4w@bandcamp.com'),
       (6, 'ccarlino4x@google.es'),
       (84, 'terington4y@vimeo.com'),
       (31, 'ppennycook4z@goo.gl'),
       (67, 'gduffield50@chron.com'),
       (60, 'mbruckent51@soup.io'),
       (19, 'hcookson52@google.com.hk'),
       (10, 'habramovici53@ning.com'),
       (21, 'rserfati54@hatena.ne.jp'),
       (72, 'mfulloway55@lycos.com'),
       (83, 'tprozescky56@stanford.edu'),
       (42, 'dalcoran57@ifeng.com'),
       (14, 'gbillam58@ftc.gov'),
       (80, 'cbirkett59@engadget.com'),
       (53, 'cfencott5a@state.tx.us'),
       (37, 'mmartynov5b@webs.com'),
       (70, 'tgraal5c@mac.com'),
       (24, 'sworsalls5d@slate.com'),
       (74, 'jchellam5e@meetup.com'),
       (73, 'sportt5f@microsoft.com'),
       (37, 'djosilowski5g@mysql.com'),
       (44, 'sstiegar5h@booking.com'),
       (49, 'anoke5i@hugedomains.com'),
       (52, 'pmelwall5j@google.cn');

INSERT INTO Department(ID, name, creation_date)
VALUES (1, 'Computer Science', '1953/02/16'),
       (2, 'Biology', '1982/06/08'),
       (3, 'Chemistry', '2011/10/19'),
       (4, 'Physics', '2002/05/06'),
       (5, 'Mathematics', '1992/06/08'),
       (6, 'Psychology', '1964/09/06'),
       (7, 'English', '1965/05/16'),
       (8, 'History', '1953/09/20'),
       (9, 'Art', '1972/08/07'),
       (10, 'Economics', '1959/01/02'),
       (11, 'Sociology', '2017/03/11'),
       (12, 'Engineering', '1953/12/02'),
       (13, 'Business', '1968/09/18'),
       (14, 'Political Science', '2004/09/13'),
       (15, 'Philosophy', '1961/07/26');

INSERT INTO Teacher_Department(teacher_ID, department_ID)
VALUES (1, 10),
       (2, 6),
       (3, 5),
       (4, 5),
       (5, 6),
       (6, 13),
       (7, 10),
       (8, 5),
       (9, 8),
       (10, 11),
       (11, 9),
       (12, 5),
       (13, 6),
       (14, 2),
       (15, 13),
       (16, 15),
       (17, 9),
       (18, 10),
       (19, 9),
       (20, 14),
       (21, 5),
       (22, 6),
       (23, 9),
       (24, 4),
       (25, 5),
       (26, 2),
       (27, 15),
       (28, 12),
       (29, 2),
       (30, 12),
       (31, 1),
       (32, 4),
       (33, 8),
       (34, 13),
       (35, 14),
       (36, 9),
       (37, 6),
       (38, 12),
       (39, 13),
       (40, 15),
       (41, 10),
       (42, 15),
       (43, 9),
       (44, 8),
       (45, 6),
       (46, 3),
       (47, 11),
       (48, 2),
       (49, 15),
       (50, 1),
       (51, 13),
       (52, 4),
       (53, 3),
       (54, 13),
       (55, 1),
       (56, 7),
       (57, 11),
       (58, 10),
       (59, 8),
       (60, 10),
       (61, 13),
       (62, 7),
       (63, 15),
       (64, 2),
       (65, 10),
       (66, 1),
       (67, 2),
       (68, 15),
       (69, 8),
       (70, 3),
       (71, 14),
       (72, 5),
       (73, 3),
       (74, 5),
       (75, 15),
       (76, 5),
       (77, 7),
       (78, 12),
       (79, 9),
       (80, 3),
       (81, 14),
       (82, 12),
       (83, 4),
       (84, 14),
       (85, 9),
       (86, 11),
       (87, 14),
       (88, 14),
       (89, 8),
       (90, 7),
       (91, 13),
       (92, 3),
       (93, 6),
       (94, 15),
       (95, 3),
       (96, 9),
       (97, 11),
       (98, 1),
       (99, 12),
       (100, 9);

INSERT INTO Career (ID, name, semesters, cost, total_credits)
VALUES (1, 'Computer Science', 6, 9337.7451, 72),
       (2, 'Business Administration', 79, 9999.6461, 98),
       (3, 'Nursing', 44, 87631.9514, 177),
       (4, 'Engineering', 74, 52448.2634, 176),
       (5, 'Psychology', 16, 91108.1446, 111),
       (6, 'Education', 27, 23000.8836, 189),
       (7, 'Marketing', 29, 5212.9678, 101),
       (8, 'Finance', 70, 12977.3068, 53),
       (9, 'Biology', 30, 74420.9322, 174),
       (10, 'Art History', 31, 78136.0831, 151),
       (11, 'Software Engineer', 65, 53172.1908, 54);

INSERT INTO Course(ID, department_ID, name, credits, approbation_grade, format)
VALUES (1, 7, 'Introduction to Sociology', 6, 46, 'in-person'),
       (2, 15, 'Psychology 101', 2, 50, 'online'),
       (3, 5, 'Economics for Beginners', 1, 40, 'in-person'),
       (4, 4, 'Political Science Fundamentals', 1, 52, 'both'),
       (5, 4, 'Anthropology: The Study of Human Cultures', 5, 56, 'both'),
       (6, 6, 'History of World Religions', 5, 44, 'both'),
       (7, 2, 'Gender Studies: Exploring Identity and Equality', 5, 70, 'online'),
       (8, 12, 'Geography and Globalization', 3, 66, 'online'),
       (9, 9, 'Sociocultural Perspectives on Education', 6, 40, 'in-person'),
       (10, 14, 'Criminology and Criminal Justice', 2, 67, 'both'),
       (11, 1, 'Social Psychology', 5, 74, 'online'),
       (12, 11, 'International Relations: Power and Diplomacy', 2, 44, 'online'),
       (13, 4, 'Urban Studies: Cities and Society', 3, 46, 'online'),
       (14, 14, 'Media and Society: Communication in the Digital Age', 5, 48, 'both'),
       (15, 13, 'Developmental Psychology', 1, 72, 'in-person'),
       (16, 9, 'Social Work: Principles and Practice', 2, 62, 'in-person'),
       (17, 4, 'Sociology of Health and Illness', 3, 78, 'online'),
       (18, 10, 'Environmental Sociology', 6, 65, 'both'),
       (19, 4, 'Research Methods in Social Sciences', 3, 61, 'both'),
       (20, 12, 'Ethics and Social Responsibility', 2, 63, 'both'),
       (21, 8, 'Algebra 101', 1, 63, 'online'),
       (22, 15, 'Geometry 201', 4, 75, 'both'),
       (23, 9, 'Calculus 301', 1, 74, 'in-person'),
       (24, 3, 'Statistics 401', 4, 49, 'both'),
       (25, 10, 'Linear Algebra', 3, 77, 'both'),
       (26, 10, 'Differential Equations', 5, 55, 'both'),
       (27, 12, 'Number Theory', 4, 61, 'in-person'),
       (28, 2, 'Probability and Statistics', 3, 50, 'online'),
       (29, 5, 'Mathematical Logic', 4, 44, 'in-person'),
       (30, 13, 'Discrete Mathematics', 5, 50, 'in-person'),
       (31, 4, 'Introduction to Biology', 2, 76, 'in-person'),
       (32, 10, 'Cell Biology', 4, 49, 'both'),
       (33, 1, 'Genetics', 4, 55, 'in-person'),
       (34, 7, 'Evolutionary Biology', 1, 72, 'online'),
       (35, 6, 'Ecology', 1, 70, 'in-person'),
       (36, 11, 'Human Anatomy', 1, 41, 'both'),
       (37, 9, 'Microbiology', 5, 43, 'both'),
       (38, 8, 'Plant Physiology', 2, 76, 'in-person'),
       (39, 9, 'Neuroscience', 4, 61, 'both'),
       (40, 14, 'Molecular Biology', 3, 46, 'online'),
       (41, 8, 'Biology 101', 6, 43, 'both'),
       (42, 14, 'Chemistry 201', 4, 70, 'in-person'),
       (43, 13, 'Physics 301', 4, 61, 'online'),
       (44, 2, 'Geology 101', 5, 72, 'online'),
       (45, 5, 'Astronomy 201', 1, 45, 'both'),
       (46, 13, 'Botany 101', 2, 68, 'both'),
       (47, 12, 'Microbiology 201', 3, 52, 'in-person'),
       (48, 7, 'Environmental Science 301', 3, 44, 'both'),
       (49, 2, 'Anatomy and Physiology 101', 2, 63, 'both'),
       (50, 6, 'Genetics 201', 4, 61, 'both'),
       (51, 3, 'Introduction to Software Development', 1, 47, 'in-person'),
       (52, 7, 'Web Development Fundamentals', 1, 59, 'both'),
       (53, 2, 'Database Management', 2, 67, 'in-person'),
       (54, 14, 'Mobile App Development', 6, 44, 'in-person'),
       (55, 3, 'Software Testing and Quality Assurance', 4, 68, 'both'),
       (56, 8, 'User Interface Design', 3, 77, 'online'),
       (57, 15, 'Agile Software Development', 2, 48, 'both'),
       (58, 6, 'Data Science with Python', 1, 65, 'both'),
       (59, 6, 'Cyber-security Essentials', 3, 55, 'both'),
       (60, 1, 'Cloud Computing Fundamentals', 3, 69, 'both');

INSERT INTO Career_Course (course_ID, career_ID)
VALUES (26, 9),
       (56, 7),
       (4, 1),
       (10, 10),
       (60, 10),
       (18, 5),
       (13, 9),
       (44, 1),
       (45, 4),
       (52, 3),
       (24, 3),
       (57, 11),
       (18, 2),
       (57, 10),
       (13, 5),
       (31, 9),
       (28, 8),
       (13, 1),
       (12, 2),
       (29, 8),
       (23, 7),
       (28, 1),
       (51, 11),
       (14, 8),
       (8, 8),
       (60, 11),
       (26, 10),
       (53, 2),
       (40, 2),
       (59, 7),
       (30, 8),
       (17, 9),
       (7, 10),
       (60, 9),
       (20, 11),
       (34, 3),
       (32, 6),
       (2, 8),
       (37, 6),
       (41, 9),
       (11, 9),
       (36, 6),
       (55, 5),
       (55, 7),
       (19, 10),
       (51, 10),
       (56, 4),
       (49, 6),
       (45, 7);

INSERT INTO Career_Inscription(career_ID, student_ID, inscription_date)
VALUES (9, 384, '2013-06-13'),
       (9, 697, '2015-08-27'),
       (5, 766, '2018-02-26'),
       (9, 466, '2007-05-26'),
       (3, 157, '2020-08-13'),
       (4, 359, '2005-05-27'),
       (8, 436, '2011-08-07'),
       (7, 991, '2005-02-17'),
       (1, 446, '2003-07-05'),
       (2, 460, '2002-09-05'),
       (4, 458, '2014-12-25'),
       (8, 252, '2011-08-11'),
       (5, 2, '2013-04-23'),
       (11, 835, '2018-06-05'),
       (4, 8, '2023-06-03'),
       (6, 790, '2003-08-15'),
       (7, 772, '2007-07-26'),
       (5, 256, '2017-06-10'),
       (2, 431, '2015-06-16'),
       (4, 531, '2001-06-19'),
       (11, 549, '2021-01-08'),
       (1, 736, '2003-07-30'),
       (2, 594, '2014-01-12'),
       (1, 271, '2014-10-23'),
       (2, 241, '2019-12-21'),
       (10, 588, '2018-03-28'),
       (2, 737, '2011-10-03'),
       (1, 832, '2005-01-16'),
       (8, 561, '2003-10-02'),
       (3, 240, '2004-03-09'),
       (4, 682, '2022-12-19'),
       (5, 824, '2018-09-11'),
       (10, 639, '2006-08-16'),
       (10, 577, '2014-05-19'),
       (5, 204, '2010-10-25'),
       (1, 572, '2002-09-05'),
       (3, 854, '2017-04-12'),
       (9, 738, '2021-03-29'),
       (10, 170, '2016-06-26'),
       (5, 19, '2022-12-25'),
       (6, 139, '2012-07-16'),
       (4, 235, '2008-03-01'),
       (8, 832, '2015-05-15'),
       (5, 212, '2003-03-04'),
       (9, 829, '2012-01-28'),
       (9, 286, '2016-01-07'),
       (5, 224, '2018-01-21'),
       (10, 429, '2001-10-04'),
       (4, 909, '2001-11-04'),
       (7, 418, '2007-07-26'),
       (11, 241, '2014-03-03'),
       (6, 59, '2020-09-17'),
       (5, 336, '2007-05-20'),
       (2, 171, '2003-07-10'),
       (8, 468, '2017-07-01'),
       (6, 359, '2008-01-07'),
       (5, 165, '2022-01-20'),
       (3, 693, '2020-09-17'),
       (2, 167, '2002-11-16'),
       (7, 487, '2008-09-01'),
       (1, 650, '2022-09-13'),
       (5, 193, '2015-09-15'),
       (10, 976, '2013-09-22'),
       (1, 387, '2014-01-17'),
       (2, 184, '2007-06-10'),
       (8, 432, '2018-08-29'),
       (1, 674, '2021-02-15'),
       (4, 344, '2003-02-25'),
       (6, 242, '2016-08-28'),
       (9, 374, '2007-05-12'),
       (5, 667, '2013-06-16'),
       (1, 716, '2003-07-31'),
       (4, 518, '2021-07-30'),
       (10, 203, '2022-07-05'),
       (1, 978, '2009-12-03'),
       (9, 940, '2001-09-29'),
       (11, 770, '2002-06-26'),
       (5, 705, '2011-07-24'),
       (2, 682, '2009-04-30'),
       (6, 687, '2020-02-25'),
       (3, 330, '2013-09-09'),
       (9, 898, '2007-12-26'),
       (7, 950, '2010-04-29'),
       (10, 348, '2010-06-15'),
       (4, 858, '2002-09-24'),
       (7, 556, '2023-05-17'),
       (5, 156, '2006-11-29'),
       (5, 628, '2007-02-10'),
       (4, 805, '2005-10-15'),
       (1, 172, '2002-11-22'),
       (7, 943, '2014-06-05'),
       (5, 725, '2011-01-02'),
       (5, 807, '2015-08-27'),
       (2, 849, '2009-07-30'),
       (1, 196, '2021-10-28'),
       (11, 997, '2002-04-19'),
       (11, 201, '2021-11-15'),
       (5, 857, '2022-03-09'),
       (1, 657, '2017-04-04'),
       (3, 78, '2010-05-19'),
       (4, 791, '2010-07-14'),
       (7, 7, '2009-06-24'),
       (1, 241, '2019-01-22'),
       (4, 252, '2023-01-24'),
       (3, 136, '2010-01-28'),
       (10, 56, '2021-11-21'),
       (10, 12, '2020-12-04'),
       (9, 779, '2013-08-03'),
       (5, 796, '2012-02-18'),
       (1, 488, '2007-02-11'),
       (8, 746, '2023-06-02'),
       (3, 153, '2022-10-30'),
       (9, 188, '2021-07-09'),
       (6, 342, '2015-10-26'),
       (3, 89, '2020-05-13'),
       (2, 788, '2015-01-08'),
       (11, 432, '2005-07-15'),
       (7, 914, '2016-04-30'),
       (7, 872, '2005-07-21'),
       (2, 688, '2011-06-18'),
       (6, 783, '2012-10-14'),
       (5, 333, '2021-10-08'),
       (2, 906, '2009-06-14'),
       (7, 908, '2022-03-17'),
       (5, 757, '2008-03-14'),
       (9, 551, '2013-06-07'),
       (4, 926, '2013-02-09'),
       (8, 503, '2002-07-15'),
       (9, 389, '2007-09-05'),
       (2, 530, '2008-02-28'),
       (6, 507, '2007-10-07'),
       (5, 192, '2014-10-02'),
       (6, 680, '2020-10-14'),
       (3, 13, '2004-06-16'),
       (9, 54, '2018-07-27'),
       (10, 587, '2023-03-04'),
       (6, 181, '2019-08-31'),
       (7, 488, '2022-01-29'),
       (5, 600, '2006-04-16'),
       (1, 818, '2003-03-03'),
       (9, 485, '2008-05-20'),
       (4, 644, '2019-06-27'),
       (11, 415, '2004-09-18'),
       (3, 403, '2011-02-23'),
       (3, 12, '2010-08-12'),
       (2, 695, '2000-10-30'),
       (10, 261, '2004-04-27'),
       (8, 521, '2004-10-05'),
       (6, 13, '2016-12-18'),
       (10, 924, '2023-08-31'),
       (4, 954, '2021-09-19'),
       (6, 882, '2017-07-18'),
       (9, 611, '2002-05-28'),
       (10, 640, '2007-07-25'),
       (8, 979, '2023-07-16'),
       (6, 51, '2021-08-30'),
       (6, 635, '2023-05-28'),
       (3, 423, '2013-06-14'),
       (6, 517, '2016-06-07'),
       (10, 476, '2013-02-16'),
       (4, 110, '2018-09-14'),
       (5, 313, '2013-08-03'),
       (7, 839, '2020-11-30'),
       (4, 692, '2021-02-25'),
       (11, 161, '2003-05-17'),
       (9, 252, '2004-03-29'),
       (6, 662, '2008-09-18'),
       (8, 564, '2005-11-04'),
       (7, 176, '2016-03-16'),
       (1, 6, '2007-11-12'),
       (11, 174, '2008-06-27'),
       (7, 238, '2016-05-26'),
       (1, 596, '2013-10-08'),
       (3, 8, '2008-08-25'),
       (8, 536, '2006-07-15'),
       (7, 896, '2022-12-06'),
       (1, 452, '2019-11-19'),
       (1, 947, '2017-08-10'),
       (3, 955, '2004-08-02'),
       (5, 108, '2004-02-07'),
       (3, 398, '2002-12-18'),
       (7, 19, '2008-05-13'),
       (10, 153, '2004-04-13'),
       (10, 865, '2002-10-21'),
       (9, 644, '2015-01-08'),
       (8, 417, '2005-05-29'),
       (9, 987, '2002-10-08'),
       (3, 835, '2008-06-06'),
       (2, 912, '2015-08-20'),
       (6, 79, '2023-04-27'),
       (1, 65, '2001-08-11'),
       (5, 48, '2009-10-09'),
       (7, 97, '2007-01-07'),
       (2, 535, '2015-07-31'),
       (10, 687, '2022-06-13'),
       (4, 50, '2004-10-30'),
       (11, 177, '2005-09-30'),
       (1, 409, '2023-02-18'),
       (10, 87, '2012-01-20'),
       (8, 343, '2014-04-04'),
       (2, 189, '2019-03-07'),
       (5, 656, '2014-07-08'),
       (11, 182, '2015-10-12'),
       (11, 378, '2018-07-26'),
       (2, 956, '2022-11-08'),
       (6, 201, '2007-10-14'),
       (10, 512, '2007-12-04'),
       (1, 894, '2016-01-30'),
       (1, 333, '2007-09-24'),
       (4, 862, '2003-11-29'),
       (6, 133, '2022-10-16'),
       (7, 993, '2001-04-24'),
       (6, 46, '2022-10-19'),
       (4, 797, '2008-10-25'),
       (3, 37, '2006-05-18'),
       (5, 242, '2017-04-21'),
       (10, 284, '2020-10-28'),
       (2, 978, '2010-02-11'),
       (9, 260, '2017-02-22'),
       (11, 228, '2020-06-16'),
       (6, 354, '2005-06-15'),
       (8, 520, '2010-01-13'),
       (9, 406, '2021-08-22'),
       (10, 606, '2016-08-27'),
       (2, 289, '2003-10-04'),
       (4, 939, '2020-08-12'),
       (1, 45, '2001-04-12'),
       (6, 410, '2007-01-17'),
       (7, 18, '2022-06-17'),
       (7, 83, '2014-03-02'),
       (1, 410, '2011-02-16'),
       (4, 501, '2006-02-17'),
       (8, 55, '2018-02-16'),
       (9, 756, '2006-11-20'),
       (2, 921, '2019-06-11'),
       (3, 696, '2013-10-30'),
       (2, 221, '2020-07-29'),
       (7, 320, '2022-04-29'),
       (10, 262, '2015-12-29'),
       (2, 947, '2009-06-08'),
       (1, 936, '2017-08-05'),
       (4, 811, '2014-10-04'),
       (2, 683, '2018-07-08'),
       (1, 377, '2022-10-18'),
       (4, 608, '2011-12-06'),
       (7, 392, '2012-06-18'),
       (10, 304, '2007-10-08'),
       (3, 960, '2007-05-21'),
       (4, 387, '2002-09-03'),
       (5, 788, '2016-05-15'),
       (2, 930, '2023-02-03'),
       (10, 248, '2006-12-06'),
       (1, 340, '2021-05-27'),
       (10, 128, '2002-04-03'),
       (7, 666, '2005-08-09'),
       (3, 270, '2020-06-13'),
       (9, 11, '2001-10-18'),
       (6, 415, '2011-08-23'),
       (8, 946, '2014-11-05'),
       (10, 908, '2018-04-08'),
       (2, 84, '2015-09-21'),
       (3, 219, '2008-12-22'),
       (11, 891, '2012-03-05'),
       (1, 601, '2017-12-26'),
       (9, 131, '2001-11-14'),
       (2, 671, '2017-10-24'),
       (7, 959, '2001-05-28'),
       (4, 834, '2004-07-14'),
       (3, 176, '2003-12-19'),
       (10, 358, '2020-07-15'),
       (4, 894, '2013-10-19'),
       (11, 648, '2015-05-18'),
       (7, 623, '2022-02-11'),
       (10, 745, '2003-04-16'),
       (2, 377, '2021-02-16'),
       (2, 478, '2013-10-25'),
       (9, 492, '2006-02-25'),
       (1, 352, '2022-01-16'),
       (7, 200, '2012-03-25'),
       (3, 695, '2007-01-31'),
       (7, 415, '2023-02-28'),
       (5, 499, '2005-05-24'),
       (5, 907, '2006-03-06'),
       (10, 663, '2005-05-22'),
       (7, 244, '2008-04-19'),
       (9, 624, '2002-06-15'),
       (3, 229, '2008-09-20'),
       (10, 977, '2013-02-04'),
       (2, 680, '2022-02-19'),
       (4, 472, '2005-09-08'),
       (3, 797, '2019-02-22'),
       (3, 772, '2014-06-11'),
       (5, 998, '2003-05-21'),
       (5, 448, '2014-09-24'),
       (9, 965, '2022-06-16'),
       (8, 269, '2017-08-12'),
       (7, 682, '2010-02-27'),
       (2, 45, '2019-06-26'),
       (1, 631, '2010-09-28'),
       (4, 525, '2012-07-16'),
       (9, 342, '2018-08-01'),
       (9, 81, '2007-10-07'),
       (1, 505, '2006-07-23'),
       (5, 282, '2001-03-04'),
       (2, 192, '2002-01-03'),
       (7, 954, '2007-03-12'),
       (5, 538, '2016-04-02'),
       (5, 775, '2015-12-19'),
       (1, 367, '2004-02-26'),
       (7, 494, '2004-09-01'),
       (9, 66, '2007-10-09'),
       (9, 721, '2022-07-21'),
       (3, 440, '2001-04-26'),
       (3, 474, '2018-11-11'),
       (3, 190, '2019-02-07'),
       (9, 907, '2007-02-01'),
       (1, 300, '2002-04-30'),
       (2, 501, '2008-04-23'),
       (2, 761, '2020-10-05'),
       (7, 746, '2019-09-17'),
       (8, 5, '2007-01-04'),
       (2, 232, '2022-05-24'),
       (5, 217, '2020-12-03'),
       (11, 137, '2009-05-03'),
       (4, 482, '2010-10-10'),
       (8, 517, '2012-03-17'),
       (9, 55, '2010-04-28'),
       (7, 694, '2016-05-22'),
       (10, 982, '2023-08-11'),
       (11, 700, '2022-04-25'),
       (6, 979, '2013-03-10'),
       (9, 112, '2012-09-30'),
       (10, 313, '2004-11-19'),
       (10, 198, '2006-06-19'),
       (9, 840, '2022-04-17'),
       (4, 517, '2013-07-28'),
       (8, 900, '2014-08-07'),
       (8, 567, '2015-03-13'),
       (5, 863, '2021-04-27'),
       (8, 125, '2012-02-15'),
       (8, 913, '2009-10-21'),
       (6, 492, '2010-11-23'),
       (11, 950, '2009-06-21'),
       (5, 972, '2008-01-21'),
       (7, 730, '2002-02-27'),
       (2, 585, '2016-07-11'),
       (6, 466, '2008-01-14'),
       (3, 915, '2022-07-16'),
       (8, 602, '2000-12-26'),
       (9, 21, '2009-10-17'),
       (3, 957, '2016-12-14'),
       (10, 955, '2013-04-08'),
       (5, 938, '2017-02-28'),
       (9, 580, '2019-03-01'),
       (3, 289, '2011-10-04'),
       (11, 238, '2005-09-14'),
       (7, 532, '2011-12-21'),
       (7, 885, '2004-01-09'),
       (2, 882, '2013-04-17'),
       (8, 27, '2004-04-11'),
       (7, 567, '2015-12-06'),
       (9, 682, '2020-02-17'),
       (11, 623, '2009-03-12'),
       (8, 173, '2018-03-26'),
       (3, 895, '2011-05-16'),
       (1, 515, '2002-05-04'),
       (4, 860, '2008-09-11'),
       (1, 726, '2008-11-04'),
       (7, 48, '2010-08-08'),
       (4, 228, '2022-09-02'),
       (1, 828, '2004-09-03'),
       (10, 207, '2009-11-26'),
       (7, 235, '2017-11-03'),
       (10, 724, '2001-12-15'),
       (5, 227, '2022-04-11'),
       (6, 658, '2002-11-19'),
       (6, 322, '2020-07-26'),
       (7, 356, '2020-04-30'),
       (2, 93, '2023-06-07'),
       (2, 11, '2022-06-06'),
       (9, 763, '2004-06-25'),
       (6, 982, '2023-05-25'),
       (1, 632, '2012-08-17'),
       (6, 829, '2022-02-08'),
       (10, 883, '2006-04-08'),
       (1, 578, '2004-12-12'),
       (11, 82, '2006-05-14'),
       (9, 256, '2016-12-23'),
       (9, 287, '2018-05-09'),
       (9, 810, '2022-01-14'),
       (2, 288, '2004-02-25'),
       (3, 793, '2009-09-27');

INSERT INTO Course_Season (course_season_ID, course_ID, year, semester)
VALUES (1, 6, 2007, 2),
       (2, 15, 2003, 1),
       (3, 11, 2002, 1),
       (4, 12, 2010, 1),
       (5, 14, 2010, 1),
       (6, 1, 2003, 2),
       (7, 5, 2018, 1),
       (8, 1, 2013, 1),
       (9, 5, 2010, 2),
       (10, 9, 2012, 2),
       (11, 2, 2002, 1),
       (12, 13, 2007, 1),
       (13, 14, 2000, 2),
       (14, 9, 2008, 2),
       (15, 1, 2012, 2),
       (16, 10, 2008, 1),
       (17, 4, 2004, 2),
       (19, 10, 2013, 2),
       (20, 1, 2002, 1),
       (21, 11, 2016, 2),
       (22, 12, 2013, 2),
       (23, 5, 2002, 1),
       (24, 11, 2015, 1),
       (25, 15, 2006, 1),
       (26, 1, 2004, 1),
       (27, 11, 2006, 1),
       (28, 8, 2013, 2),
       (29, 9, 2017, 1),
       (30, 14, 2009, 2),
       (31, 1, 2007, 1),
       (32, 1, 2000, 1),
       (33, 8, 2006, 2),
       (34, 3, 2008, 1),
       (35, 8, 2004, 1),
       (36, 15, 2017, 2),
       (37, 10, 2004, 1),
       (38, 4, 2005, 1),
       (39, 1, 2015, 2),
       (40, 7, 2008, 1),
       (41, 4, 2012, 2),
       (42, 12, 2002, 1),
       (43, 3, 2004, 2),
       (44, 7, 2006, 1),
       (45, 12, 2007, 1),
       (46, 2, 2012, 2),
       (47, 14, 2010, 2),
       (48, 3, 2009, 2),
       (49, 10, 2008, 2),
       (51, 2, 2001, 1),
       (52, 7, 2007, 2),
       (54, 10, 2006, 1),
       (55, 12, 2014, 2),
       (56, 11, 2001, 1),
       (57, 12, 2014, 1),
       (58, 7, 2001, 2),
       (59, 8, 2001, 1),
       (60, 10, 2013, 1),
       (61, 8, 2003, 2),
       (62, 4, 2006, 1),
       (63, 12, 2002, 2),
       (64, 12, 2016, 2),
       (65, 4, 2001, 2),
       (66, 9, 2020, 2),
       (67, 7, 2020, 1),
       (68, 5, 2005, 1),
       (69, 7, 2009, 1),
       (70, 4, 2019, 2),
       (71, 6, 2009, 1),
       (72, 15, 2009, 1),
       (73, 12, 2000, 1),
       (74, 4, 2000, 1),
       (75, 15, 2018, 2),
       (76, 12, 2005, 2),
       (77, 12, 2020, 1),
       (78, 14, 2008, 2),
       (79, 15, 2020, 1),
       (80, 4, 2018, 2),
       (81, 11, 2000, 2),
       (82, 15, 2001, 2),
       (83, 12, 2017, 1),
       (84, 11, 2005, 2),
       (85, 10, 2011, 2),
       (86, 2, 2015, 1),
       (87, 12, 2009, 2),
       (88, 2, 2019, 1),
       (89, 13, 2001, 1),
       (90, 5, 2011, 2),
       (91, 7, 2012, 2),
       (92, 3, 2001, 1),
       (93, 9, 2002, 2),
       (94, 14, 2015, 1),
       (95, 1, 2011, 1),
       (97, 10, 2003, 2),
       (98, 5, 2008, 1),
       (99, 3, 2016, 1);

INSERT INTO Student_Course_Season(student_ID, course_season_ID, final_grade)
VALUES (697, 85, 26),
       (718, 73, 80),
       (455, 40, 96),
       (911, 29, 37),
       (160, 2, 33),
       (827, 60, 8),
       (889, 17, 18),
       (830, 30, 70),
       (339, 51, 36),
       (338, 48, 1),
       (169, 94, 97),
       (194, 8, 47),
       (152, 69, 100),
       (274, 81, 32),
       (547, 92, 54),
       (959, 90, 92),
       (451, 10, 56),
       (127, 58, 66),
       (408, 78, 53),
       (115, 47, 96),
       (100, 30, 19),
       (245, 31, 42),
       (45, 42, 83),
       (717, 84, 36),
       (710, 22, 64),
       (137, 32, 25),
       (565, 49, 50),
       (929, 44, 83),
       (885, 33, 79),
       (362, 41, 30),
       (717, 44, 65),
       (581, 10, 73),
       (339, 36, 23),
       (812, 43, 65),
       (425, 79, 26),
       (493, 20, 36),
       (80, 33, 75),
       (293, 58, 37),
       (342, 54, 27),
       (552, 80, 62),
       (353, 38, 24),
       (489, 31, 92),
       (747, 97, 90),
       (513, 77, 38),
       (129, 25, 20),
       (688, 92, 31),
       (762, 26, 26),
       (587, 84, 85),
       (939, 33, 8),
       (315, 76, 43),
       (809, 15, 48),
       (225, 74, 79),
       (926, 73, 11),
       (373, 2, 75),
       (151, 6, 92),
       (662, 85, 90),
       (141, 33, 77),
       (448, 31, 41),
       (286, 72, 94),
       (407, 9, 27),
       (853, 60, 97),
       (80, 16, 95),
       (294, 45, 79),
       (155, 49, 56),
       (228, 43, 34),
       (380, 94, 12),
       (134, 39, 24),
       (602, 98, 33),
       (30, 30, 16),
       (929, 55, 26),
       (974, 20, 40),
       (972, 27, 8),
       (381, 92, 26),
       (149, 44, 95),
       (958, 60, 17),
       (457, 80, 8),
       (638, 83, 93),
       (849, 84, 25),
       (598, 66, 32),
       (342, 3, 14),
       (894, 80, 21),
       (996, 65, 96),
       (386, 95, 74),
       (587, 40, 86),
       (413, 33, 69),
       (878, 78, 11),
       (297, 72, 65),
       (765, 16, 37),
       (446, 10, 17),
       (533, 15, 26),
       (836, 20, 75),
       (985, 87, 71),
       (155, 77, 64),
       (453, 78, 33),
       (602, 47, 76),
       (28, 90, 78),
       (459, 52, 5),
       (939, 9, 39),
       (942, 83, 93),
       (64, 1, 54),
       (389, 57, 12),
       (435, 86, 81),
       (712, 16, 10),
       (560, 6, 42),
       (90, 5, 86),
       (962, 13, 36),
       (434, 93, 42),
       (456, 2, 28),
       (627, 63, 84),
       (347, 87, 91),
       (20, 89, 12),
       (14, 13, 74),
       (521, 60, 56),
       (353, 27, 89),
       (14, 72, 41),
       (642, 95, 75),
       (970, 71, 20),
       (769, 15, 1),
       (86, 12, 61),
       (913, 13, 34),
       (28, 92, 53),
       (92, 48, 71),
       (160, 76, 71),
       (934, 47, 73),
       (148, 26, 36),
       (172, 49, 14),
       (614, 43, 85),
       (964, 54, 10),
       (664, 40, 57),
       (386, 24, 20),
       (927, 73, 15),
       (918, 25, 61),
       (629, 19, 76),
       (312, 31, 49),
       (554, 17, 86),
       (994, 72, 59),
       (685, 66, 13),
       (722, 22, 74),
       (341, 40, 16),
       (698, 56, 15),
       (898, 88, 10),
       (789, 61, 73),
       (656, 59, 68),
       (552, 17, 83),
       (894, 19, 17),
       (594, 68, 95),
       (613, 55, 7),
       (844, 46, 3),
       (616, 91, 24),
       (138, 51, 98),
       (125, 91, 48),
       (950, 76, 7),
       (36, 45, 8),
       (388, 9, 38),
       (887, 62, 12),
       (593, 78, 94),
       (286, 77, 81),
       (571, 89, 59),
       (201, 43, 61),
       (28, 74, 19),
       (116, 43, 87),
       (32, 46, 20),
       (767, 51, 39),
       (87, 99, 57),
       (156, 19, 70),
       (524, 46, 42),
       (239, 39, 62),
       (902, 86, 46),
       (255, 92, 41),
       (63, 25, 43),
       (885, 75, 100),
       (669, 41, 9),
       (897, 13, 99),
       (982, 15, 70),
       (182, 86, 8),
       (463, 47, 50),
       (729, 5, 51),
       (240, 47, 52),
       (466, 46, 30),
       (68, 46, 81),
       (659, 90, 38),
       (646, 81, 99),
       (239, 51, 65),
       (25, 41, 84),
       (85, 59, 75),
       (865, 54, 25),
       (940, 6, 18),
       (958, 84, 2),
       (991, 16, 88),
       (891, 1, 97),
       (298, 73, 40),
       (657, 19, 30),
       (829, 5, 94),
       (653, 9, 11),
       (988, 58, 18),
       (725, 65, 27),
       (865, 5, 67),
       (287, 51, 21),
       (2, 47, 22),
       (855, 82, 60),
       (873, 57, 21),
       (881, 38, 1),
       (988, 23, 20),
       (862, 6, 30),
       (113, 36, 45),
       (459, 24, 51),
       (609, 20, 58),
       (633, 68, 32),
       (762, 9, 3),
       (261, 71, 21),
       (632, 16, 98),
       (573, 41, 26),
       (410, 1, 7),
       (108, 8, 15),
       (668, 80, 2),
       (924, 95, 33),
       (701, 38, 54),
       (209, 79, 84),
       (956, 24, 8),
       (550, 29, 85),
       (58, 7, 9),
       (159, 35, 55),
       (569, 2, 94),
       (818, 44, 89),
       (814, 72, 97),
       (739, 92, 82),
       (632, 52, 12),
       (531, 84, 11),
       (301, 91, 60),
       (44, 87, 84),
       (300, 5, 19),
       (581, 93, 10),
       (963, 16, 55),
       (665, 85, 26),
       (475, 43, 97),
       (42, 39, 98),
       (230, 3, 94),
       (69, 30, 26),
       (661, 94, 65),
       (560, 72, 61),
       (906, 82, 90),
       (621, 77, 68),
       (173, 56, 68),
       (909, 34, 27),
       (493, 45, 25),
       (792, 33, 49),
       (277, 88, 72),
       (681, 48, 86),
       (373, 60, 46),
       (595, 21, 86),
       (59, 94, 20),
       (571, 2, 66),
       (124, 58, 83),
       (747, 30, 41),
       (460, 48, 86),
       (902, 68, 1),
       (481, 29, 94),
       (275, 38, 90),
       (829, 81, 44),
       (155, 42, 50),
       (972, 43, 40),
       (292, 52, 93),
       (343, 98, 51),
       (539, 68, 79),
       (369, 15, 64),
       (274, 1, 49),
       (27, 22, 43),
       (455, 25, 8),
       (408, 90, 83),
       (183, 57, 13),
       (140, 60, 89),
       (400, 21, 79),
       (68, 60, 75),
       (437, 38, 8),
       (585, 64, 32),
       (618, 80, 14),
       (64, 60, 39),
       (990, 43, 31),
       (702, 13, 22),
       (53, 95, 77),
       (636, 81, 95),
       (57, 85, 53),
       (430, 56, 39),
       (685, 31, 35),
       (358, 37, 73),
       (16, 64, 59),
       (221, 32, 48),
       (190, 44, 33),
       (453, 22, 32),
       (913, 75, 61),
       (348, 24, 92),
       (570, 51, 57),
       (662, 38, 8),
       (727, 48, 72),
       (471, 86, 20),
       (587, 19, 62),
       (477, 21, 60),
       (308, 11, 11),
       (285, 27, 14),
       (723, 11, 94),
       (72, 5, 47),
       (713, 56, 93),
       (257, 21, 20),
       (849, 85, 7),
       (668, 30, 11),
       (708, 40, 33),
       (765, 21, 91),
       (428, 37, 72),
       (458, 95, 4),
       (67, 5, 85),
       (120, 9, 9),
       (162, 28, 36),
       (668, 26, 76),
       (98, 11, 55),
       (121, 79, 39),
       (815, 6, 100),
       (435, 19, 57),
       (821, 20, 57),
       (750, 83, 92),
       (254, 42, 98),
       (66, 58, 85),
       (691, 48, 89),
       (517, 65, 2),
       (378, 82, 4),
       (535, 10, 46),
       (308, 86, 75),
       (523, 74, 15),
       (564, 65, 34),
       (661, 52, 48),
       (169, 65, 81),
       (364, 60, 87),
       (615, 99, 86),
       (388, 23, 48),
       (260, 38, 17),
       (839, 73, 2),
       (731, 88, 68),
       (722, 32, 52),
       (775, 14, 67),
       (700, 69, 28),
       (627, 89, 54),
       (724, 34, 81),
       (425, 73, 75),
       (909, 83, 23),
       (903, 90, 6),
       (812, 45, 32),
       (765, 35, 19),
       (756, 19, 93),
       (326, 75, 9),
       (862, 90, 89),
       (439, 14, 31),
       (912, 68, 14),
       (181, 59, 31),
       (507, 3, 82),
       (494, 6, 68),
       (631, 38, 13),
       (159, 55, 68),
       (279, 7, 85),
       (453, 26, 30),
       (489, 5, 34),
       (237, 8, 80),
       (435, 63, 13),
       (186, 40, 32),
       (548, 32, 16),
       (739, 74, 76),
       (486, 76, 22),
       (23, 5, 12),
       (242, 42, 47),
       (152, 32, 54),
       (515, 10, 82),
       (511, 41, 24),
       (575, 3, 26),
       (86, 85, 55),
       (515, 2, 22),
       (770, 62, 77),
       (225, 39, 73),
       (624, 4, 75),
       (862, 62, 94),
       (440, 75, 52),
       (125, 47, 18),
       (588, 15, 44),
       (591, 92, 80),
       (342, 22, 3),
       (903, 21, 1),
       (831, 2, 97),
       (567, 10, 57),
       (895, 14, 41),
       (248, 2, 56),
       (846, 5, 39),
       (258, 59, 30),
       (683, 21, 67),
       (372, 72, 31),
       (257, 43, 30),
       (725, 26, 44),
       (593, 71, 92),
       (399, 38, 67),
       (479, 67, 43),
       (110, 27, 52),
       (673, 85, 28),
       (817, 82, 92),
       (150, 56, 8),
       (863, 57, 51),
       (171, 61, 31),
       (405, 32, 11),
       (909, 21, 13),
       (98, 33, 77),
       (361, 56, 89),
       (28, 51, 86),
       (325, 94, 40),
       (896, 92, 56),
       (270, 70, 41),
       (423, 33, 57),
       (145, 7, 2),
       (542, 10, 96),
       (740, 4, 40),
       (324, 67, 100),
       (507, 29, 64),
       (815, 86, 4),
       (201, 10, 51),
       (445, 29, 86),
       (431, 34, 70),
       (18, 95, 51),
       (410, 91, 55),
       (562, 9, 71),
       (988, 32, 8),
       (626, 25, 48),
       (872, 84, 28),
       (237, 29, 14),
       (193, 26, 22),
       (577, 46, 40),
       (565, 73, 29),
       (424, 79, 40),
       (505, 5, 95),
       (818, 98, 7),
       (294, 31, 5),
       (125, 28, 12),
       (295, 40, 54),
       (318, 95, 38),
       (535, 56, 64),
       (613, 41, 29),
       (165, 20, 41),
       (113, 45, 89),
       (403, 1, 26),
       (889, 63, 68),
       (236, 1, 37),
       (637, 77, 36),
       (482, 75, 95),
       (201, 48, 71),
       (373, 63, 67),
       (77, 6, 17),
       (230, 60, 100),
       (137, 93, 4),
       (42, 48, 8),
       (291, 67, 63),
       (111, 41, 45),
       (992, 7, 96),
       (876, 68, 15),
       (366, 91, 19),
       (900, 28, 82),
       (12, 60, 20),
       (901, 84, 9),
       (817, 43, 40),
       (951, 66, 4),
       (527, 20, 32),
       (301, 40, 81),
       (845, 99, 96),
       (219, 23, 57),
       (981, 16, 16),
       (587, 66, 25),
       (20, 58, 34),
       (25, 19, 79),
       (664, 51, 11),
       (105, 71, 89),
       (587, 54, 97),
       (502, 66, 64),
       (54, 58, 75),
       (872, 55, 69),
       (792, 58, 77),
       (23, 63, 97),
       (865, 94, 34),
       (470, 88, 30),
       (820, 58, 8),
       (442, 9, 13),
       (96, 23, 80),
       (878, 2, 4),
       (876, 19, 30),
       (175, 27, 29),
       (152, 94, 16),
       (547, 47, 10),
       (105, 36, 62),
       (972, 36, 30),
       (582, 84, 56),
       (8, 7, 75),
       (128, 4, 90),
       (595, 69, 72),
       (257, 61, 54),
       (459, 28, 78),
       (471, 54, 15),
       (711, 54, 6),
       (821, 46, 83),
       (450, 52, 4),
       (438, 48, 71),
       (932, 95, 30),
       (4, 36, 25),
       (651, 83, 39),
       (357, 99, 81),
       (640, 72, 60),
       (320, 97, 52),
       (560, 66, 24),
       (134, 27, 70),
       (564, 35, 55),
       (79, 67, 21),
       (334, 43, 63),
       (416, 4, 33),
       (33, 62, 85),
       (887, 69, 100),
       (554, 27, 22),
       (983, 54, 2),
       (881, 71, 9),
       (58, 36, 12),
       (599, 24, 58),
       (566, 64, 83),
       (81, 85, 68),
       (156, 29, 12),
       (934, 12, 4),
       (390, 71, 15),
       (54, 75, 59),
       (506, 82, 2),
       (125, 72, 89),
       (432, 91, 51),
       (496, 3, 64),
       (429, 60, 78),
       (803, 89, 96),
       (872, 26, 51),
       (946, 95, 1),
       (904, 82, 7),
       (443, 78, 36),
       (412, 92, 85),
       (580, 83, 59),
       (312, 75, 87),
       (407, 15, 92),
       (121, 72, 52),
       (230, 95, 86),
       (768, 78, 12),
       (563, 44, 32),
       (238, 40, 79),
       (361, 60, 95),
       (356, 70, 34),
       (181, 29, 42),
       (265, 17, 71),
       (552, 11, 47),
       (445, 75, 25),
       (533, 23, 24),
       (79, 84, 26),
       (236, 68, 48),
       (14, 33, 93),
       (320, 13, 10),
       (302, 11, 80),
       (168, 15, 61),
       (378, 61, 54),
       (280, 11, 11),
       (360, 70, 63),
       (538, 20, 14),
       (122, 69, 20),
       (105, 1, 68),
       (684, 17, 99),
       (544, 98, 30),
       (486, 33, 15),
       (632, 32, 61),
       (126, 43, 5),
       (969, 76, 15),
       (774, 46, 65),
       (809, 71, 88),
       (522, 32, 2),
       (302, 8, 86),
       (127, 39, 92),
       (961, 60, 88),
       (39, 98, 15),
       (224, 64, 35),
       (719, 59, 71),
       (327, 25, 9),
       (81, 80, 73),
       (111, 71, 14),
       (863, 94, 90),
       (413, 81, 21),
       (591, 4, 53),
       (521, 86, 53),
       (375, 80, 69),
       (319, 87, 2),
       (738, 17, 51),
       (30, 99, 1),
       (793, 4, 15),
       (940, 11, 65),
       (126, 64, 80),
       (993, 40, 60),
       (916, 87, 17),
       (602, 83, 33),
       (545, 27, 96),
       (43, 29, 28),
       (227, 91, 24),
       (259, 87, 16),
       (821, 54, 33),
       (442, 34, 31),
       (492, 62, 20),
       (367, 49, 59),
       (862, 39, 78),
       (910, 76, 56),
       (641, 73, 71),
       (348, 51, 97),
       (609, 98, 72),
       (124, 78, 100),
       (681, 33, 33),
       (922, 3, 51),
       (326, 89, 7),
       (63, 45, 57),
       (423, 86, 74),
       (340, 3, 5),
       (98, 75, 15),
       (940, 92, 70),
       (716, 89, 42),
       (170, 99, 5),
       (855, 9, 90),
       (576, 9, 91),
       (317, 19, 15),
       (268, 51, 16),
       (214, 79, 29),
       (103, 16, 73),
       (893, 77, 61),
       (231, 34, 95),
       (602, 70, 35),
       (605, 75, 65),
       (133, 89, 10),
       (103, 73, 29),
       (178, 62, 56),
       (255, 3, 18),
       (624, 6, 37),
       (677, 10, 49),
       (773, 71, 57),
       (763, 36, 75),
       (410, 59, 47),
       (54, 82, 4),
       (369, 80, 81),
       (630, 62, 99),
       (9, 59, 40),
       (521, 5, 93),
       (979, 26, 65),
       (279, 87, 17),
       (252, 14, 35),
       (371, 38, 14),
       (827, 64, 41),
       (121, 92, 5),
       (115, 44, 39),
       (288, 77, 23),
       (980, 58, 4),
       (658, 33, 96),
       (877, 68, 9),
       (652, 84, 87),
       (405, 40, 90),
       (205, 55, 7),
       (691, 63, 47),
       (334, 60, 68),
       (518, 16, 44),
       (19, 4, 25),
       (690, 94, 86),
       (790, 76, 4),
       (474, 98, 95),
       (258, 72, 69),
       (285, 79, 72),
       (41, 57, 32),
       (264, 73, 10),
       (340, 59, 90),
       (507, 67, 59),
       (236, 27, 54),
       (656, 31, 40),
       (282, 92, 24),
       (404, 80, 43),
       (36, 54, 75),
       (763, 31, 28),
       (384, 46, 38),
       (584, 58, 29),
       (492, 80, 98),
       (672, 87, 34),
       (297, 51, 31),
       (270, 95, 89),
       (732, 78, 42),
       (711, 69, 16),
       (29, 26, 99),
       (139, 36, 27),
       (618, 28, 82),
       (18, 28, 54),
       (407, 36, 36),
       (342, 2, 15),
       (53, 8, 16),
       (588, 61, 78),
       (397, 85, 24),
       (330, 74, 57),
       (139, 76, 34),
       (410, 9, 14),
       (811, 33, 63),
       (554, 82, 6),
       (793, 39, 54),
       (929, 37, 34),
       (39, 37, 33),
       (702, 43, 73),
       (600, 12, 95),
       (692, 22, 93),
       (461, 42, 70),
       (322, 87, 43),
       (38, 24, 26),
       (250, 41, 80),
       (639, 63, 79),
       (695, 54, 79),
       (409, 22, 98),
       (561, 97, 6),
       (527, 31, 71),
       (906, 71, 69),
       (582, 36, 65),
       (168, 44, 74),
       (694, 3, 38),
       (756, 55, 50),
       (848, 43, 7),
       (658, 81, 75),
       (469, 27, 97),
       (122, 17, 54),
       (747, 91, 1),
       (533, 98, 8),
       (904, 65, 55),
       (426, 1, 4),
       (970, 24, 41),
       (621, 91, 60),
       (77, 64, 24),
       (431, 45, 57),
       (901, 41, 90),
       (840, 79, 53),
       (175, 65, 52),
       (169, 29, 85),
       (455, 81, 37),
       (630, 31, 8),
       (508, 56, 34),
       (240, 32, 11),
       (780, 81, 49),
       (887, 26, 43),
       (349, 69, 99),
       (484, 59, 34),
       (101, 49, 15),
       (160, 66, 31),
       (786, 33, 74),
       (779, 28, 85),
       (850, 43, 30),
       (384, 59, 60),
       (745, 71, 24),
       (483, 24, 21),
       (932, 34, 31),
       (833, 58, 76),
       (714, 81, 67),
       (905, 47, 67),
       (786, 78, 83),
       (921, 6, 31),
       (981, 97, 40),
       (982, 70, 95),
       (543, 42, 87),
       (30, 91, 25),
       (340, 4, 55),
       (653, 69, 26),
       (107, 43, 77),
       (879, 11, 54),
       (174, 42, 46),
       (465, 16, 37),
       (203, 2, 32),
       (48, 7, 58),
       (247, 4, 2),
       (610, 37, 5),
       (661, 57, 52),
       (487, 55, 73),
       (927, 23, 58),
       (988, 63, 12),
       (564, 70, 78),
       (485, 24, 80),
       (191, 61, 44),
       (552, 47, 31),
       (883, 60, 70),
       (414, 20, 34),
       (120, 17, 30),
       (300, 67, 95),
       (345, 29, 47),
       (391, 21, 33),
       (590, 21, 100),
       (942, 98, 98),
       (717, 89, 63),
       (749, 89, 45),
       (496, 12, 34),
       (316, 94, 16),
       (761, 1, 95),
       (967, 9, 90),
       (865, 55, 12),
       (116, 69, 77),
       (510, 73, 54),
       (522, 85, 12),
       (458, 5, 5),
       (228, 9, 25),
       (441, 88, 62),
       (354, 9, 19),
       (408, 60, 3),
       (321, 12, 99),
       (754, 44, 51),
       (207, 8, 38),
       (48, 54, 84),
       (84, 5, 88),
       (145, 52, 61),
       (234, 77, 71),
       (399, 83, 97),
       (595, 55, 31),
       (590, 29, 92),
       (823, 5, 27),
       (70, 21, 70),
       (761, 20, 23),
       (12, 12, 89),
       (696, 65, 80),
       (675, 7, 34),
       (492, 56, 57),
       (487, 95, 63),
       (612, 51, 70),
       (401, 64, 15),
       (927, 65, 95),
       (777, 62, 32),
       (346, 46, 81),
       (114, 51, 68),
       (900, 85, 83),
       (885, 17, 87),
       (328, 15, 63),
       (221, 9, 9),
       (860, 42, 38),
       (632, 19, 45),
       (68, 98, 16),
       (960, 72, 75),
       (307, 39, 29),
       (709, 32, 36),
       (732, 36, 26),
       (267, 87, 60),
       (268, 44, 84),
       (943, 64, 28),
       (472, 9, 49),
       (599, 32, 52),
       (747, 48, 74),
       (239, 43, 17),
       (350, 20, 44),
       (234, 64, 86),
       (318, 4, 16),
       (635, 33, 29),
       (332, 45, 14),
       (693, 27, 63),
       (210, 34, 38),
       (617, 12, 56),
       (561, 13, 22),
       (86, 34, 87),
       (519, 93, 38),
       (469, 15, 96),
       (265, 59, 71),
       (847, 6, 23),
       (826, 98, 39),
       (272, 51, 7),
       (55, 26, 18),
       (40, 31, 44),
       (170, 25, 87),
       (868, 30, 56),
       (424, 15, 96),
       (530, 77, 86),
       (243, 67, 79),
       (677, 32, 54),
       (104, 16, 19),
       (844, 3, 35),
       (382, 47, 27),
       (985, 10, 35),
       (755, 33, 93),
       (603, 94, 37),
       (305, 46, 17),
       (112, 54, 90),
       (884, 97, 46),
       (515, 24, 44),
       (522, 9, 40),
       (716, 62, 5),
       (834, 42, 66),
       (766, 4, 68),
       (793, 29, 93),
       (334, 98, 16),
       (683, 1, 4),
       (573, 62, 28),
       (594, 92, 81),
       (898, 10, 2),
       (912, 40, 58),
       (54, 44, 58),
       (335, 3, 15),
       (69, 66, 39),
       (341, 13, 100),
       (339, 13, 10),
       (168, 88, 24),
       (679, 13, 59),
       (730, 81, 41),
       (600, 57, 56),
       (187, 91, 1),
       (176, 69, 32),
       (636, 77, 78),
       (719, 93, 40),
       (531, 85, 79),
       (749, 78, 60),
       (309, 40, 44),
       (72, 40, 23),
       (56, 63, 67),
       (411, 31, 92),
       (243, 57, 35),
       (232, 81, 13),
       (180, 49, 68),
       (221, 22, 39),
       (336, 75, 96),
       (786, 59, 22),
       (167, 97, 9),
       (302, 89, 75),
       (404, 8, 70),
       (644, 69, 74),
       (655, 71, 42),
       (24, 93, 26),
       (370, 5, 35),
       (819, 42, 32),
       (58, 1, 64),
       (511, 12, 60),
       (44, 81, 67),
       (820, 68, 91),
       (686, 32, 27),
       (496, 77, 60),
       (358, 70, 60),
       (182, 90, 92),
       (77, 90, 78),
       (645, 54, 45),
       (953, 35, 53),
       (263, 39, 46),
       (872, 49, 50),
       (266, 84, 59),
       (519, 61, 65),
       (220, 34, 40),
       (400, 75, 16),
       (432, 85, 75);

INSERT INTO Teacher_Course_Season(teacher_ID, course_season_ID)
VALUES (59, 92),
       (74, 14),
       (34, 92),
       (42, 58),
       (32, 46),
       (91, 46),
       (30, 51),
       (77, 37),
       (100, 25),
       (60, 27),
       (8, 64),
       (41, 71),
       (31, 72),
       (69, 40),
       (18, 20),
       (13, 80),
       (15, 40),
       (71, 49),
       (57, 13),
       (81, 1),
       (83, 89),
       (34, 70),
       (31, 58),
       (84, 28),
       (90, 20),
       (71, 47),
       (36, 99),
       (73, 22),
       (1, 80),
       (73, 16),
       (23, 92),
       (60, 72),
       (36, 54),
       (49, 70),
       (64, 46),
       (60, 43),
       (96, 34),
       (51, 49),
       (26, 43),
       (40, 71),
       (45, 69),
       (37, 75),
       (25, 72),
       (37, 94),
       (90, 70),
       (91, 31),
       (49, 85),
       (78, 76),
       (6, 90),
       (5, 6),
       (14, 52),
       (4, 87),
       (63, 15),
       (55, 4),
       (97, 6),
       (69, 32),
       (94, 54),
       (52, 98),
       (11, 1),
       (51, 15),
       (61, 25),
       (59, 56),
       (46, 46),
       (84, 56),
       (72, 29),
       (65, 37),
       (47, 74),
       (5, 48),
       (11, 41),
       (73, 68),
       (100, 66),
       (44, 73),
       (53, 26),
       (45, 90),
       (23, 7),
       (89, 59),
       (56, 81),
       (86, 93),
       (67, 54),
       (6, 3),
       (86, 11),
       (60, 60),
       (68, 31),
       (67, 56),
       (73, 52),
       (40, 28),
       (9, 15),
       (17, 55),
       (45, 68),
       (40, 25),
       (54, 88),
       (61, 93),
       (43, 16),
       (88, 24),
       (56, 74),
       (6, 61),
       (31, 45),
       (83, 88),
       (87, 77),
       (89, 75),
       (33, 27),
       (69, 71),
       (52, 71),
       (14, 16),
       (42, 62),
       (41, 37),
       (10, 82),
       (86, 74),
       (53, 10),
       (87, 21),
       (80, 35),
       (30, 21),
       (62, 93),
       (35, 33),
       (48, 82),
       (74, 21),
       (92, 42),
       (75, 54),
       (72, 5),
       (99, 13),
       (52, 40),
       (91, 72),
       (85, 52),
       (55, 79),
       (28, 61),
       (7, 9),
       (80, 10),
       (75, 14),
       (43, 60),
       (16, 38),
       (63, 42),
       (47, 34),
       (38, 40),
       (13, 58),
       (49, 13),
       (23, 98),
       (78, 55),
       (26, 26),
       (96, 54),
       (62, 61),
       (81, 93),
       (3, 19),
       (91, 91),
       (93, 21),
       (83, 44),
       (16, 1),
       (83, 2),
       (16, 95),
       (21, 11),
       (12, 95),
       (56, 21),
       (38, 76),
       (43, 38),
       (50, 15),
       (70, 17),
       (58, 31),
       (30, 2),
       (94, 85),
       (15, 6),
       (20, 42),
       (48, 68),
       (74, 49),
       (69, 58),
       (9, 17),
       (54, 72),
       (56, 85),
       (83, 4),
       (49, 84),
       (73, 90),
       (49, 91),
       (56, 20),
       (25, 34),
       (65, 6),
       (11, 35),
       (99, 72),
       (93, 39),
       (68, 1),
       (28, 79),
       (95, 31),
       (84, 37),
       (84, 68),
       (46, 85),
       (36, 26),
       (28, 66),
       (27, 79),
       (91, 55),
       (94, 63),
       (93, 22),
       (66, 52);